desc: I1 cache:         65536 B, 64 B, 8-way associative
desc: D1 cache:         32768 B, 64 B, 8-way associative
desc: LL cache:         25165824 B, 64 B, 12-way associative
cmd: ./main_class
events: Ir I1mr ILmr Dr D1mr DLmr Dw D1mw DLmw 
fl=./csu/../csu/libc-start.c
fn=__libc_start_main@@GLIBC_2.34
128 2 1 1 2 1 0 0 0 0
134 3 0 0 1 1 0 0 0 0
135 7 0 0 3 1 0 2 0 0
138 1 0 0 1 1 0 0 0 0
139 2 1 1 0 0 0 0 0 0
142 3 0 0 2 1 0 0 0 0
143 2 0 0 2 0 0 0 0 0
144 21 0 0 5 0 0 1 0 0
145 12 1 1 3 1 0 6 0 0
242 13 1 1 0 0 0 7 0 0
311 3 0 0 0 0 0 0 0 0
312 3 0 0 0 0 0 1 0 0
337 6 1 1 2 1 0 1 0 0
340 2 0 0 0 0 0 0 0 0
343 2 0 0 2 0 0 0 0 0
350 2 0 0 1 0 0 1 0 0
352 2 0 0 0 0 0 0 0 0
360 4 0 0 1 0 0 1 0 0
fl=./csu/../sysdeps/nptl/libc_start_call_main.h
fn=(below main)
29 9 1 1 1 0 0 5 0 0
44 3 1 1 0 0 0 1 0 0
46 2 0 0 0 0 0 0 0 0
51 2 0 0 1 1 0 1 0 0
52 2 0 0 1 1 0 1 0 0
55 2 0 0 0 0 0 1 0 0
58 6 1 1 5 0 0 1 0 0
74 2 0 0 0 0 0 1 0 0
fl=./csu/./csu/init-first.c
fn=_init_first
46 6 1 1 0 0 0 2 0 0
51 2 0 0 1 0 0 0 0 0
55 5 1 1 4 2 1 0 0 0
61 1 0 0 0 0 0 1 1 0
62 1 0 0 0 0 0 1 0 0
63 2 0 0 1 1 0 1 1 1
71 2 0 0 0 0 0 0 0 0
72 3 0 0 2 0 0 0 0 0
fl=./ctype/./ctype/ctype-info.c
fn=__ctype_init
29 22 2 1 0 0 0 0 0 0
31 154 1 1 110 7 0 22 0 0
33 88 0 0 44 1 0 22 0 0
35 88 0 0 44 0 0 22 0 0
36 22 0 0 22 0 0 0 0 0
fl=./debug/../sysdeps/x86_64/multiarch/ifunc-memmove.h
fn=__memcpy_chk
56 2 0 0 0 0 0 0 0 0
57 3 1 1 2 0 0 0 0 0
60 3 0 0 1 0 0 0 0 0
61 2 1 1 0 0 0 0 0 0
74 2 0 0 0 0 0 0 0 0
77 2 0 0 0 0 0 0 0 0
85 2 0 0 0 0 0 0 0 0
93 2 1 1 0 0 0 0 0 0
96 5 2 2 1 0 0 0 0 0
fn=__memmove_chk
56 2 0 0 0 0 0 0 0 0
57 3 0 0 2 0 0 0 0 0
60 3 0 0 1 0 0 0 0 0
61 2 1 1 0 0 0 0 0 0
74 2 0 0 0 0 0 0 0 0
77 2 1 1 0 0 0 0 0 0
85 2 0 0 0 0 0 0 0 0
93 2 0 0 0 0 0 0 0 0
96 5 0 0 1 0 0 0 0 0
fn=__mempcpy_chk
56 2 0 0 0 0 0 0 0 0
57 3 1 1 2 0 0 0 0 0
60 3 0 0 1 0 0 0 0 0
61 2 1 1 0 0 0 0 0 0
74 2 0 0 0 0 0 0 0 0
77 2 0 0 0 0 0 0 0 0
85 2 0 0 0 0 0 0 0 0
93 2 1 1 0 0 0 0 0 0
96 5 2 2 1 0 0 0 0 0
fl=./debug/../sysdeps/x86_64/multiarch/ifunc-memset.h
fn=__memset_chk
54 5 0 0 2 0 0 0 0 0
57 3 0 0 1 0 0 0 0 0
58 2 1 1 0 0 0 0 0 0
64 2 1 1 0 0 0 0 0 0
73 2 0 0 0 0 0 0 0 0
75 2 0 0 0 0 0 0 0 0
85 2 0 0 0 0 0 0 0 0
93 2 0 0 0 0 0 0 0 0
96 5 0 0 1 0 0 0 0 0
fl=./debug/../sysdeps/x86_64/multiarch/memcpy_chk.c
fn=__memcpy_chk
29 1 1 1 0 0 0 0 0 0
fl=./debug/../sysdeps/x86_64/multiarch/memmove_chk.c
fn=__memmove_chk
29 1 0 0 0 0 0 0 0 0
fl=./debug/../sysdeps/x86_64/multiarch/mempcpy_chk.c
fn=__mempcpy_chk
29 1 1 1 0 0 0 0 0 0
fl=./debug/../sysdeps/x86_64/multiarch/memset_chk.c
fn=__memset_chk
29 1 0 0 0 0 0 0 0 0
fl=./debug/./debug/fprintf_chk.c
fn=__fprintf_chk
25 2760988 2 2 196994 0 0 988042 42 41
28 787976 0 0 0 0 0 0 0 0
32 1181964 1 1 0 0 0 787976 0 0
33 393988 0 0 0 0 0 196994 0 0
37 984970 1 1 787976 22 0 0 0 0
fl=./elf/../bits/stdlib-bsearch.h
fn=intel_check_word.constprop.0
27 96 0 0 0 0 0 0 0 0
28 48 0 0 0 0 0 0 0 0
29 744 0 0 0 0 0 0 0 0
31 648 0 0 0 0 0 0 0 0
32 348 0 0 0 0 0 0 0 0
35 264 0 0 0 0 0 0 0 0
37 120 1 1 0 0 0 0 0 0
fl=./elf/../elf/dl-tls.c
fn=_dl_add_to_slotinfo
1017 36 1 1 0 0 0 20 0 0
1023 4 0 0 4 0 0 0 0 0
1026 4 0 0 4 1 0 0 0 0
1027 4 0 0 0 0 0 0 0 0
1031 12 1 1 4 1 0 0 0 0
1065 8 0 0 0 0 0 0 0 0
1068 8 0 0 0 0 0 4 2 0
1069 12 0 0 4 0 0 4 0 0
1072 24 1 1 24 0 0 0 0 0
fn=_dl_allocate_tls
365 21 0 0 21 0 0 0 0 0
369 21 0 0 0 0 0 0 0 0
370 21 0 0 0 0 0 0 0 0
371 42 0 0 0 0 0 0 0 0
374 21 0 0 0 0 0 21 0 0
380 63 1 1 21 0 0 21 0 0
530 42 0 0 0 0 0 0 0 0
531 21 0 0 0 0 0 0 0 0
534 42 0 0 21 0 0 21 0 0
537 63 0 0 42 0 0 0 0 0
549 21 0 0 21 1 0 0 0 0
554 588 1 1 105 1 0 0 0 0
560 210 2 2 0 0 0 0 0 0
563 252 0 0 84 1 0 0 0 0
564 168 0 0 0 0 0 0 0 0
570 252 1 1 168 0 0 0 0 0
571 168 0 0 0 0 0 0 0 0
573 441 0 0 105 5 0 84 0 0
576 168 0 0 0 0 0 0 0 0
577 168 0 0 84 0 0 0 0 0
580 168 0 0 0 0 0 0 0 0
581 336 1 1 168 4 0 0 0 0
583 168 0 0 0 0 0 0 0 0
584 168 0 0 84 0 0 0 0 0
593 84 0 0 0 0 0 84 0 0
603 1092 0 0 252 0 0 420 0 0
609 252 0 0 252 0 0 0 0 0
615 42 0 0 21 0 0 21 0 0
618 21 0 0 0 0 0 21 0 0
620 21 0 0 21 0 0 0 0 0
626 210 2 2 0 0 0 147 0 0
627 42 0 0 0 0 0 0 0 0
630 168 0 0 147 0 0 0 0 0
fn=_dl_allocate_tls_init
523 11 1 1 0 0 0 8 0 0
524 2 0 0 0 0 0 0 0 0
528 2 0 0 1 1 0 1 0 0
531 1 0 0 0 0 0 0 0 0
534 2 1 1 1 1 0 1 0 0
537 3 0 0 2 1 0 0 0 0
549 1 0 0 1 0 0 0 0 0
554 32 1 1 5 1 0 1 0 0
560 11 1 1 0 0 0 0 0 0
563 12 0 0 4 1 0 0 0 0
564 8 0 0 0 0 0 0 0 0
570 12 1 1 8 0 0 0 0 0
571 8 0 0 0 0 0 0 0 0
573 31 0 0 12 5 0 4 2 2
576 8 0 0 0 0 0 0 0 0
577 8 0 0 4 0 0 0 0 0
580 8 1 1 0 0 0 0 0 0
581 16 0 0 8 4 0 0 0 0
583 8 0 0 0 0 0 0 0 0
584 8 0 0 4 0 0 0 0 0
593 4 0 0 0 0 0 4 0 0
601 8 0 0 4 0 0 0 0 0
603 40 0 0 8 0 0 12 0 0
609 4 0 0 4 0 0 0 0 0
615 2 0 0 1 0 0 1 0 0
618 2 0 0 1 0 0 1 0 0
621 9 0 0 8 0 0 0 0 0
fn=_dl_allocate_tls_storage
365 1 0 0 1 0 0 0 0 0
369 1 1 1 0 0 0 0 0 0
370 1 0 0 0 0 0 0 0 0
371 2 0 0 0 0 0 0 0 0
374 1 0 0 0 0 0 1 0 0
380 2 0 0 0 0 0 1 0 0
417 7 2 2 0 0 0 4 0 0
419 1 0 0 1 0 0 0 0 0
430 1 0 0 1 0 0 0 0 0
431 1 0 0 0 0 0 0 0 0
432 2 0 0 0 0 0 0 0 0
440 6 0 0 0 0 0 0 0 0
441 1 1 1 0 0 0 0 0 0
445 305 0 0 0 0 0 297 37 37
464 1 0 0 0 0 0 1 1 1
470 7 0 0 5 0 0 0 0 0
fn=_dl_assign_tls_modid
125 16 1 1 0 0 0 4 0 0
128 8 0 0 4 0 0 0 0 0
141 4 0 0 4 0 0 0 0 0
181 4 0 0 0 0 0 0 0 0
183 4 1 1 0 0 0 4 0 0
186 4 0 0 0 0 0 4 0 0
187 8 0 0 8 0 0 0 0 0
fn=_dl_count_modids
192 1 1 1 0 0 0 0 0 0
194 2 0 0 1 0 0 0 0 0
195 1 0 0 1 0 0 0 0 0
210 2 0 0 1 0 0 0 0 0
fn=_dl_determine_tlsoffset
216 9 1 1 0 0 0 6 0 0
217 1 0 0 0 0 0 0 0 0
218 1 0 0 0 0 0 0 0 0
219 1 0 0 0 0 0 0 0 0
222 4 0 0 1 0 0 1 0 0
225 2 0 0 1 0 0 0 0 0
259 1 0 0 0 0 0 0 0 0
261 32 1 1 9 0 0 0 0 0
263 11 1 1 5 0 0 1 0 0
265 12 1 1 4 1 0 0 0 0
266 8 0 0 4 0 0 0 0 0
268 8 0 0 0 0 0 0 0 0
270 20 0 0 4 0 0 0 0 0
272 8 1 1 0 0 0 0 0 0
275 2 0 0 0 0 0 0 0 0
277 1 0 0 0 0 0 0 0 0
281 5 0 0 0 0 0 4 0 0
282 1 0 0 0 0 0 0 0 0
286 24 0 0 0 0 0 0 0 0
288 6 0 0 0 0 0 0 0 0
289 3 0 0 0 0 0 0 0 0
291 1 0 0 0 0 0 0 0 0
292 2 0 0 0 0 0 0 0 0
294 3 0 0 0 0 0 0 0 0
301 1 0 0 0 0 0 1 0 0
302 7 1 1 1 0 0 0 0 0
304 2 0 0 0 0 0 1 0 0
354 1 0 0 0 0 0 1 0 0
355 8 0 0 7 0 0 0 0 0
fn=_dl_tls_static_surplus_init
83 3 0 0 0 0 0 0 0 0
97 8 1 1 0 0 0 4 0 0
100 6 0 0 1 0 0 1 0 0
101 5 0 0 1 0 0 1 0 0
102 3 0 0 0 0 0 0 0 0
104 4 1 1 0 0 0 0 0 0
107 1 0 0 0 0 0 0 0 0
109 1 0 0 0 0 0 1 0 0
111 3 0 0 0 0 0 1 1 0
112 6 0 0 5 0 0 0 0 0
fl=./elf/../include/list.h
fn=__tls_init_tp
43 2 1 1 1 1 0 1 0 0
44 2 0 0 0 0 0 1 0 0
45 1 0 0 0 0 0 1 0 0
47 1 0 0 0 0 0 1 0 0
fl=./elf/../include/rtld-malloc.h
fn=__minimal_calloc
56 19 0 0 19 0 0 0 0 0
fn=_dl_allocate_tls
44 42 0 0 21 1 0 21 0 0
fn=_dl_allocate_tls_storage
44 2 0 0 1 0 0 1 0 0
56 1 0 0 1 0 0 1 0 0
fn=_dl_check_map_versions
44 21 1 1 7 0 0 7 0 0
fn=_dl_find_object_init
56 2 0 0 1 0 0 1 0 0
fn=_dl_important_hwcaps
56 4 0 0 2 0 0 2 0 0
fn=_dl_init_paths
56 5 0 0 3 0 0 3 0 0
fn=_dl_map_object_deps
56 14 0 0 7 0 0 7 0 0
fn=_dl_new_object
44 21 0 0 7 0 0 7 0 0
56 18 1 1 6 0 0 6 0 0
fn=do_lookup_x
44 13 0 0 3 0 0 6 0 0
fn=fillin_rpath.isra.0
50 2 1 1 2 0 0 1 0 0
51 1 0 0 0 0 0 0 0 0
56 2 0 0 1 0 0 1 0 0
fn=init_tls
44 2 0 0 1 0 0 1 0 0
fl=./elf/../include/scratch_buffer.h
fn=_dl_map_object_deps
77 2 0 0 0 0 0 1 1 1
78 1 0 0 0 0 0 1 0 0
85 3 1 1 1 0 0 0 0 0
131 24 1 1 0 0 0 12 0 0
fl=./elf/../misc/sbrk.c
fn=sbrk
37 6 1 1 0 0 0 3 0 0
40 1 0 0 1 0 0 0 0 0
58 2 0 0 0 0 0 0 0 0
62 2 0 0 0 0 0 0 0 0
78 5 1 1 4 0 0 0 0 0
fl=./elf/../nptl/nptl-stack.h
fn=__libc_early_init
61 8 0 0 2 1 0 0 0 0
fl=./elf/../sysdeps/generic/_itoa.h
fn=_dl_check_map_versions
76 45 0 0 15 0 0 30 0 0
fl=./elf/../sysdeps/generic/dl-cache.h
fn=_dl_load_cache_lookup
125 5 1 1 5 0 0 0 0 0
194 1 0 0 1 0 0 0 0 0
195 5 0 0 0 0 0 0 0 0
fl=./elf/../sysdeps/generic/dl-call_tls_init_tp.h
fn=init_tls
31 8 0 0 0 0 0 2 0 0
33 1 0 0 0 0 0 1 0 0
fl=./elf/../sysdeps/generic/dl-debug.h
fn=dl_main
29 4 0 0 2 0 0 0 0 0
30 1 0 0 0 0 0 1 0 0
fl=./elf/../sysdeps/generic/dl-hash.h
fn=__rtld_malloc_init_real
43 1 0 0 0 0 0 0 0 0
44 1 0 0 0 0 0 0 0 0
45 19 0 0 6 1 1 0 0 0
48 18 0 0 0 0 0 0 0 0
62 24 0 0 0 0 0 0 0 0
67 1 0 0 0 0 0 0 0 0
72 1 0 0 0 0 0 1 0 0
fl=./elf/../sysdeps/generic/dl-new-hash.h
fn=_dl_lookup_symbol_x
69 1948 0 0 0 0 0 0 0 0
70 3896 0 0 0 0 0 0 0 0
74 41754 0 0 41754 1494 1238 0 0 0
77 83508 0 0 0 0 0 0 0 0
80 40778 0 0 40778 489 424 0 0 0
81 81556 0 0 0 0 0 0 0 0
87 972 2 1 0 0 0 0 0 0
88 972 0 0 0 0 0 0 0 0
89 1944 0 0 0 0 0 0 0 0
90 972 0 0 0 0 0 0 0 0
99 39806 0 0 0 0 0 0 0 0
101 39806 0 0 0 0 0 0 0 0
102 79612 0 0 0 0 0 0 0 0
104 39806 2 1 0 0 0 0 0 0
105 39806 0 0 0 0 0 0 0 0
fl=./elf/../sysdeps/generic/dl-protected.h
fn=do_lookup_x
29 7716 0 0 0 0 0 0 0 0
fl=./elf/../sysdeps/generic/ldsodefs.h
fn=_dl_relocate_object
79 70 1 1 34 1 0 0 0 0
140 10458 0 0 3486 0 0 0 0 0
fn=_dl_start
79 6 1 1 3 0 0 0 0 0
fn=do_lookup_x
139 3858 0 0 1929 0 0 0 0 0
140 5787 0 0 0 0 0 0 0 0
fl=./elf/../sysdeps/nptl/dl-mutex.c
fn=__rtld_mutex_init
30 7 1 1 0 0 0 4 0 0
37 1 0 0 1 0 0 0 0 0
40 7 0 0 0 0 0 1 0 0
44 2 1 1 0 0 0 0 0 0
45 9 0 0 3 0 0 1 0 0
47 6 0 0 0 0 0 1 0 0
51 2 1 1 0 0 0 0 0 0
52 7 0 0 3 0 0 1 0 0
53 6 0 0 5 0 0 0 0 0
fl=./elf/../sysdeps/nptl/dl-tls_init_tp.c
fn=__tls_init_tp
68 5 0 0 0 0 0 2 0 0
69 1 0 0 1 0 0 0 0 0
72 1 0 0 0 0 0 0 0 0
75 4 0 0 0 0 0 1 0 0
76 2 0 0 0 0 0 1 0 0
77 1 1 1 0 0 0 1 0 0
82 2 0 0 1 0 0 1 0 0
87 4 0 0 0 0 0 1 0 0
90 1 0 0 0 0 0 1 0 0
93 3 0 0 0 0 0 0 0 0
105 4 1 1 0 0 0 1 0 0
121 3 0 0 2 1 0 1 0 0
128 2 0 0 1 0 0 1 0 0
129 3 0 0 3 0 0 0 0 0
fn=__tls_pre_init_tp
53 3 1 1 0 0 0 0 0 0
56 10 1 1 0 0 0 3 1 1
61 2 0 0 0 0 0 1 0 0
62 1 1 1 0 0 0 1 0 0
64 1 0 0 1 0 0 0 0 0
fn=rtld_mutex_dummy
42 180 0 0 0 0 0 0 0 0
44 360 0 0 180 0 0 0 0 0
fl=./elf/../sysdeps/nptl/pthread_early_init.h
fn=__libc_early_init
33 6 0 0 0 0 0 1 0 0
34 1 0 0 1 0 0 0 0 0
38 5 1 1 0 0 0 0 0 0
45 2 0 0 2 1 0 0 0 0
46 1 1 1 0 0 0 0 0 0
48 2 0 0 0 0 0 0 0 0
52 5 0 0 0 0 0 1 0 0
53 1 0 0 0 0 0 1 1 1
54 1 0 0 0 0 0 1 1 1
56 1 0 0 0 0 0 1 0 0
fl=./elf/../sysdeps/posix/dl-fileid.h
fn=_dl_map_object_from_fd
37 24 0 0 0 0 0 6 1 1
40 24 0 0 18 0 0 6 0 0
49 84 0 0 42 1 1 0 0 0
fl=./elf/../sysdeps/unix/sysv/linux/brk.c
fn=brk
36 1 1 1 0 0 0 0 0 0
37 1 0 0 0 0 0 1 1 1
38 2 0 0 0 0 0 0 0 0
44 1 0 0 0 0 0 0 0 0
45 1 0 0 1 0 0 0 0 0
fl=./elf/../sysdeps/unix/sysv/linux/brk_call.h
fn=brk
24 2 0 0 0 0 0 0 0 0
fl=./elf/../sysdeps/unix/sysv/linux/dl-osinfo.h
fn=dl_main
39 2 0 0 1 1 0 0 0 0
52 1 0 0 1 0 0 0 0 0
fl=./elf/../sysdeps/unix/sysv/linux/dl-parse_auxv.h
fn=_dl_sysdep_parse_arguments
32 2 0 0 0 0 0 1 0 0
33 1 0 0 0 0 0 1 0 0
34 1 0 0 0 0 0 1 0 0
41 93 1 1 24 6 6 0 0 0
42 44 0 0 0 0 0 0 0 0
43 44 0 0 22 0 0 22 0 0
45 1 0 0 0 0 0 1 0 0
46 2 0 0 1 0 0 1 0 0
47 2 0 0 1 0 0 1 0 0
48 2 0 0 1 0 0 1 0 0
49 1 0 0 0 0 0 1 0 0
51 2 1 1 1 0 0 1 0 0
52 2 0 0 1 0 0 1 1 1
53 2 0 0 1 0 0 1 0 0
54 2 1 1 1 0 0 1 0 0
56 2 0 0 1 0 0 1 0 0
fl=./elf/../sysdeps/unix/sysv/linux/dl-sysdep.c
fn=_dl_sysdep_parse_arguments
78 7 1 1 0 0 0 4 1 1
79 2 0 0 1 0 0 1 1 1
80 2 0 0 0 0 0 1 0 0
81 3 0 0 0 0 0 1 1 1
82 62 0 0 0 0 0 0 0 0
83 127 1 1 63 8 8 0 0 0
86 2 1 1 0 0 0 1 1 1
90 56 0 0 0 0 0 52 6 6
93 5 0 0 3 0 0 1 0 0
94 2 0 0 1 0 0 1 0 0
95 3 1 1 2 0 0 1 0 0
96 6 0 0 5 0 0 0 0 0
fn=_dl_sysdep_start
102 6 1 1 0 0 0 2 1 1
103 1 0 0 0 0 0 1 0 0
106 2 0 0 0 0 0 1 0 0
110 2 0 0 1 0 0 1 0 0
113 1 0 0 0 0 0 1 0 0
115 2 0 0 0 0 0 1 0 0
122 3 1 1 1 0 0 0 0 0
123 2 0 0 0 0 0 2 0 0
125 5 0 0 0 0 0 1 0 0
137 3 0 0 1 0 0 0 0 0
140 5 1 1 3 0 0 1 0 0
143 4 0 0 4 1 0 0 0 0
fn=_dl_sysdep_start_cleanup
147 1 1 1 0 0 0 0 0 0
148 1 0 0 1 0 0 0 0 0
fl=./elf/../sysdeps/unix/sysv/linux/dl-vdso-setup.h
fn=dl_main
30 1 0 0 0 0 0 1 0 0
33 1 1 1 0 0 0 1 0 0
36 1 0 0 0 0 0 1 0 0
39 1 0 0 0 0 0 1 0 0
45 1 0 0 0 0 0 1 0 0
fl=./elf/../sysdeps/unix/sysv/linux/dl-vdso.h
fn=dl_main
40 2 1 1 1 0 0 0 0 0
41 5 0 0 0 0 0 2 0 0
55 2 0 0 0 0 0 0 0 0
fl=./elf/../sysdeps/unix/sysv/linux/rseq-internal.h
fn=__tls_init_tp
32 3 0 0 1 0 0 0 0 0
34 7 1 1 0 0 0 0 0 0
37 2 0 0 0 0 0 0 0 0
40 1 0 0 0 0 0 1 0 0
fl=./elf/../sysdeps/unix/sysv/linux/x86/dl-hwcap2.h
fn=update_active.constprop.0
25 2 0 0 1 0 0 0 0 0
fl=./elf/../sysdeps/unix/sysv/linux/x86/dl-minsigstacksize.h
fn=get_common_indices.constprop.0
24 2 2 2 1 0 0 0 0 0
27 2 0 0 1 0 0 0 0 0
28 2 0 0 1 0 0 0 0 0
65 3 0 0 0 0 0 0 0 0
72 1 0 0 0 0 0 0 0 0
74 1 0 0 0 0 0 1 0 0
fl=./elf/../sysdeps/x86/cpu-features.c
fn=get_common_indices.constprop.0
398 3 1 1 0 0 0 2 0 0
402 4 0 0 0 0 0 0 0 0
405 5 0 0 0 0 0 3 0 0
409 1 0 0 0 0 0 1 0 0
410 4 0 0 0 0 0 1 0 0
411 4 1 1 0 0 0 1 0 0
412 4 0 0 0 0 0 1 0 0
413 3 0 0 0 0 0 1 0 0
414 2 0 0 1 0 0 0 0 0
421 2 0 0 1 0 0 0 0 0
423 9 0 0 0 0 0 4 1 1
428 8 2 2 0 0 0 4 1 1
435 2 0 0 1 0 0 0 0 0
436 7 0 0 0 0 0 4 1 1
442 2 0 0 1 0 0 0 0 0
457 3 0 0 3 0 0 0 0 0
fn=init_cpu_features.constprop.0
376 3 0 0 0 0 0 0 0 0
377 2 0 0 0 0 0 0 0 0
378 6 0 0 0 0 0 4 0 0
383 2 1 1 0 0 0 0 0 0
384 6 1 1 0 0 0 4 0 0
389 2 0 0 0 0 0 0 0 0
390 7 1 1 0 0 0 4 0 0
682 8 1 1 0 0 0 6 0 0
685 1 0 0 0 0 0 1 0 0
686 1 1 1 0 0 0 1 0 0
687 1 0 0 0 0 0 1 0 0
690 1 0 0 0 0 0 1 1 1
699 3 0 0 0 0 0 1 0 0
702 6 1 1 0 0 0 0 0 0
703 1 0 0 0 0 0 0 0 0
706 2 0 0 0 0 0 1 0 0
708 6 2 2 0 0 0 1 0 0
713 1 0 0 0 0 0 1 0 0
715 3 0 0 1 0 0 0 0 0
717 9 2 2 3 1 1 1 0 0
721 7 0 0 1 1 1 0 0 0
774 3 0 0 2 0 0 0 0 0
781 2 1 1 0 0 0 1 0 0
799 1 1 1 0 0 0 1 0 0
832 2 0 0 0 0 0 0 0 0
866 4 1 1 0 0 0 0 0 0
869 2 0 0 0 0 0 1 0 0
870 1 1 1 0 0 0 0 0 0
878 2 1 1 1 0 0 0 0 0
885 2 0 0 1 0 0 0 0 0
887 2 0 0 0 0 0 1 0 0
891 2 0 0 0 0 0 0 0 0
897 2 0 0 1 0 0 0 0 0
899 1 1 1 0 0 0 0 0 0
1001 3 1 1 1 0 0 0 0 0
1002 2 0 0 0 0 0 1 0 0
1005 2 0 0 0 0 0 0 0 0
1006 2 0 0 0 0 0 1 0 0
1012 1 0 0 0 0 0 1 0 0
1013 1 0 0 0 0 0 1 0 0
1014 1 0 0 0 0 0 1 0 0
1015 2 1 1 1 0 0 1 0 0
1019 4 0 0 0 0 0 1 0 0
1022 4 0 0 0 0 0 1 0 0
1028 3 0 0 1 0 0 0 0 0
1041 2 0 0 0 0 0 0 0 0
1042 4 1 1 1 0 0 0 0 0
1081 1 0 0 0 0 0 1 0 0
1082 2 1 1 1 0 0 0 0 0
1086 3 0 0 1 0 0 0 0 0
1103 2 1 1 0 0 0 0 0 0
1104 2 0 0 0 0 0 0 0 0
1106 3 0 0 0 0 0 0 0 0
1107 2 0 0 1 0 0 0 0 0
1109 3 0 0 0 0 0 0 0 0
1110 2 0 0 0 0 0 0 0 0
1113 2 0 0 0 0 0 1 0 0
1127 4 0 0 0 0 0 1 0 0
1129 4 0 0 0 0 0 1 0 0
1135 4 0 0 0 0 0 1 0 0
1142 8 0 0 7 0 0 0 0 0
fn=update_active.constprop.0
72 8 2 2 0 0 0 6 0 0
76 1 0 0 1 0 0 0 0 0
84 3 1 1 1 0 0 0 0 0
85 3 0 0 0 0 0 0 0 0
86 1 0 0 1 0 0 0 0 0
94 4 0 0 1 0 0 1 0 0
95 1 0 0 1 0 0 0 0 0
103 4 0 0 1 0 0 1 0 0
104 1 0 0 1 0 0 0 0 0
109 4 0 0 0 0 0 1 0 0
112 4 0 0 1 0 0 1 0 0
113 1 0 0 1 0 0 0 0 0
116 5 1 1 1 0 0 2 1 1
117 2 1 1 1 0 0 1 0 0
121 5 0 0 1 0 0 2 0 0
122 3 0 0 2 0 0 0 0 0
123 3 1 1 2 0 0 0 0 0
124 2 0 0 1 0 0 1 0 0
128 5 0 0 1 0 0 1 0 0
129 5 1 1 2 0 0 1 0 0
130 3 0 0 2 1 1 0 0 0
132 2 0 0 0 0 0 0 0 0
133 4 0 0 0 0 0 1 0 0
147 2 0 0 0 0 0 0 0 0
151 7 2 2 0 0 0 4 1 1
152 4 0 0 0 0 0 1 0 0
154 3 0 0 0 0 0 0 0 0
158 4 1 1 0 0 0 1 0 0
161 1 0 0 0 0 0 0 0 0
164 2 0 0 0 0 0 0 0 0
166 2 0 0 0 0 0 1 0 0
170 1 0 0 0 0 0 0 0 0
171 1 1 1 1 1 1 0 0 0
178 4 1 1 1 0 0 1 0 0
180 5 0 0 1 0 0 1 0 0
186 4 0 0 0 0 0 1 0 0
188 5 1 1 2 0 0 1 0 0
190 4 0 0 0 0 0 2 0 0
195 5 0 0 0 0 0 1 0 0
244 3 0 0 1 0 0 0 0 0
245 3 0 0 1 0 0 0 0 0
261 4 1 1 0 0 0 0 0 0
277 2 0 0 0 0 0 0 0 0
281 2 0 0 0 0 0 1 0 0
282 1 1 1 1 0 0 0 0 0
285 4 0 0 1 0 0 1 0 0
289 2 0 0 0 0 0 0 0 0
293 3 1 1 0 0 0 0 0 0
294 2 0 0 0 0 0 0 0 0
296 1 0 0 0 0 0 0 0 0
297 1 0 0 0 0 0 0 0 0
300 2 0 0 0 0 0 1 0 0
302 1 0 0 0 0 0 1 0 0
305 2 0 0 0 0 0 0 0 0
356 5 1 1 0 0 0 0 0 0
360 3 1 1 1 0 0 0 0 0
369 1 0 0 0 0 0 1 0 0
370 8 0 0 7 0 0 0 0 0
fl=./elf/../sysdeps/x86/dl-cacheinfo.h
fn=get_common_cache_info.constprop.0
571 11 1 1 0 0 0 6 0 0
586 1 0 0 1 0 0 0 0 0
587 1 0 0 1 0 0 0 0 0
588 2 0 0 1 0 0 1 0 0
589 1 1 1 1 0 0 0 0 0
590 2 0 0 1 0 0 1 0 0
596 3 0 0 0 0 0 1 0 0
598 7 1 1 3 0 0 2 0 0
601 2 0 0 0 0 0 0 0 0
613 1 0 0 0 0 0 0 0 0
618 3 1 1 1 0 0 0 0 0
622 2 0 0 0 0 0 0 0 0
627 5 1 1 1 0 0 0 0 0
630 24 2 2 0 0 0 5 0 0
637 8 0 0 0 0 0 0 0 0
640 26 0 0 0 0 0 0 0 0
645 2 1 1 0 0 0 0 0 0
649 3 0 0 0 0 0 0 0 0
650 2 0 0 0 0 0 0 0 0
654 2 0 0 0 0 0 0 0 0
658 3 0 0 0 0 0 0 0 0
661 4 0 0 0 0 0 1 0 0
662 1 0 0 0 0 0 0 0 0
667 4 0 0 0 0 0 0 0 0
673 4 0 0 0 0 0 0 0 0
681 6 0 0 0 0 0 0 0 0
683 2 0 0 0 0 0 0 0 0
685 4 0 0 0 0 0 0 0 0
687 12 1 1 0 0 0 0 0 0
689 1 0 0 0 0 0 0 0 0
690 1 0 0 0 0 0 0 0 0
691 9 0 0 1 0 0 0 0 0
693 4 1 1 0 0 0 0 0 0
696 7 1 1 4 0 0 0 0 0
701 1 0 0 0 0 0 0 0 0
703 4 1 1 0 0 0 0 0 0
704 3 0 0 0 0 0 0 0 0
705 1 0 0 0 0 0 0 0 0
708 2 0 0 0 0 0 0 0 0
711 2 1 1 0 0 0 0 0 0
718 1 0 0 0 0 0 0 0 0
720 4 0 0 0 0 0 0 0 0
721 1 0 0 0 0 0 0 0 0
726 2 0 0 0 0 0 0 0 0
731 2 0 0 0 0 0 0 0 0
732 1 0 0 0 0 0 0 0 0
733 2 0 0 0 0 0 0 0 0
734 1 0 0 0 0 0 0 0 0
759 3 0 0 0 0 0 0 0 0
770 5 0 0 1 0 0 0 0 0
771 5 0 0 0 0 0 1 0 0
775 2 1 1 1 0 0 0 0 0
782 1 0 0 0 0 0 1 0 0
783 2 0 0 1 0 0 1 0 0
784 1 0 0 0 0 0 1 0 0
785 7 0 0 7 0 0 0 0 0
fn=handle_intel.constprop.0
250 108 0 0 0 0 0 72 0 0
255 24 1 1 12 0 0 0 0 0
261 12 0 0 0 0 0 12 0 0
262 12 0 0 0 0 0 12 0 0
267 48 0 0 0 0 0 12 0 0
271 24 0 0 0 0 0 0 0 0
276 24 1 1 0 0 0 0 0 0
279 60 0 0 0 0 0 12 0 0
281 24 0 0 0 0 0 0 0 0
284 60 1 1 0 0 0 12 0 0
286 24 0 0 0 0 0 0 0 0
305 96 0 0 84 0 0 0 0 0
fn=init_cpu_features.constprop.0
792 1 0 0 0 0 0 1 0 0
793 1 0 0 0 0 0 1 0 0
795 1 0 0 0 0 0 1 0 0
809 2 0 0 0 0 0 0 0 0
811 3 1 1 0 0 0 2 0 0
812 3 1 1 0 0 0 1 0 0
813 3 0 0 0 0 0 2 0 0
814 2 0 0 0 0 0 2 0 0
817 3 0 0 0 0 0 2 0 0
819 3 1 1 0 0 0 2 0 0
820 2 0 0 1 0 0 1 0 0
822 3 0 0 0 0 0 2 0 0
824 3 0 0 0 0 0 2 0 0
825 1 0 0 0 0 0 1 0 0
827 3 0 0 0 0 0 2 0 0
829 3 1 1 0 0 0 2 0 0
830 2 0 0 1 0 0 1 0 0
832 3 0 0 0 0 0 2 0 0
834 3 0 0 0 0 0 1 0 0
836 3 1 1 0 0 0 2 0 0
838 5 0 0 1 0 0 1 0 0
894 2 1 1 1 0 0 1 1 1
895 2 0 0 1 0 0 1 0 0
896 2 0 0 1 0 0 1 0 0
897 2 1 1 1 0 0 1 0 0
898 2 0 0 1 0 0 1 0 0
899 2 0 0 1 0 0 1 0 0
900 1 0 0 0 0 0 1 1 1
901 1 0 0 0 0 0 1 0 0
902 1 0 0 0 0 0 1 0 0
903 1 1 1 0 0 0 1 0 0
904 1 0 0 0 0 0 1 0 0
905 1 0 0 0 0 0 1 0 0
907 1 0 0 1 0 0 0 0 0
910 3 0 0 0 0 0 0 0 0
924 3 0 0 1 0 0 0 0 0
925 7 1 1 5 0 0 2 0 0
930 2 0 0 0 0 0 0 0 0
931 6 0 0 2 0 0 0 0 0
932 2 0 0 0 0 0 0 0 0
939 3 0 0 1 0 0 0 0 0
959 6 1 1 0 0 0 0 0 0
968 2 0 0 0 0 0 0 0 0
969 2 0 0 0 0 0 0 0 0
974 12 2 2 0 0 0 0 0 0
987 5 0 0 2 0 0 1 0 0
995 7 1 1 1 0 0 1 0 0
997 2 0 0 0 0 0 0 0 0
1000 5 0 0 1 0 0 1 0 0
1002 2 0 0 0 0 0 0 0 0
1005 5 1 1 1 0 0 1 0 0
1006 5 0 0 0 0 0 1 0 0
1010 6 0 0 1 0 0 2 0 0
1011 3 0 0 1 0 0 0 0 0
1017 7 0 0 1 0 0 3 0 0
1020 11 2 2 2 0 0 5 0 0
1021 10 1 1 2 0 0 5 0 0
1022 13 2 2 2 0 0 6 0 0
1025 10 0 0 1 0 0 5 0 0
1027 10 1 1 1 0 0 5 0 0
1040 4 0 0 3 0 0 0 0 0
1042 2 0 0 1 0 0 1 0 0
1043 2 1 1 1 0 0 1 0 0
1044 1 0 0 0 0 0 1 0 0
1045 1 0 0 0 0 0 1 0 0
1046 1 1 1 0 0 0 1 0 0
1047 1 0 0 0 0 0 1 0 0
fn=intel_check_word.constprop.0
110 648 1 1 324 6 6 0 0 0
113 324 0 0 0 0 0 0 0 0
119 216 0 0 0 0 0 96 0 0
123 48 1 1 0 0 0 0 0 0
125 12 0 0 0 0 0 0 0 0
129 120 1 1 0 0 0 0 0 0
131 144 0 0 0 0 0 0 0 0
133 60 0 0 0 0 0 0 0 0
135 120 0 0 0 0 0 0 0 0
143 120 1 1 0 0 0 0 0 0
152 12 0 0 0 0 0 0 0 0
155 138 1 1 0 0 0 0 0 0
158 99 0 0 0 0 0 0 0 0
162 58 0 0 0 0 0 0 0 0
164 189 1 1 0 0 0 0 0 0
167 120 0 0 0 0 0 0 0 0
168 72 0 0 0 0 0 0 0 0
169 60 0 0 0 0 0 0 0 0
170 48 0 0 0 0 0 0 0 0
172 11 1 1 0 0 0 0 0 0
174 22 0 0 0 0 0 0 0 0
176 12 1 1 0 0 0 0 0 0
177 16 0 0 0 0 0 0 0 0
178 12 0 0 0 0 0 0 0 0
179 20 0 0 0 0 0 0 0 0
180 14 1 1 0 0 0 0 0 0
181 12 0 0 0 0 0 0 0 0
183 8 0 0 0 0 0 0 0 0
184 12 0 0 0 0 0 0 0 0
187 21 0 0 0 0 0 0 0 0
190 2 0 0 0 0 0 0 0 0
194 192 0 0 0 0 0 0 0 0
202 168 1 1 48 0 0 0 0 0
216 48 0 0 0 0 0 0 0 0
246 144 0 0 120 0 0 0 0 0
fl=./elf/../sysdeps/x86/dl-get-cpu-features.c
fn=__x86_cpu_features
39 3 0 0 1 1 0 0 0 0
71 3 1 1 1 0 0 0 0 0
fn=_dl_x86_init_cpu_features
37 1 1 1 0 0 0 0 0 0
39 3 0 0 1 0 0 0 0 0
41 1 0 0 0 0 0 0 0 0
fl=./elf/../sysdeps/x86/dl-isa-level.h
fn=_dl_load_cache_lookup
28 30 0 0 10 0 0 10 0 0
fl=./elf/../sysdeps/x86/dl-procinfo.h
fn=_dl_load_cache_lookup
39 10 1 1 0 0 0 0 0 0
42 35 0 0 0 0 0 10 1 1
fl=./elf/../sysdeps/x86/dl-prop.h
fn=_dl_map_object_from_fd
149 24 0 0 12 0 0 0 0 0
fn=_dl_process_pt_gnu_property
95 40 1 1 0 0 0 0 0 0
102 20 0 0 0 0 0 0 0 0
115 20 0 0 0 0 0 0 0 0
118 10 0 0 10 2 2 0 0 0
252 6 1 1 0 0 0 0 0 0
253 3 0 0 0 0 0 3 0 0
254 14 0 0 0 0 0 0 0 0
255 7 0 0 0 0 0 7 0 0
257 40 0 0 10 0 0 10 0 0
258 4 0 0 4 0 0 0 0 0
260 10 0 0 3 0 0 0 0 0
fn=dl_main
36 2 0 0 2 0 0 0 0 0
37 27 1 1 0 0 0 0 0 0
40 11 0 0 11 0 0 0 0 0
49 46 1 1 15 0 0 0 0 0
53 38 0 0 8 1 0 0 0 0
71 2 0 0 1 0 0 1 0 0
149 4 0 0 2 0 0 0 0 0
235 4 1 1 4 0 0 0 0 0
236 2 0 0 2 0 0 0 0 0
fl=./elf/../sysdeps/x86/get-isa-level.h
fn=_dl_hwcaps_subdirs_active
30 4 0 0 0 0 0 0 0 0
31 1 0 0 1 0 0 0 0 0
32 3 0 0 1 0 0 0 0 0
36 3 0 0 0 0 0 0 0 0
39 4 1 1 1 0 0 0 0 0
40 4 0 0 1 0 0 0 0 0
45 4 0 0 0 0 0 0 0 0
48 2 0 0 0 0 0 0 0 0
51 5 0 0 1 0 0 0 0 0
53 4 1 1 0 0 0 0 0 0
54 2 0 0 0 0 0 0 0 0
55 2 0 0 0 0 0 0 0 0
58 4 0 0 0 0 0 0 0 0
fn=update_active.constprop.0
28 1 0 0 0 0 0 0 0 0
30 4 0 0 0 0 0 0 0 0
31 1 0 0 1 0 0 0 0 0
32 3 0 0 0 0 0 0 0 0
36 3 0 0 0 0 0 0 0 0
38 1 0 0 0 0 0 0 0 0
39 2 1 1 0 0 0 0 0 0
40 4 1 1 1 0 0 0 0 0
45 4 0 0 0 0 0 0 0 0
47 1 0 0 0 0 0 0 0 0
48 2 0 0 0 0 0 0 0 0
51 5 1 1 1 0 0 0 0 0
53 4 0 0 0 0 0 0 0 0
54 2 0 0 0 0 0 0 0 0
55 2 0 0 0 0 0 0 0 0
57 1 0 0 0 0 0 0 0 0
58 4 0 0 0 0 0 0 0 0
fl=./elf/../sysdeps/x86_64/dl-cet.c
fn=_dl_cet_check
145 2 0 0 1 1 0 0 0 0
157 2 0 0 1 0 0 0 0 0
173 1 1 1 0 0 0 0 0 0
179 1 0 0 0 0 0 1 0 0
275 2 0 0 0 0 0 0 0 0
276 1 0 0 0 0 0 1 0 0
277 2 0 0 1 0 0 0 0 0
282 4 0 0 1 0 0 1 0 0
283 3 0 0 0 0 0 1 0 0
285 2 0 0 1 0 0 1 0 0
293 5 1 1 1 0 0 0 0 0
296 1 0 0 0 0 0 1 0 0
300 2 0 0 0 0 0 0 0 0
301 1 0 0 0 0 0 1 0 0
302 2 0 0 0 0 0 0 0 0
303 2 1 1 0 0 0 0 0 0
304 2 0 0 0 0 0 1 0 0
305 2 0 0 0 0 0 0 0 0
308 1 0 0 0 0 0 1 0 0
310 1 0 0 0 0 0 1 0 0
313 2 0 0 0 0 0 0 0 0
361 8 1 1 0 0 0 4 0 0
363 6 0 0 5 0 0 0 0 0
fn=_dl_cet_setup_features
331 1 1 1 0 0 0 0 0 0
334 2 0 0 0 0 0 0 0 0
350 1 0 0 1 0 0 0 0 0
fl=./elf/../sysdeps/x86_64/dl-hwcaps-subdirs.c
fn=_dl_hwcaps_subdirs_active
29 1 1 1 0 0 0 0 0 0
38 3 0 0 0 0 0 0 0 0
43 1 0 0 0 0 0 0 0 0
48 1 0 0 0 0 0 0 0 0
52 1 0 0 1 0 0 0 0 0
fl=./elf/../sysdeps/x86_64/dl-irel.h
fn=_dl_fixup
32 1 1 1 0 0 0 1 0 0
fl=./elf/../sysdeps/x86_64/dl-machine.h
fn=_dl_fixup
234 79 0 0 0 0 0 79 0 0
fn=_dl_relocate_object
81 36 0 0 5 0 0 0 0 0
87 12 1 1 9 3 0 0 0 0
91 9 0 0 3 3 3 0 0 0
97 3 0 0 0 0 0 3 0 0
108 9 0 0 3 0 0 0 0 0
129 6 0 0 3 0 0 0 0 0
132 6 0 0 0 0 0 3 0 0
134 12 0 0 3 1 0 0 0 0
267 7012 2 2 0 0 0 0 0 0
274 7012 0 0 0 0 0 0 0 0
278 7012 0 0 0 0 0 0 0 0
287 28409 3 3 10665 6 1 0 0 0
290 7022 1 1 3467 0 0 0 0 0
291 136 0 0 0 0 0 0 0 0
292 13948 0 0 0 0 0 0 0 0
295 8 1 1 0 0 0 0 0 0
296 12 0 0 4 0 0 0 0 0
307 8 1 1 0 0 0 8 0 0
314 20 1 1 8 0 0 4 0 0
317 21036 1 1 3506 7 3 0 0 0
320 76 0 0 0 0 0 76 0 0
323 76 0 0 0 0 0 0 0 0
346 8 1 1 0 0 0 0 0 0
347 12 0 0 8 3 0 4 3 2
352 6 0 0 2 0 0 0 0 0
354 4 0 0 4 0 0 0 0 0
363 4 0 0 2 0 0 2 1 0
393 40 1 1 0 0 0 24 0 0
400 60 1 1 20 0 0 0 0 0
402 80 0 0 20 1 0 0 0 0
406 60 1 1 40 4 4 0 0 0
415 40 0 0 20 0 0 20 7 7
423 9714 1 1 6246 354 354 3468 1179 445
436 7 0 0 0 0 0 4 0 0
460 36 1 1 12 0 0 0 0 0
464 48 0 0 12 0 0 24 0 0
465 48 1 1 24 1 0 0 0 0
466 60 0 0 36 0 0 0 0 0
467 24 1 1 0 0 0 0 0 0
476 136 1 1 136 0 0 0 0 0
478 68 0 0 0 0 0 68 0 0
479 68 0 0 0 0 0 68 3 1
498 3333 0 0 1111 137 137 0 0 0
499 1111 0 0 0 0 0 1111 300 294
503 2222 0 0 0 0 0 0 0 0
504 2222 0 0 1111 139 139 0 0 0
514 2456 0 0 1228 0 0 0 0 0
518 2456 0 0 0 0 0 0 0 0
521 3684 0 0 1228 0 0 0 0 0
522 1228 0 0 1228 153 153 0 0 0
730 16 0 0 0 0 0 0 0 0
734 8 1 1 4 4 0 0 0 0
fn=_dl_start
55 1 0 0 0 0 0 0 0 0
278 9 0 0 0 0 0 0 0 0
287 27 0 0 9 3 3 1 0 0
290 6 0 0 3 0 0 0 0 0
291 12 0 0 0 0 0 0 0 0
317 8 0 0 0 0 0 0 0 0
323 2 0 0 0 0 0 2 1 1
fn=_dl_sysdep_start
220 1 0 0 0 0 0 1 0 0
fl=./elf/../sysdeps/x86_64/dl-runtime.h
fn=_dl_fixup
28 79 0 0 0 0 0 0 0 0
fl=./elf/../sysdeps/x86_64/dl-trampoline.h
fn=_dl_runtime_resolve_xsave
71 79 1 1 0 0 0 0 0 0
76 79 0 0 0 0 0 79 0 0
79 79 0 0 0 0 0 0 0 0
81 79 0 0 0 0 0 0 0 0
91 79 0 0 79 2 0 0 0 0
97 79 0 0 0 0 0 79 1 0
98 79 0 0 0 0 0 79 0 0
99 79 1 1 0 0 0 79 0 0
100 79 0 0 0 0 0 79 0 0
101 79 0 0 0 0 0 79 0 0
102 79 0 0 0 0 0 79 0 0
103 79 0 0 0 0 0 79 0 0
107 79 0 0 0 0 0 0 0 0
108 79 0 0 0 0 0 0 0 0
111 79 0 0 0 0 0 79 2 0
112 79 0 0 0 0 0 79 0 0
114 79 0 0 0 0 0 79 0 0
115 79 0 0 0 0 0 79 0 0
116 79 2 1 0 0 0 79 0 0
117 79 0 0 0 0 0 79 0 0
118 79 0 0 0 0 0 79 0 0
119 79 0 0 0 0 0 79 0 0
121 79 0 0 79 0 0 2607 14 1
128 79 0 0 79 0 0 0 0 0
129 79 0 0 79 0 0 0 0 0
130 79 0 0 0 0 0 79 3 0
131 79 0 0 0 0 0 0 0 0
136 79 0 0 0 0 0 0 0 0
137 79 0 0 0 0 0 0 0 0
138 79 0 0 2844 0 0 0 0 0
140 79 2 1 79 0 0 0 0 0
141 79 0 0 79 0 0 0 0 0
142 79 0 0 79 0 0 0 0 0
143 79 0 0 79 0 0 0 0 0
144 79 0 0 79 0 0 0 0 0
145 79 0 0 79 0 0 0 0 0
146 79 0 0 79 0 0 0 0 0
148 79 0 0 0 0 0 0 0 0
150 79 0 0 79 0 0 0 0 0
154 79 0 0 0 0 0 0 0 0
156 79 0 0 0 0 0 0 0 0
fl=./elf/../sysdeps/x86_64/tls_get_addr.S
fn=__tls_get_addr
29 2 1 1 0 0 0 0 0 0
30 2 0 0 2 0 0 0 0 0
31 2 0 0 2 1 0 0 0 0
33 2 0 0 2 1 0 0 0 0
34 2 0 0 0 0 0 0 0 0
35 2 0 0 2 1 0 0 0 0
38 2 0 0 0 0 0 0 0 0
39 2 1 1 2 0 0 0 0 0
43 2 0 0 0 0 0 0 0 0
44 2 0 0 0 0 0 0 0 0
45 2 0 0 2 0 0 0 0 0
46 2 0 0 2 0 0 0 0 0
fl=./elf/./dl-find_object.h
fn=_dl_find_object_from_map
95 16 1 1 8 3 0 8 2 1
96 16 1 1 8 0 0 8 0 0
97 8 0 0 0 0 0 8 3 3
103 40 0 0 16 7 0 0 0 0
104 232 0 0 0 0 0 0 0 0
105 160 1 1 80 67 8 0 0 0
107 24 0 0 16 4 0 8 0 0
112 8 0 0 8 0 0 0 0 0
fl=./elf/./dl-hwcaps.h
fn=_dl_important_hwcaps
43 9 1 1 0 0 0 6 0 0
45 7 0 0 0 0 0 6 0 0
46 1 0 0 0 0 0 0 0 0
77 8 0 0 3 0 0 5 0 0
78 8 1 1 3 0 0 5 0 0
79 7 2 2 0 0 0 2 0 0
fl=./elf/./dl-load.h
fn=_dl_map_object_from_fd
91 48 0 0 24 0 0 0 0 0
92 20 1 1 10 0 0 0 0 0
93 25 1 1 5 0 0 0 0 0
94 20 0 0 5 0 0 0 0 0
96 20 0 0 0 0 0 5 0 0
fl=./elf/./dl-main.h
fn=dl_main
109 5 1 1 4 0 0 1 0 0
fl=./elf/./dl-map-segments.h
fn=_dl_map_object_from_fd
28 18 0 0 6 0 0 0 0 0
29 54 1 1 18 0 0 12 0 0
81 6 0 0 6 0 0 0 0 0
101 6 0 0 0 0 0 6 0 0
102 18 0 0 6 0 0 0 0 0
105 18 0 0 6 0 0 6 0 0
106 12 0 0 0 0 0 6 0 0
108 12 1 1 6 0 0 0 0 0
125 6 1 1 6 0 0 0 0 0
135 144 1 1 24 0 0 0 0 0
137 72 0 0 36 0 0 0 0 0
139 180 0 0 72 0 0 18 0 0
149 96 0 0 48 0 0 0 0 0
155 12 1 1 6 0 0 0 0 0
156 6 0 0 0 0 0 0 0 0
157 18 0 0 6 0 0 0 0 0
158 12 0 0 0 0 0 0 0 0
160 12 0 0 0 0 0 0 0 0
165 12 0 0 0 0 0 0 0 0
168 18 0 0 6 0 0 0 0 0
176 42 0 0 6 0 0 12 0 0
182 12 0 0 0 0 0 0 0 0
186 16 2 2 2 0 0 2 0 0
189 4 0 0 0 0 0 0 0 0
194 24 1 1 0 0 0 0 0 0
fl=./elf/./dl-sym-post.h
fn=lookup_malloc_symbol
41 8 0 0 0 0 0 0 0 0
53 12 0 0 4 0 0 0 0 0
fl=./elf/./dl-tunable-types.h
fn=__GI___tunable_set_val
84 5 0 0 0 0 0 0 0 0
fl=./elf/./elf/dl-audit.c
fn=_dl_audit_activity_map
29 7 1 1 0 0 0 5 0 0
30 1 0 0 1 0 0 0 0 0
31 3 0 0 1 0 0 0 0 0
37 6 1 1 6 0 0 0 0 0
fn=_dl_audit_activity_nsid
41 3 2 1 0 0 0 0 0 0
45 12 0 0 3 1 0 0 0 0
46 3 0 0 3 1 0 0 0 0
47 15 2 1 3 0 0 0 0 0
fn=_dl_audit_objclose
97 8 1 1 0 0 0 0 0 0
98 32 0 0 16 0 0 0 0 0
fn=_dl_audit_objopen
77 6 1 1 0 0 0 0 0 0
78 24 0 0 12 0 0 0 0 0
fn=_dl_audit_preinit
118 1 1 1 0 0 0 0 0 0
119 4 0 0 2 1 0 0 0 0
fl=./elf/./elf/dl-cache.c
fn=_dl_cache_libcmp
357 112 1 1 0 0 0 0 0 0
358 670 1 1 56 0 0 0 0 0
360 906 0 0 0 0 0 0 0 0
362 312 1 1 0 0 0 0 0 0
368 20 0 0 0 0 0 0 0 0
369 15 0 0 0 0 0 0 0 0
370 266 0 0 251 0 0 0 0 0
372 266 0 0 251 2 2 0 0 0
374 10 0 0 0 0 0 0 0 0
380 594 0 0 0 0 0 0 0 0
382 594 0 0 0 0 0 0 0 0
383 153 1 1 51 0 0 0 0 0
386 246 0 0 0 0 0 0 0 0
387 246 0 0 0 0 0 0 0 0
390 71 0 0 61 40 40 0 0 0
fn=_dl_load_cache_lookup
191 102 0 0 0 0 0 0 0 0
205 5 0 0 5 0 0 0 0 0
208 40 2 2 5 0 0 15 0 0
210 50 0 0 15 0 0 15 0 0
211 10 1 1 0 0 0 0 0 0
213 25 0 0 0 0 0 5 0 0
220 117 0 0 5 0 0 0 0 0
222 305 1 1 10 0 0 15 0 0
223 102 0 0 51 32 32 0 0 0
227 153 1 1 51 0 0 0 0 0
231 153 0 0 51 0 0 51 0 0
232 102 0 0 0 0 0 0 0 0
240 20 0 0 0 0 0 0 0 0
242 10 0 0 5 0 0 0 0 0
245 10 0 0 0 0 0 0 0 0
247 30 0 0 0 0 0 5 0 0
249 5 0 0 0 0 0 0 0 0
259 10 0 0 5 0 0 0 0 0
269 15 1 1 10 0 0 0 0 0
270 20 0 0 5 0 0 0 0 0
286 35 1 1 0 0 0 0 0 0
295 10 0 0 5 0 0 0 0 0
298 10 0 0 5 0 0 0 0 0
301 5 0 0 0 0 0 0 0 0
302 15 1 1 5 0 0 0 0 0
330 10 0 0 0 0 0 5 0 0
346 46 0 0 0 0 0 0 0 0
347 23 1 1 0 0 0 0 0 0
349 23 0 0 0 0 0 0 0 0
403 50 1 1 0 0 0 35 0 0
405 10 0 0 5 0 0 0 0 0
408 15 1 1 5 0 0 0 0 0
411 5 1 1 0 0 0 1 0 0
419 5 1 1 1 0 0 0 0 0
420 8 1 1 3 1 1 0 0 0
423 6 1 1 0 0 0 0 0 0
424 1 0 0 1 0 0 0 0 0
431 1 1 1 0 0 0 1 0 0
432 2 0 0 0 0 0 1 0 0
477 12 0 0 4 0 0 0 0 0
482 15 0 0 5 0 0 0 0 0
485 15 0 0 5 0 0 5 0 0
500 10 0 0 5 0 0 0 0 0
512 15 0 0 5 0 0 5 0 0
513 75 1 1 5 0 0 0 0 0
514 20 1 1 5 0 0 5 0 0
515 5 0 0 0 0 0 5 0 0
516 40 0 0 35 0 0 0 0 0
fn=_dl_unload_cache
525 3 1 1 0 0 0 1 0 0
526 4 0 0 1 1 0 0 0 0
528 2 0 0 1 0 0 1 0 0
529 1 0 0 0 0 0 1 0 0
533 1 0 0 0 0 0 1 1 0
535 2 1 1 2 0 0 0 0 0
fl=./elf/./elf/dl-call-libc-early-init.c
fn=_dl_call_libc_early_init
27 7 1 1 0 0 0 3 0 0
29 2 0 0 0 0 0 0 0 0
33 5 0 0 0 0 0 1 0 0
37 2 0 0 0 0 0 0 0 0
39 4 1 1 3 0 0 0 0 0
40 2 0 0 0 0 0 0 0 0
41 3 0 0 3 0 0 0 0 0
fl=./elf/./elf/dl-call_fini.c
fn=_dl_call_fini
24 64 1 1 0 0 0 32 0 0
28 16 0 0 8 0 0 0 0 0
32 8 1 1 8 0 0 0 0 0
34 8 0 0 8 8 0 0 0 0
35 16 0 0 0 0 0 0 0 0
38 12 0 0 12 6 0 0 0 0
39 18 0 0 12 1 0 0 0 0
42 64 0 0 0 0 0 0 0 0
43 10 0 0 10 6 0 10 0 0
47 8 1 1 8 6 0 0 0 0
48 16 0 0 0 0 0 0 0 0
49 18 0 0 12 5 0 0 0 0
50 42 0 0 34 0 0 0 0 0
fl=./elf/./elf/dl-catch.c
fn=_dl_catch_error
254 12 1 1 0 0 0 4 0 0
256 2 0 0 0 0 0 1 0 0
257 2 0 0 1 0 0 1 0 0
258 2 0 0 1 0 0 1 0 0
259 2 0 0 1 0 0 1 0 0
261 6 1 1 5 0 0 0 0 0
fn=_dl_catch_exception
58 48 0 0 16 1 1 0 0 0
59 32 1 1 16 0 0 16 0 0
69 32 0 0 16 0 0 0 0 0
70 80 0 0 16 0 0 32 0 0
204 128 1 1 0 0 0 80 3 3
207 32 0 0 0 0 0 0 0 0
214 16 0 0 0 0 0 0 0 0
228 16 1 1 0 0 0 16 0 0
229 32 0 0 0 0 0 16 0 0
235 96 1 1 0 0 0 16 1 1
237 48 0 0 32 0 0 16 0 0
239 64 0 0 16 0 0 32 0 0
248 48 0 0 48 0 0 0 0 0
fn=_dl_receive_error
58 2 1 1 1 0 0 0 0 0
59 1 0 0 1 0 0 0 0 0
69 2 0 0 1 0 0 0 0 0
70 2 0 0 0 0 0 2 0 0
186 7 1 1 0 0 0 3 0 0
188 1 0 0 1 0 0 0 0 0
192 1 0 0 0 0 0 1 0 0
194 1 0 0 0 0 0 1 0 0
197 1 0 0 0 0 0 1 0 0
198 4 0 0 4 0 0 0 0 0
fl=./elf/./elf/dl-debug.c
fn=_dl_debug_initialize
56 3 1 1 0 0 0 0 0 0
57 1 1 1 0 0 0 0 0 0
59 2 0 0 0 0 0 0 0 0
61 2 0 0 0 0 0 0 0 0
63 3 0 0 1 1 1 0 0 0
64 1 0 0 0 0 0 1 0 0
85 3 0 0 1 0 0 0 0 0
90 3 1 1 1 1 1 1 0 0
91 2 0 0 0 0 0 1 0 0
92 1 0 0 0 0 0 1 0 0
95 3 0 0 2 0 0 0 0 0
96 6 1 1 1 0 0 1 0 0
99 2 0 0 0 0 0 0 0 0
107 2 0 0 1 0 0 0 0 0
fn=_dl_debug_state
116 2 1 1 0 0 0 0 0 0
117 2 0 0 2 0 0 0 0 0
fn=_dl_debug_update
38 7 0 0 0 0 0 0 0 0
40 14 0 0 0 0 0 0 0 0
41 7 0 0 0 0 0 0 0 0
44 14 1 1 7 1 0 0 0 0
48 7 0 0 7 0 0 0 0 0
fl=./elf/./elf/dl-deps.c
fn=_dl_map_object_deps
128 3 0 0 0 0 0 2 1 1
129 5 1 1 0 0 0 2 0 0
130 6 0 0 0 0 0 1 0 0
132 3 0 0 0 0 0 1 0 0
136 8 1 1 2 0 0 2 0 0
143 13 1 1 0 0 0 8 1 1
144 20 2 2 1 1 1 0 0 0
160 9 1 1 0 0 0 0 0 0
161 1 0 0 1 0 0 0 0 0
164 1 1 1 0 0 0 1 0 0
182 1 0 0 1 0 0 0 0 0
183 6 0 0 4 0 0 0 0 0
184 1 0 0 0 0 0 1 0 0
188 17 0 0 8 0 0 1 0 0
190 32 1 1 0 0 0 18 1 1
193 8 0 0 0 0 0 8 0 0
197 24 1 1 8 3 0 0 0 0
198 53 1 1 23 0 0 0 0 0
201 24 0 0 6 0 0 0 0 0
205 12 0 0 6 0 0 0 0 0
208 24 0 0 12 3 1 0 0 0
210 24 1 1 18 0 0 0 0 0
215 6 1 1 0 0 0 6 0 0
216 6 0 0 0 0 0 6 0 0
217 12 0 0 6 0 0 6 0 0
218 12 0 0 6 0 0 6 0 0
219 6 0 0 0 0 0 6 0 0
221 754 0 0 202 14 0 0 0 0
222 356 0 0 0 0 0 0 0 0
228 140 1 1 30 0 0 19 0 0
230 15 0 0 0 0 0 15 0 0
232 60 1 1 0 0 0 15 0 0
233 30 0 0 15 0 0 0 0 0
242 15 0 0 15 0 0 0 0 0
244 30 1 1 15 0 0 0 0 0
249 42 1 1 6 0 0 0 0 0
252 6 0 0 0 0 0 6 0 0
253 6 0 0 0 0 0 6 0 0
254 6 0 0 0 0 0 6 0 0
255 12 0 0 6 0 0 6 0 0
256 6 0 0 0 0 0 6 0 0
257 6 0 0 6 0 0 0 0 0
259 24 0 0 6 0 0 6 0 0
263 45 0 0 15 0 0 0 0 0
264 30 0 0 0 0 0 10 0 0
266 489 1 1 0 0 0 0 0 0
417 16 1 1 0 0 0 0 0 0
419 30 0 0 0 0 0 18 1 1
422 12 0 0 0 0 0 0 0 0
423 24 1 1 12 0 0 0 0 0
429 6 0 0 0 0 0 6 1 1
430 30 0 0 0 0 0 12 0 0
431 30 0 0 0 0 0 6 0 0
434 6 0 0 0 0 0 6 0 0
435 12 0 0 12 0 0 0 0 0
439 24 1 1 8 0 0 0 0 0
441 8 0 0 8 0 0 0 0 0
442 37 0 0 7 0 0 0 0 0
448 5 1 1 1 0 0 0 0 0
449 1 0 0 0 0 0 1 0 0
452 4 0 0 1 0 0 1 0 0
463 5 1 1 1 0 0 2 0 0
465 4 0 0 2 0 0 0 0 0
470 5 1 1 2 0 0 1 0 0
471 1 0 0 0 0 0 1 0 0
472 2 0 0 0 0 0 0 0 0
474 28 0 0 8 0 0 0 0 0
478 8 1 1 8 0 0 0 0 0
483 16 0 0 0 0 0 0 0 0
485 24 0 0 0 0 0 8 2 2
490 8 0 0 8 0 0 0 0 0
494 2 1 1 0 0 0 0 0 0
495 3 0 0 1 0 0 0 0 0
532 2 1 1 0 0 0 0 0 0
533 2 0 0 0 0 0 0 0 0
547 9 1 1 2 0 0 3 0 0
552 9 1 1 1 0 0 2 0 0
553 5 1 1 2 0 0 1 0 0
557 1 0 0 0 0 0 1 0 0
559 2 0 0 1 0 0 1 0 0
560 1 0 0 1 0 0 0 0 0
561 3 0 0 1 0 0 0 0 0
568 3 1 1 1 0 0 0 0 0
571 2 0 0 0 0 0 0 0 0
574 8 0 0 7 0 0 0 0 0
fn=openaux
61 90 0 0 0 0 0 30 0 0
64 165 0 0 60 0 0 30 0 0
65 15 0 0 15 0 0 0 0 0
68 15 1 1 15 0 0 0 0 0
69 45 0 0 45 0 0 0 0 0
fl=./elf/./elf/dl-environ.c
fn=_dl_next_ld_env_entry
28 3 1 1 0 0 0 0 0 0
29 3 0 0 3 0 0 0 0 0
32 190 0 0 64 0 0 0 0 0
34 124 0 0 62 0 0 0 0 0
35 18 0 0 9 0 0 0 0 0
37 2 0 0 0 0 0 0 0 0
40 4 0 0 0 0 0 2 0 0
42 2 0 0 2 0 0 0 0 0
45 60 0 0 0 0 0 0 0 0
fl=./elf/./elf/dl-find_object.c
fn=_dl_find_object_init
561 5 1 1 0 0 0 3 0 0
564 1 0 0 1 1 0 0 0 0
566 2 0 0 1 0 0 0 0 0
567 3 1 1 0 0 0 1 0 0
579 2 1 1 0 0 0 1 0 0
580 3 0 0 1 0 0 1 0 0
582 2 0 0 0 0 0 0 0 0
585 2 0 0 0 0 0 0 0 0
590 1 1 1 0 0 0 1 0 0
591 1 0 0 0 0 0 1 0 0
594 3 0 0 1 0 0 0 0 0
596 2 1 1 0 0 0 1 0 0
599 6 1 1 3 0 0 1 0 0
601 1 0 0 0 0 0 0 0 0
604 4 0 0 4 0 0 0 0 0
fn=_dlfo_process_initial
474 8 0 0 0 0 0 4 0 0
475 2 0 0 2 0 0 0 0 0
477 2 0 0 0 0 0 0 0 0
478 4 1 1 2 0 0 0 0 0
504 24 1 1 4 1 0 0 0 0
505 38 0 0 2 0 0 0 0 0
506 16 0 0 16 0 0 0 0 0
508 60 1 1 14 1 0 0 0 0
511 56 0 0 14 1 0 0 0 0
513 42 1 1 14 1 1 0 0 0
515 14 0 0 0 0 0 7 0 0
516 14 0 0 0 0 0 0 0 0
517 28 0 0 0 0 0 0 0 0
529 2 0 0 0 0 0 2 0 0
531 8 0 0 6 0 0 0 0 0
fn=_dlfo_sort_mappings
536 1 1 1 0 0 0 0 0 0
537 2 0 0 0 0 0 0 0 0
540 28 1 1 6 0 0 0 0 0
544 12 0 0 6 0 0 0 0 0
545 93 1 1 0 0 0 0 0 0
546 105 0 0 21 0 0 0 0 0
548 6 0 0 0 0 0 0 0 0
549 6 0 0 0 0 0 0 0 0
553 24 0 0 12 0 0 0 0 0
554 30 0 0 12 0 0 12 0 0
555 12 0 0 0 0 0 12 0 0
557 1 0 0 1 0 0 0 0 0
fl=./elf/./elf/dl-fini.c
fn=_dl_fini
26 11 1 1 0 0 0 7 1 0
43 1 0 0 0 0 0 0 0 0
46 13 1 1 1 1 0 0 0 0
49 2 0 0 1 1 0 1 0 0
51 1 1 1 1 1 0 0 0 0
54 2 0 0 0 0 0 0 0 0
56 5 0 0 2 1 0 0 0 0
61 1 0 0 0 0 0 1 0 0
63 4 0 0 0 0 0 2 0 0
68 18 3 3 2 0 0 0 0 0
73 28 0 0 9 1 0 0 0 0
75 16 0 0 8 8 0 0 0 0
77 16 0 0 0 0 0 0 0 0
79 16 0 0 0 0 0 8 1 0
80 8 0 0 0 0 0 8 8 0
81 8 0 0 0 0 0 0 0 0
85 8 1 1 8 7 0 0 0 0
87 6 0 0 0 0 0 0 0 0
88 6 0 0 0 0 0 0 0 0
94 6 1 1 0 0 0 2 0 0
103 2 0 0 1 0 0 1 0 0
108 46 1 1 17 0 0 0 0 0
110 8 0 0 8 0 0 0 0 0
112 16 0 0 8 0 0 0 0 0
114 32 1 1 0 0 0 24 0 0
117 16 0 0 0 0 0 8 0 0
122 8 0 0 8 0 0 0 0 0
126 5 0 0 1 0 0 1 0 0
132 6 0 0 2 0 0 1 0 0
134 1 0 0 0 0 0 0 0 0
138 2 0 0 1 0 0 0 0 0
145 8 0 0 7 0 0 0 0 0
fl=./elf/./elf/dl-hwcaps.c
fn=_dl_important_hwcaps
52 16 1 1 0 0 0 4 0 0
54 2 0 0 0 0 0 0 0 0
55 4 0 0 2 0 0 0 0 0
56 2 0 0 0 0 0 0 0 0
57 2 0 0 0 0 0 0 0 0
77 16 2 2 0 0 0 4 0 0
80 16 0 0 4 0 0 6 1 1
84 2 0 0 0 0 0 2 0 0
86 6 0 0 2 0 0 2 0 0
87 2 0 0 0 0 0 0 0 0
88 2 0 0 0 0 0 0 0 0
100 5 0 0 0 0 0 3 1 1
102 3 1 1 1 0 0 0 0 0
105 1 0 0 0 0 0 1 0 0
108 1 0 0 0 0 0 0 0 0
112 5 1 1 0 0 0 2 0 0
125 12 0 0 0 0 0 3 0 0
127 10 0 0 4 0 0 2 1 1
128 4 0 0 2 0 0 2 0 0
129 4 0 0 0 0 0 2 0 0
130 2 0 0 0 0 0 0 0 0
133 3 1 1 1 0 0 0 0 0
142 13 0 0 7 0 0 1 0 0
143 11 0 0 0 0 0 1 0 0
145 8 1 1 1 0 0 5 0 0
151 5 1 1 2 0 0 0 0 0
155 4 1 1 2 0 0 1 0 0
156 3 0 0 1 0 0 0 0 0
157 3 0 0 0 0 0 0 0 0
161 1 0 0 1 0 0 0 0 0
162 2 0 0 1 0 0 1 0 0
163 2 0 0 0 0 0 2 0 0
172 14 2 2 0 0 0 9 1 1
174 2 0 0 0 0 0 2 1 1
175 3 0 0 0 0 0 0 0 0
185 2 1 1 0 0 0 1 0 0
186 3 0 0 0 0 0 0 0 0
189 3 0 0 1 0 0 1 1 1
193 2 0 0 1 0 0 0 0 0
194 2 0 0 0 0 0 0 0 0
201 1 0 0 0 0 0 0 0 0
202 5 0 0 2 0 0 1 0 0
208 2 0 0 1 0 0 1 0 0
209 1 0 0 0 0 0 1 0 0
213 3 1 1 2 0 0 1 0 0
216 9 0 0 7 0 0 0 0 0
fl=./elf/./elf/dl-hwcaps_split.c
fn=_dl_hwcaps_split
25 5 1 1 0 0 0 3 0 0
26 3 0 0 1 0 0 0 0 0
27 1 0 0 0 0 0 0 0 0
47 4 1 1 4 0 0 0 0 0
fn=_dl_hwcaps_split_masked
26 44 1 1 11 0 0 0 0 0
30 24 1 1 12 0 0 12 0 0
34 78 1 1 18 1 1 0 0 0
35 12 0 0 0 0 0 6 0 0
36 24 0 0 0 0 0 0 0 0
41 36 0 0 0 0 0 9 0 0
42 18 0 0 0 0 0 0 0 0
43 12 1 1 0 0 0 3 0 0
45 6 0 0 0 0 0 0 0 0
51 110 1 1 0 0 0 66 1 1
55 5 0 0 0 0 0 0 0 0
56 18 0 0 9 0 0 9 0 0
57 27 0 0 0 0 0 9 0 0
58 24 0 0 6 0 0 0 0 0
60 6 0 0 0 0 0 0 0 0
62 88 1 1 77 0 0 0 0 0
67 12 0 0 0 0 0 0 0 0
fl=./elf/./elf/dl-init.c
fn=_dl_init
29 18 1 1 9 0 0 0 0 0
35 45 1 1 9 0 0 0 0 0
37 46 1 1 1 0 0 2 1 0
81 13 1 1 0 0 0 6 0 0
82 1 0 0 1 1 0 0 0 0
83 1 0 0 1 0 0 0 0 0
86 3 0 0 1 0 0 0 0 0
89 2 0 0 0 0 0 1 0 0
94 4 1 1 0 0 0 0 0 0
119 1 0 0 1 0 0 0 0 0
120 36 0 0 0 0 0 7 0 0
121 16 0 0 16 4 0 0 0 0
127 8 0 0 7 1 0 0 0 0
fn=call_init.part.0
26 96 2 2 0 0 0 48 0 0
43 24 0 0 8 0 0 8 0 0
46 24 0 0 16 9 0 0 0 0
47 2 1 1 0 0 0 0 0 0
51 14 0 0 7 0 0 0 0 0
59 21 1 1 7 5 0 0 0 0
60 30 0 0 10 5 0 5 0 0
63 7 0 0 7 6 0 0 0 0
64 14 0 0 0 0 0 0 0 0
70 18 0 0 12 5 0 0 0 0
72 12 0 0 12 0 0 0 0 0
73 134 1 1 0 0 0 0 0 0
74 104 0 0 26 7 0 26 0 0
76 64 0 0 56 2 0 0 0 0
fl=./elf/./elf/dl-load.c
fn=_dl_dst_count
238 135 1 1 0 0 0 90 1 1
241 30 0 0 0 0 0 15 0 0
244 30 0 0 0 0 0 0 0 0
245 15 0 0 0 0 0 0 0 0
264 135 1 1 105 0 0 0 0 0
fn=_dl_init_paths
706 13 2 2 0 0 0 8 0 0
720 4 0 0 0 0 0 2 1 1
725 1 0 0 0 0 0 1 0 0
727 3 1 1 0 0 0 0 0 0
734 3 0 0 0 0 0 0 0 0
735 2 0 0 1 0 0 0 0 0
739 4 0 0 0 0 0 1 1 1
741 4 1 1 2 0 0 0 0 0
747 1 0 0 0 0 0 1 0 0
748 1 0 0 0 0 0 1 0 0
756 8 1 1 0 0 0 4 0 0
758 8 0 0 0 0 0 4 2 2
759 4 0 0 0 0 0 4 0 0
761 5 0 0 0 0 0 4 1 1
762 7 0 0 3 1 1 4 1 1
763 4 0 0 0 0 0 0 0 0
766 13 0 0 3 1 1 0 0 0
767 10 1 1 1 0 0 1 0 0
768 18 0 0 4 0 0 5 0 0
770 32 2 2 6 0 0 5 0 0
776 1 0 0 0 0 0 1 0 0
777 1 0 0 0 0 0 1 0 0
782 1 0 0 1 0 0 0 0 0
785 3 0 0 0 0 0 0 0 0
787 4 1 1 1 0 0 0 0 0
789 3 0 0 1 0 0 0 0 0
806 1 0 0 0 0 0 1 0 0
808 3 1 1 1 0 0 0 0 0
822 2 1 1 0 0 0 1 0 0
825 5 1 1 2 0 0 0 0 0
827 23 4 4 2 0 0 2 0 0
831 2 0 0 0 0 0 0 0 0
832 60 1 1 15 0 0 0 0 0
833 14 0 0 0 0 0 0 0 0
834 28 0 0 0 0 0 0 0 0
836 1 0 0 0 0 0 1 0 0
837 1 0 0 0 0 0 0 0 0
838 2 0 0 0 0 0 0 0 0
844 6 0 0 1 0 0 1 0 0
847 3 0 0 2 0 0 0 0 0
853 1 0 0 0 0 0 1 0 0
857 8 0 0 7 0 0 0 0 0
fn=_dl_map_object
682 50 3 3 15 0 0 0 0 0
696 25 1 1 0 0 0 15 0 0
1967 192 2 2 0 0 0 144 5 5
1969 6 0 0 0 0 0 6 0 0
1975 32 0 0 0 0 0 0 0 0
1976 64 0 0 16 1 1 0 0 0
1979 383 1 1 85 0 0 32 0 0
1984 553 1 1 158 0 0 0 0 0
1986 395 0 0 0 0 0 79 2 2
1990 138 0 0 69 0 0 0 0 0
1991 207 0 0 69 0 0 0 0 0
1994 210 0 0 126 2 0 0 0 0
1995 126 1 1 42 0 0 0 0 0
1996 210 0 0 0 0 0 42 0 0
2010 24 1 1 6 0 0 0 0 0
2011 18 0 0 6 0 0 6 0 0
2019 18 0 0 6 0 0 0 0 0
2034 6 0 0 0 0 0 6 0 0
2036 30 0 0 0 0 0 6 0 0
2040 20 2 2 0 0 0 10 0 0
2042 10 0 0 5 0 0 0 0 0
2049 20 0 0 5 0 0 0 0 0
2053 5 1 1 5 0 0 0 0 0
2054 5 0 0 0 0 0 5 0 0
2058 15 1 1 5 0 0 0 0 0
2059 5 0 0 0 0 0 0 0 0
2073 25 2 2 20 0 0 0 0 0
2074 35 2 2 10 0 0 0 0 0
2075 5 0 0 0 0 0 0 0 0
2084 10 1 1 0 0 0 0 0 0
2099 10 1 1 5 0 0 0 0 0
2100 80 1 1 10 0 0 20 0 0
2106 15 1 1 0 0 0 0 0 0
2107 5 0 0 0 0 0 0 0 0
2115 5 1 1 0 0 0 5 0 0
2129 10 0 0 5 0 0 0 0 0
2131 15 0 0 5 0 0 0 0 0
2135 15 1 1 0 0 0 5 0 0
2137 10 0 0 0 0 0 0 0 0
2141 10 0 0 0 0 0 0 0 0
2149 10 0 0 5 0 0 0 0 0
2172 45 1 1 0 0 0 10 0 0
2176 15 0 0 5 0 0 0 0 0
2177 5 0 0 0 0 0 5 0 0
2194 10 0 0 5 0 0 0 0 0
2200 1 0 0 0 0 0 1 0 0
2201 4 0 0 0 0 0 1 0 0
2202 2 1 1 0 0 0 0 0 0
2203 2 0 0 0 0 0 0 0 0
2207 9 1 1 0 0 0 2 0 0
2210 3 0 0 1 0 0 0 0 0
2222 24 0 0 6 0 0 0 0 0
2267 12 0 0 6 0 0 6 0 0
2268 106 1 1 23 0 0 30 0 0
2270 150 1 1 118 0 0 0 0 0
fn=_dl_map_object_from_fd
944 84 2 2 0 0 0 60 2 2
959 24 0 0 6 0 0 6 0 0
989 123 1 1 39 0 0 0 0 0
990 54 1 1 27 0 0 0 0 0
1008 12 1 1 6 0 0 0 0 0
1036 24 1 1 6 0 0 6 0 0
1046 12 0 0 6 0 0 0 0 0
1053 48 1 1 30 0 0 6 0 0
1054 12 0 0 0 0 0 0 0 0
1065 12 0 0 6 0 0 6 6 6
1066 18 0 0 6 0 0 6 0 0
1067 12 0 0 6 0 0 6 0 0
1069 18 0 0 0 0 0 0 0 0
1070 24 1 1 12 0 0 0 0 0
1071 10 0 0 0 0 0 5 0 0
1074 17 2 2 1 0 0 1 0 0
1075 6 0 0 1 0 0 1 0 0
1086 6 0 0 0 0 0 6 0 0
1088 6 0 0 0 0 0 6 0 0
1090 132 2 2 12 0 0 6 0 0
1091 6 0 0 0 0 0 0 0 0
1092 6 0 0 0 0 0 6 0 0
1093 6 0 0 0 0 0 6 0 0
1094 6 0 0 0 0 0 0 0 0
1100 252 0 0 12 0 0 0 0 0
1101 606 3 3 72 11 11 0 0 0
1107 12 1 1 6 2 2 0 0 0
1114 16 0 0 10 0 0 6 0 0
1115 18 0 0 6 0 0 6 0 0
1116 60 1 1 12 0 0 6 0 0
1121 2 0 0 1 1 1 1 0 0
1122 1 0 0 0 0 0 0 0 0
1127 186 0 0 78 2 2 6 0 0
1135 120 1 1 24 0 0 0 0 0
1136 156 1 1 0 0 0 24 4 4
1137 120 1 1 24 0 0 24 0 0
1138 24 0 0 0 0 0 24 0 0
1139 48 0 0 24 1 1 24 4 4
1141 168 0 0 24 1 1 0 0 0
1143 48 0 0 0 0 0 24 5 5
1156 48 0 0 0 0 0 0 0 0
1157 90 0 0 36 0 0 18 0 0
1162 24 0 0 0 0 0 0 0 0
1163 246 0 0 48 0 0 48 0 0
1176 12 1 1 4 0 0 0 0 0
1180 16 0 0 0 0 0 4 4 4
1181 4 0 0 4 1 1 0 0 0
1185 20 0 0 0 0 0 4 2 2
1186 8 1 1 4 0 0 4 0 0
1189 4 0 0 0 0 0 4 2 2
1194 16 0 0 4 0 0 0 0 0
1209 12 1 1 6 0 0 6 0 0
1210 6 0 0 0 0 0 0 0 0
1213 18 0 0 12 1 1 6 2 2
1218 42 1 1 30 0 0 0 0 0
1228 114 1 1 0 0 0 0 0 0
1229 48 0 0 0 0 0 24 0 0
1235 12 0 0 0 0 0 0 0 0
1245 24 0 0 12 0 0 0 0 0
1252 42 1 1 18 0 0 6 0 0
1264 6 1 1 0 0 0 0 0 0
1268 24 1 1 12 0 0 0 0 0
1269 18 0 0 6 0 0 6 0 0
1275 18 1 1 3 0 0 0 0 0
1276 12 1 1 0 0 0 0 0 0
1278 12 0 0 0 0 0 0 0 0
1288 18 0 0 6 0 0 0 0 0
1307 18 0 0 6 0 0 6 0 0
1309 36 1 1 12 0 0 0 0 0
1361 18 0 0 6 2 2 0 0 0
1362 8 0 0 4 0 0 4 0 0
1368 204 1 1 18 0 0 0 0 0
1369 336 1 1 72 60 60 0 0 0
1375 96 0 0 0 0 0 6 0 0
1380 24 1 1 6 0 0 6 0 0
1393 12 1 1 6 0 0 0 0 0
1395 24 0 0 12 0 0 6 0 0
1397 12 0 0 6 0 0 0 0 0
1413 12 0 0 0 0 0 6 0 0
1417 12 0 0 6 0 0 0 0 0
1418 12 1 1 6 0 0 0 0 0
1435 12 0 0 6 0 0 0 0 0
1436 1 0 0 0 0 0 1 0 0
1439 12 0 0 6 0 0 6 0 0
1444 12 0 0 6 0 0 0 0 0
1449 12 0 0 6 0 0 0 0 0
1461 48 1 1 18 0 0 0 0 0
1462 18 1 1 6 0 0 0 0 0
1463 45 0 0 15 0 0 5 0 0
1464 15 0 0 5 0 0 0 0 0
1465 5 0 0 1 0 0 1 0 0
1471 12 0 0 6 0 0 0 0 0
1472 16 0 0 4 0 0 0 0 0
1477 8 0 0 0 0 0 4 0 0
1484 18 1 1 6 0 0 6 0 0
1487 12 0 0 6 0 0 0 0 0
1491 18 0 0 6 0 0 6 0 0
1492 18 0 0 6 0 0 0 0 0
1510 12 1 1 0 0 0 0 0 0
1514 42 1 1 18 0 0 0 0 0
1515 24 1 1 6 0 0 6 0 0
1519 54 1 1 42 0 0 0 0 0
fn=_dl_process_pt_gnu_property
868 21 1 1 0 0 0 0 0 0
869 14 0 0 14 0 0 0 0 0
870 7 0 0 7 0 0 0 0 0
876 14 0 0 7 0 0 0 0 0
882 35 0 0 0 0 0 0 0 0
885 21 1 1 7 6 6 0 0 0
886 14 0 0 7 1 1 0 0 0
887 14 0 0 7 0 0 0 0 0
890 21 0 0 7 0 0 0 0 0
891 21 1 1 0 0 0 0 0 0
895 7 0 0 0 0 0 0 0 0
896 14 0 0 0 0 0 0 0 0
900 20 1 1 10 0 0 0 0 0
901 10 0 0 10 0 0 0 0 0
904 20 0 0 0 0 0 0 0 0
907 10 0 0 0 0 0 0 0 0
908 40 0 0 0 0 0 0 0 0
918 21 0 0 0 0 0 0 0 0
920 28 0 0 0 0 0 0 0 0
fn=expand_dynamic_string_token
241 6 0 0 0 0 0 2 0 0
244 4 0 0 0 0 0 0 0 0
385 20 1 1 0 0 0 12 0 0
399 4 0 0 0 0 0 0 0 0
410 14 1 1 12 0 0 0 0 0
fn=fillin_rpath.isra.0
468 17 2 2 0 0 0 12 0 0
472 1 0 0 0 0 0 0 0 0
474 12 1 1 4 0 0 2 0 0
481 2 0 0 1 0 0 0 0 0
483 6 0 0 1 0 0 2 0 0
487 2 0 0 0 0 0 0 0 0
492 3 0 0 0 0 0 1 0 0
493 2 0 0 0 0 0 0 0 0
500 5 1 1 1 0 0 0 0 0
505 2 1 1 0 0 0 1 0 0
509 15 0 0 5 0 0 0 0 0
510 8 1 1 4 0 0 0 0 0
528 4 1 1 1 0 0 1 0 0
532 4 0 0 2 0 0 0 0 0
534 2 1 1 0 0 0 0 0 0
538 1 0 0 0 0 0 1 0 0
539 2 0 0 1 0 0 0 0 0
540 4 0 0 0 0 0 2 0 0
541 1 0 0 0 0 0 1 0 0
543 2 0 0 1 0 0 0 0 0
549 4 0 0 1 0 0 0 0 0
550 14 1 1 1 0 0 0 0 0
551 4 1 1 0 0 0 3 0 0
553 2 0 0 1 0 0 1 0 0
554 3 1 1 1 0 0 0 0 0
555 1 0 0 0 0 0 1 0 0
561 2 0 0 1 0 0 1 0 0
562 1 0 0 0 0 0 1 0 0
565 3 0 0 0 0 0 1 0 0
571 1 0 0 0 0 0 1 0 0
574 8 0 0 7 0 0 0 0 0
fn=open_path
1812 55 2 2 0 0 0 45 2 2
1813 10 0 0 5 0 0 5 1 1
1816 5 0 0 0 0 0 5 0 0
1817 5 0 0 0 0 0 5 0 0
1819 10 0 0 0 0 0 0 0 0
1822 10 0 0 0 0 0 0 0 0
1824 110 2 2 15 1 1 10 0 0
1827 10 0 0 10 0 0 0 0 0
1831 5 0 0 0 0 0 0 0 0
1835 30 0 0 5 0 0 5 0 0
1842 30 1 1 15 0 0 10 1 1
1843 110 1 1 30 0 0 10 0 0
1846 30 0 0 15 0 0 0 0 0
1851 77 1 1 42 0 0 14 0 0
1854 14 0 0 0 0 0 0 0 0
1860 21 0 0 7 0 0 0 0 0
1863 56 1 1 21 0 0 7 0 0
1865 21 0 0 7 0 0 0 0 0
1867 6 0 0 0 0 0 0 0 0
1872 6 1 1 0 0 0 0 0 0
1873 21 0 0 9 0 0 0 0 0
1879 9 1 1 3 0 0 3 0 0
1881 28 0 0 3 0 0 8 0 0
1882 2 0 0 1 0 0 0 0 0
1884 3 0 0 0 0 0 0 0 0
1891 46 3 3 10 0 0 14 0 0
1893 16 0 0 5 0 0 0 0 0
1937 40 1 1 10 0 0 5 2 2
1941 5 0 0 5 0 0 0 0 0
1943 20 0 0 15 0 0 0 0 0
1946 15 0 0 10 0 0 0 0 0
1960 45 1 1 35 0 0 0 0 0
fn=open_verify.constprop.0
1572 156 1 1 0 0 0 104 1 1
1604 39 0 0 13 0 0 0 0 0
1609 14 1 1 0 0 0 0 0 0
1623 65 0 0 0 0 0 13 0 0
1625 26 1 1 0 0 0 0 0 0
1633 6 0 0 0 0 0 6 0 0
1634 18 0 0 0 0 0 6 2 2
1639 36 0 0 0 0 0 6 0 0
1641 12 1 1 0 0 0 0 0 0
1643 12 0 0 6 0 0 6 0 0
1645 12 0 0 0 0 0 0 0 0
1651 12 0 0 0 0 0 0 0 0
1668 87 4 4 27 0 0 0 0 0
1749 12 0 0 6 0 0 0 0 0
1754 12 1 1 6 0 0 0 0 0
1760 24 0 0 6 0 0 0 0 0
1766 12 0 0 6 1 1 0 0 0
1772 24 0 0 6 1 1 0 0 0
1773 24 1 1 6 0 0 0 0 0
1777 16 3 3 1 0 0 0 0 0
1778 5 0 0 0 0 0 1 0 0
1799 117 0 0 91 0 0 0 0 0
fl=./elf/./elf/dl-lookup-direct.c
fn=_dl_lookup_direct
32 15 0 0 9 0 0 0 0 0
33 9 1 1 0 0 0 0 0 0
35 6 0 0 3 3 3 0 0 0
36 6 0 0 3 0 0 0 0 0
48 9 0 0 3 0 0 3 0 0
51 6 0 0 6 0 0 0 0 0
53 21 1 1 6 0 0 6 0 0
57 9 0 0 9 2 0 0 0 0
58 21 0 0 9 1 0 0 0 0
59 15 0 0 6 1 0 3 0 0
74 39 2 2 0 0 0 27 0 0
76 6 0 0 3 0 0 0 0 0
78 21 0 0 9 2 0 0 0 0
79 6 0 0 0 0 0 0 0 0
81 12 1 1 3 0 0 3 0 0
84 25 0 0 5 3 1 0 0 0
86 12 0 0 3 0 0 0 0 0
93 6 2 2 0 0 0 0 0 0
115 3 0 0 0 0 0 0 0 0
116 27 0 0 21 0 0 0 0 0
fl=./elf/./elf/dl-lookup.c
fn=_dl_lookup_symbol_x
772 25324 4 2 0 0 0 17532 11 1
774 3896 0 0 0 0 0 1948 3 1
775 7792 0 0 0 0 0 1948 0 0
778 1948 0 0 1948 3 0 0 0 0
782 7748 0 0 1926 0 0 0 0 0
785 3896 2 1 1948 0 0 0 0 0
787 3896 0 0 3896 8 0 0 0 0
791 27367 0 0 19 0 0 5844 0 0
792 33116 3 2 13636 0 0 13636 8 2
797 9740 0 0 3896 0 0 0 0 0
799 114 1 1 19 0 0 0 0 0
816 1948 0 0 0 0 0 1948 0 0
817 57 1 1 0 0 0 0 0 0
820 3896 0 0 1948 0 0 0 0 0
821 13487 0 0 1925 0 0 0 0 0
828 2005 1 1 1929 0 0 0 0 0
856 7716 1 1 1929 0 0 0 0 0
870 5787 0 0 1929 22 1 0 0 0
871 2 1 1 0 0 0 1 0 0
873 3858 0 0 1929 0 0 0 0 0
890 7716 0 0 1929 0 0 0 0 0
892 17532 2 1 13636 0 0 0 0 0
fn=check_match
70 29115 1 1 3882 145 85 11646 12 1
73 15528 1 1 3882 245 185 0 0 0
78 26 0 0 0 0 0 0 0 0
86 9675 0 0 0 0 0 0 0 0
89 4836 0 0 322 0 0 161 0 0
93 1935 1 1 1935 17 0 0 0 0
94 3870 0 0 0 0 0 0 0 0
96 3864 0 0 0 0 0 0 0 0
115 3864 0 0 3864 115 24 0 0 0
116 15456 1 1 5796 45 0 0 0 0
117 9625 2 2 3850 16 0 1925 0 0
118 14 0 0 7 0 0 0 0 0
119 14 0 0 0 0 0 0 0 0
144 6 0 0 0 0 0 0 0 0
146 18 0 0 6 3 1 0 0 0
147 12 0 0 0 0 0 0 0 0
150 2 0 0 0 0 0 0 0 0
151 7 0 0 3 0 0 1 0 0
153 3 0 0 1 0 0 1 0 0
161 1928 0 0 0 0 0 0 0 0
162 15528 0 0 13587 0 0 0 0 0
fn=do_lookup_x
170 300 1 1 2 0 0 0 0 0
171 307 1 1 76 0 0 2 0 0
172 940 1 1 250 47 47 0 0 0
174 98 0 0 0 0 0 0 0 0
175 294 0 0 0 0 0 0 0 0
176 530 2 2 2 0 0 0 0 0
179 152 0 0 0 0 0 152 0 0
180 152 0 0 0 0 0 152 0 0
181 82 0 0 0 0 0 82 19 11
182 152 0 0 0 0 0 152 24 24
183 70 0 0 0 0 0 0 0 0
222 492 1 1 164 0 0 328 0 0
224 738 0 0 82 2 0 246 0 0
226 164 0 0 82 2 1 0 0 0
227 82 0 0 82 0 0 0 0 0
228 328 0 0 164 0 0 0 0 0
230 2694 1 1 127 0 0 405 0 0
231 486 1 1 0 0 0 0 0 0
234 352 0 0 176 0 0 0 0 0
235 176 1 1 176 71 25 0 0 0
254 352 0 0 0 0 0 0 0 0
257 95 0 0 0 0 0 0 0 0
258 285 0 0 0 0 0 0 0 0
259 322 1 1 0 0 0 0 0 0
262 1377 2 2 648 0 0 0 0 0
269 12 1 1 0 0 0 8 0 0
272 4 0 0 0 0 0 0 0 0
279 298 1 1 6 0 0 2 0 0
280 276 0 0 92 4 1 0 0 0
281 350 1 1 210 6 0 0 0 0
285 20 1 1 6 0 0 6 0 0
286 2 0 0 0 0 0 2 0 0
287 2 0 0 0 0 0 0 0 0
288 4 1 1 2 0 0 2 0 0
289 8 0 0 6 0 0 2 0 0
300 3 0 0 2 0 0 0 0 0
302 2 1 1 0 0 0 0 0 0
305 1 0 0 0 0 0 1 0 0
306 1 0 0 0 0 0 1 0 0
307 2 0 0 1 0 0 1 0 0
310 164 0 0 0 0 0 0 0 0
311 492 0 0 164 0 0 0 0 0
318 328 0 0 82 0 0 0 0 0
329 574 1 1 246 0 0 82 0 0
331 164 0 0 164 0 0 82 0 0
333 246 0 0 164 0 0 82 0 0
334 164 0 0 0 0 0 82 0 0
347 27272 4 2 3896 0 0 19480 14 3
348 1948 0 0 1948 3 0 0 0 0
353 1948 0 0 0 0 0 0 0 0
354 1948 0 0 1948 0 0 0 0 0
358 13102 1 1 13102 31 0 0 0 0
361 13102 0 0 0 0 0 0 0 0
365 17078 0 0 1988 0 0 0 0 0
386 13078 1 1 6539 23 0 0 0 0
390 13078 0 0 6539 1 0 0 0 0
396 19617 0 0 6539 35 0 0 0 0
400 6539 0 0 0 0 0 6539 0 0
401 6539 0 0 0 0 0 6539 0 0
404 32695 0 0 19617 77 0 0 0 0
405 19617 2 1 13078 10 0 0 0 0
408 6539 0 0 6539 0 0 0 0 0
409 13078 0 0 0 0 0 0 0 0
411 6539 0 0 6539 1023 147 0 0 0
412 5844 0 0 0 0 0 1948 0 0
413 13078 0 0 13078 0 0 0 0 0
415 13636 2 1 1948 0 0 3896 0 0
416 26156 0 0 13078 0 0 0 0 0
419 45773 0 0 6539 0 0 0 0 0
422 4148 0 0 4148 1184 209 0 0 0
423 6222 1 1 2074 0 0 0 0 0
424 4148 0 0 0 0 0 0 0 0
426 4132 0 0 2066 0 0 0 0 0
429 26980 1 1 5396 1744 494 0 0 0
431 5823 0 0 1941 0 0 0 0 0
432 49900 2 2 13712 0 0 26108 14 2
433 3882 0 0 0 0 0 0 0 0
436 5823 0 0 0 0 0 0 0 0
439 10430 0 0 13 0 0 0 0 0
461 15424 2 1 11568 0 0 0 0 0
470 1105 2 2 967 0 0 0 0 0
472 2 0 0 0 0 0 0 0 0
476 3858 1 1 0 0 0 0 0 0
483 10268 0 0 1929 0 0 0 0 0
487 3750 2 1 1250 3 0 0 0 0
491 1 1 1 0 0 0 1 0 0
499 3694 0 0 1847 0 0 1847 0 0
500 1847 0 0 0 0 0 1847 0 0
501 1929 0 0 0 0 0 0 0 0
518 13866 0 0 0 0 0 0 0 0
521 19 0 0 0 0 0 0 0 0
522 15584 1 1 13636 0 0 0 0 0
fl=./elf/./elf/dl-minimal-malloc.c
fn=__minimal_calloc
80 95 1 1 0 0 0 0 0 0
84 19 0 0 0 0 0 0 0 0
87 19 0 0 0 0 0 0 0 0
88 57 0 0 0 0 0 0 0 0
fn=__minimal_free
97 3 1 1 0 0 0 0 0 0
99 12 0 0 6 0 0 0 0 0
fn=__minimal_malloc
36 376 2 2 0 0 0 188 1 1
37 141 0 0 47 4 1 0 0 0
42 3 1 1 0 0 0 1 0 0
43 2 1 1 1 0 0 0 0 0
44 2 0 0 0 0 0 0 0 0
48 187 0 0 46 0 0 47 0 0
51 317 0 0 0 0 0 0 0 0
56 12 0 0 3 0 0 0 0 0
57 12 0 0 0 0 0 0 0 0
59 3 1 1 0 0 0 0 0 0
60 24 0 0 0 0 0 3 1 1
62 6 0 0 0 0 0 0 0 0
64 12 0 0 0 0 0 3 0 0
65 9 0 0 3 0 0 0 0 0
67 8 0 0 0 0 0 3 0 0
70 48 1 1 1 0 0 47 0 0
71 51 0 0 0 0 0 47 0 0
73 282 0 0 235 0 0 0 0 0
fl=./elf/./elf/dl-minimal.c
fn=__rtld_malloc_init_real
76 10 1 1 0 0 0 6 0 0
86 2 1 1 0 0 0 1 0 0
87 1 0 0 0 0 0 1 0 0
89 1 0 0 0 0 0 1 0 0
91 6 1 1 0 0 0 1 0 0
92 5 0 0 0 0 0 1 0 0
93 5 0 0 0 0 0 1 0 0
94 4 1 1 0 0 0 1 0 0
99 1 0 0 0 0 0 1 0 0
100 1 0 0 0 0 0 1 0 0
101 1 0 0 0 0 0 1 0 0
102 1 0 0 0 0 0 1 0 0
103 8 0 0 7 0 0 0 0 0
fn=__rtld_malloc_init_stubs
42 1 1 1 0 0 0 0 0 0
43 2 1 1 0 0 0 1 1 1
44 2 0 0 0 0 0 1 0 0
45 2 0 0 0 0 0 1 0 0
46 2 0 0 0 0 0 1 0 0
47 1 0 0 1 0 0 0 0 0
fn=lookup_malloc_symbol
61 36 1 1 0 0 0 16 0 0
63 4 0 0 0 0 0 4 0 0
64 28 0 0 4 0 0 12 0 0
68 28 1 1 16 0 0 0 0 0
69 28 0 0 12 0 0 0 0 0
71 4 0 0 0 0 0 4 0 0
72 24 0 0 20 0 0 0 0 0
fn=strsep
239 2 1 1 0 0 0 0 0 0
242 4 0 0 2 1 1 0 0 0
244 2 0 0 2 0 0 0 0 0
245 4 0 0 0 0 0 0 0 0
247 2 0 0 0 0 0 0 0 0
249 47 1 1 15 0 0 0 0 0
251 28 0 0 0 0 0 0 0 0
254 56 0 0 28 0 0 0 0 0
256 84 0 0 28 0 0 0 0 0
264 14 0 0 0 0 0 0 0 0
267 1 0 0 0 0 0 1 0 0
271 4 0 0 2 0 0 0 0 0
fl=./elf/./elf/dl-misc.c
fn=_dl_higher_prime_number
87 2 0 0 0 0 0 0 0 0
124 2 0 0 0 0 0 0 0 0
125 2 0 0 0 0 0 0 0 0
127 26 1 1 0 0 0 0 0 0
129 80 0 0 0 0 0 0 0 0
130 30 0 0 10 4 2 0 0 0
131 6 0 0 0 0 0 0 0 0
133 7 0 0 0 0 0 0 0 0
145 2 0 0 2 0 0 0 0 0
146 2 0 0 2 0 0 0 0 0
fn=_dl_name_match_p
68 1218 1 1 0 0 0 522 1 1
69 696 0 0 174 0 0 174 1 1
70 25 0 0 0 0 0 0 0 0
72 174 0 0 174 0 0 0 0 0
74 686 0 0 0 0 0 0 0 0
75 970 1 1 194 0 0 194 0 0
80 169 0 0 169 0 0 0 0 0
82 149 0 0 0 0 0 0 0 0
83 696 0 0 696 0 0 0 0 0
fn=_dl_sysdep_read_whole_file
36 11 1 1 0 0 0 5 0 0
39 3 0 0 0 0 0 1 0 0
40 2 1 1 0 0 0 0 0 0
42 6 0 0 0 0 0 1 0 0
44 2 0 0 1 0 0 1 0 0
47 2 1 1 0 0 0 0 0 0
49 8 0 0 0 0 0 1 0 0
60 3 0 0 0 0 0 1 0 0
63 8 0 0 6 0 0 0 0 0
fl=./elf/./elf/dl-object.c
fn=_dl_add_to_namespace_list
31 63 1 1 0 0 0 28 0 0
33 21 0 0 7 0 0 7 0 0
35 62 1 1 7 0 0 0 0 0
38 108 0 0 27 0 0 0 0 0
40 6 0 0 0 0 0 6 0 0
42 6 0 0 0 0 0 6 0 0
45 2 1 1 0 0 0 1 0 0
46 21 0 0 7 0 0 0 0 0
47 14 0 0 7 0 0 7 0 0
48 14 0 0 0 0 0 7 0 0
50 14 0 0 7 0 0 0 0 0
51 35 0 0 28 0 0 0 0 0
fn=_dl_new_object
59 105 1 1 0 0 0 70 3 3
62 14 0 0 0 0 0 0 0 0
64 2 1 1 0 0 0 0 0 0
66 3 1 1 1 0 0 0 0 0
67 2 0 0 0 0 0 0 0 0
71 6 0 0 0 0 0 2 0 0
77 2 1 1 0 0 0 0 0 0
80 12 0 0 6 0 0 0 0 0
83 31 1 1 0 0 0 19 1 1
87 12 0 0 0 0 0 0 0 0
92 6 0 0 0 0 0 0 0 0
95 14 0 0 0 0 0 0 0 0
98 7 0 0 0 0 0 7 5 5
99 7 0 0 0 0 0 7 7 7
100 14 0 0 7 0 0 0 0 0
103 14 0 0 0 0 0 7 2 2
104 49 1 1 21 0 0 21 0 0
106 7 1 1 0 0 0 7 0 0
119 33 0 0 20 0 0 0 0 0
123 6 0 0 0 0 0 0 0 0
125 1 0 0 0 0 0 0 0 0
127 49 0 0 14 7 7 14 0 0
130 14 0 0 7 0 0 0 0 0
131 14 1 1 0 0 0 7 7 7
132 7 1 1 0 0 0 7 0 0
136 7 0 0 0 0 0 7 0 0
139 42 0 0 0 0 0 0 0 0
141 20 1 1 0 0 0 16 4 4
149 14 1 1 0 0 0 7 0 0
150 7 0 0 0 0 0 7 7 7
153 1 0 0 0 0 0 0 0 0
155 42 0 0 7 1 1 0 0 0
157 24 0 0 0 0 0 6 6 6
160 16 1 1 0 0 0 0 0 0
164 24 0 0 6 0 0 0 0 0
168 42 1 1 6 0 0 0 0 0
176 1 1 1 0 0 0 1 0 0
179 14 0 0 0 0 0 7 0 0
189 28 0 0 14 0 0 0 0 0
191 24 0 0 0 0 0 12 0 0
195 18 0 0 0 0 0 0 0 0
199 12 0 0 0 0 0 0 0 0
200 12 0 0 0 0 0 0 0 0
208 6 0 0 0 0 0 0 0 0
212 6 1 1 0 0 0 0 0 0
245 24 0 0 12 0 0 6 0 0
250 196 0 0 0 0 0 0 0 0
251 196 0 0 98 0 0 0 0 0
255 12 0 0 0 0 0 0 0 0
256 6 0 0 0 0 0 6 0 0
259 6 0 0 0 0 0 6 0 0
263 63 1 1 49 0 0 0 0 0
fl=./elf/./elf/dl-reloc.c
fn=_dl_relocate_object
170 14296 1 1 3574 1746 1363 0 0 0
171 6972 1 1 0 0 0 0 0 0
174 23709 1 1 3486 8 0 0 0 0
175 19444 2 2 1621 0 0 0 0 0
177 1621 0 0 1621 0 0 0 0 0
178 6482 1 1 1621 0 0 1621 0 0
182 3730 0 0 0 0 0 0 0 0
183 1865 0 0 0 0 0 1865 0 0
184 1865 0 0 0 0 0 1865 0 0
186 14926 2 2 7460 1 0 6 0 0
187 9295 1 1 1859 63 0 1859 0 0
188 3718 0 0 0 0 0 0 0 0
190 13166 2 2 3730 0 0 5647 3 0
193 1865 0 0 1865 0 0 0 0 0
194 13055 1 1 5595 0 0 1865 1 0
196 1621 1 1 1621 0 0 0 0 0
207 99 1 1 0 0 0 72 0 0
208 18 0 0 9 0 0 0 0 0
220 16 0 0 0 0 0 0 0 0
221 24 0 0 0 0 0 8 0 0
224 32 1 1 0 0 0 8 0 0
226 24 0 0 0 0 0 0 0 0
228 8 0 0 8 0 0 0 0 0
229 24 0 0 8 2 0 0 0 0
251 40 2 2 16 0 0 0 0 0
252 16 1 1 8 7 0 0 0 0
253 3 0 0 0 0 0 0 0 0
255 16 0 0 0 0 0 0 0 0
262 24 1 1 8 4 0 0 0 0
301 10345 9 9 1237 244 202 60 1 0
304 40 0 0 16 0 0 0 0 0
328 8 0 0 8 1 0 0 0 0
331 16 0 0 0 0 0 0 0 0
348 24 0 0 8 5 0 0 0 0
350 72 0 0 63 3 0 0 0 0
356 48 1 1 24 2 0 0 0 0
359 16 0 0 0 0 0 0 0 0
363 16 1 1 0 0 0 0 0 0
364 48 0 0 0 0 0 8 0 0
fl=./elf/./elf/dl-runtime.c
fn=_dl_fixup
46 869 3 2 0 0 0 474 0 0
48 395 0 0 316 2 0 0 0 0
49 237 1 1 158 0 0 0 0 0
54 79 0 0 79 5 0 0 0 0
55 316 0 0 79 5 0 0 0 0
56 553 0 0 79 77 0 79 2 0
58 158 0 0 79 8 0 0 0 0
63 158 0 0 0 0 0 0 0 0
67 158 0 0 79 78 44 0 0 0
69 79 0 0 0 0 0 0 0 0
71 237 1 1 79 4 0 0 0 0
75 237 0 0 158 64 0 0 0 0
76 316 0 0 79 1 0 0 0 0
77 237 0 0 79 19 0 0 0 0
84 79 1 1 0 0 0 0 0 0
85 237 0 0 79 0 0 0 0 0
87 10 0 0 0 0 0 10 0 0
88 10 0 0 0 0 0 0 0 0
95 869 0 0 158 5 0 237 0 0
99 395 1 1 237 0 0 0 0 0
100 40 0 0 20 0 0 0 0 0
109 790 0 0 316 0 0 79 0 0
124 316 1 1 79 0 0 0 0 0
125 2 0 0 0 0 0 1 0 0
133 237 0 0 79 0 0 0 0 0
159 237 0 0 79 1 0 0 0 0
163 632 1 1 553 0 0 0 0 0
fl=./elf/./elf/dl-setup_hash.c
fn=_dl_setup_hash
25 16 1 1 0 0 0 0 0 0
28 24 1 1 8 0 0 0 0 0
31 24 0 0 16 0 0 0 0 0
32 16 0 0 8 7 7 8 1 1
33 8 0 0 8 0 0 0 0 0
34 8 0 0 8 0 0 0 0 0
36 24 0 0 0 0 0 0 0 0
37 8 0 0 0 0 0 8 0 0
38 24 1 1 8 0 0 8 0 0
40 8 0 0 0 0 0 8 0 0
41 16 0 0 0 0 0 0 0 0
43 8 0 0 0 0 0 8 0 0
45 24 0 0 0 0 0 8 0 0
50 8 0 0 8 0 0 0 0 0
fl=./elf/./elf/dl-sort-maps.c
fn=_dl_sort_maps
140 80 0 0 16 0 0 16 0 0
181 2 0 0 0 0 0 2 0 0
182 4 0 0 2 0 0 0 0 0
183 58 0 0 0 0 0 0 0 0
184 32 2 1 32 0 0 0 0 0
211 34 4 2 2 0 0 0 0 0
216 4 0 0 0 0 0 2 0 0
218 2 0 0 0 0 0 2 0 0
219 10 0 0 0 0 0 0 0 0
221 50 2 1 0 0 0 0 0 0
223 16 0 0 16 0 0 0 0 0
226 48 0 0 16 0 0 0 0 0
244 8 2 1 2 0 0 0 0 0
263 8 2 1 0 0 0 2 0 0
276 8 2 1 2 0 0 0 0 0
283 2 2 1 0 0 0 0 0 0
298 26 1 0 0 0 0 14 1 0
306 6 2 1 2 2 0 0 0 0
310 18 4 2 14 0 0 0 0 0
fn=_dl_sort_maps_init
289 4 2 2 0 0 0 1 0 0
290 4 0 0 0 0 0 1 0 0
291 1 0 0 0 0 0 1 0 0
292 3 0 0 1 0 0 0 0 0
293 2 0 0 2 0 0 0 0 0
fn=dfs_traversal.part.0
135 144 2 1 0 0 0 80 0 0
140 80 0 0 40 0 0 0 0 0
143 16 0 0 16 0 0 0 0 0
145 48 0 0 16 2 0 0 0 0
147 212 0 0 53 8 0 0 0 0
156 56 3 2 8 0 0 0 0 0
171 48 0 0 16 0 0 16 0 0
172 16 0 0 0 0 0 16 0 0
173 96 0 0 96 0 0 0 0 0
fl=./elf/./elf/dl-tunables.c
fn=__GI___tunable_set_val
72 50 1 1 5 0 0 0 0 0
82 5 0 0 5 0 0 0 0 0
93 40 1 1 10 0 0 0 0 0
94 25 0 0 10 0 0 0 0 0
97 10 0 0 0 0 0 0 0 0
100 35 0 0 0 0 0 0 0 0
104 10 0 0 0 0 0 0 0 0
111 10 0 0 0 0 0 0 0 0
112 10 0 0 0 0 0 0 0 0
115 25 1 1 0 0 0 5 0 0
116 5 0 0 0 0 0 5 0 0
117 5 0 0 0 0 0 5 0 0
118 5 0 0 0 0 0 5 0 0
153 30 1 1 0 0 0 10 0 0
157 15 0 0 15 0 0 0 0 0
fn=__GI___tunables_init
42 315 1 1 63 0 0 0 0 0
45 62 0 0 0 0 0 0 0 0
48 6237 0 0 891 35 35 0 0 0
52 124 0 0 0 0 0 0 0 0
56 248 1 1 0 0 0 0 0 0
128 1 0 0 0 0 0 0 0 0
261 10 2 2 0 0 0 6 0 0
267 4 0 0 1 0 0 0 0 0
281 10168 0 0 0 0 0 0 0 0
283 2 0 0 0 0 0 0 0 0
287 18414 1 1 5084 41 41 0 0 0
304 8 1 1 7 0 0 0 0 0
fn=__tunable_get_val
387 82 1 1 0 0 0 0 0 0
390 486 1 1 41 36 31 0 0 0
399 53 0 0 38 15 0 15 0 0
400 15 0 0 0 0 0 0 0 0
409 32 1 1 0 0 0 26 0 0
416 246 0 0 41 4 0 0 0 0
418 41 0 0 41 0 0 0 0 0
fl=./elf/./elf/dl-tunables.h
fn=__GI___tunable_set_val
141 10 0 0 0 0 0 0 0 0
142 10 1 1 0 0 0 0 0 0
151 5 0 0 0 0 0 0 0 0
fn=__GI___tunables_init
160 1222 1 1 800 1 1 0 0 0
161 2922 0 0 0 0 0 0 0 0
fl=./elf/./elf/dl-version.c
fn=_dl_check_all_versions
392 7 1 1 0 0 0 5 0 0
394 1 0 0 0 0 0 0 0 0
396 29 0 0 8 0 0 0 0 0
397 8 0 0 0 0 0 0 0 0
398 72 1 1 8 0 0 8 0 0
401 7 0 0 6 0 0 0 0 0
fn=_dl_check_map_versions
36 280 0 0 30 0 0 0 0 0
37 80 0 0 80 0 0 0 0 0
38 490 1 1 0 0 0 95 0 0
56 276 0 0 207 0 0 0 0 0
64 207 0 0 69 0 0 0 0 0
70 207 1 1 69 2 0 0 0 0
86 69 0 0 69 1 0 0 0 0
87 138 0 0 0 0 0 0 0 0
89 69 0 0 69 0 0 0 0 0
94 2627 0 0 1141 41 41 207 0 0
108 2282 0 0 1141 17 16 0 0 0
110 69 1 1 69 1 1 0 0 0
113 552 1 1 207 0 0 138 0 0
120 3216 1 1 1072 18 18 0 0 0
124 1072 0 0 0 0 0 0 0 0
155 80 0 0 0 0 0 48 0 0
156 8 0 0 0 0 0 8 0 0
164 14 1 1 0 0 0 8 1 0
170 24 0 0 8 0 0 0 0 0
172 40 1 1 16 1 0 0 0 0
174 8 0 0 8 1 0 0 0 0
175 8 0 0 8 0 0 0 0 0
177 16 0 0 0 0 0 0 0 0
180 18 1 1 12 2 0 0 0 0
184 48 0 0 6 6 6 30 0 0
198 9 0 0 0 0 0 0 0 0
200 45 1 1 30 0 0 0 0 0
208 45 0 0 15 0 0 0 0 0
213 45 0 0 15 4 4 0 0 0
215 54 0 0 0 0 0 0 0 0
217 276 1 1 138 17 17 69 0 0
218 514 1 1 385 0 0 0 0 0
221 138 0 0 69 0 0 69 0 0
224 207 0 0 138 0 0 0 0 0
225 5 0 0 1 0 0 1 0 0
228 32 1 1 16 0 0 15 0 0
231 276 0 0 69 0 0 0 0 0
234 207 0 0 69 0 0 0 0 0
239 54 0 0 0 0 0 0 0 0
243 45 0 0 15 0 0 0 0 0
248 9 0 0 0 0 0 0 0 0
257 35 2 2 18 0 0 0 0 0
260 12 0 0 12 0 0 0 0 0
263 702 0 0 177 12 12 6 0 0
266 525 0 0 171 5 5 6 0 0
270 165 0 0 0 0 0 0 0 0
274 21 1 1 7 0 0 0 0 0
279 7 0 0 0 0 0 7 3 0
280 28 1 1 7 0 0 7 0 0
281 21 0 0 7 0 0 0 0 0
291 7 0 0 0 0 0 7 0 0
294 37 0 0 22 4 0 7 4 0
296 14 0 0 0 0 0 0 0 0
299 24 1 1 12 0 0 0 0 0
301 9 0 0 0 0 0 0 0 0
303 45 0 0 15 0 0 0 0 0
306 207 1 1 69 0 0 0 0 0
308 276 0 0 0 0 0 0 0 0
310 345 0 0 69 0 0 69 0 0
311 138 0 0 0 0 0 69 25 25
312 207 0 0 69 0 0 69 6 6
313 207 0 0 69 0 0 69 1 1
316 207 0 0 69 0 0 0 0 0
321 54 0 0 0 0 0 0 0 0
324 45 0 0 15 0 0 0 0 0
329 9 1 1 0 0 0 0 0 0
334 14 0 0 0 0 0 0 0 0
337 12 0 0 6 0 0 0 0 0
341 165 0 0 165 0 0 0 0 0
343 342 0 0 171 0 0 0 0 0
347 165 0 0 165 0 0 0 0 0
348 825 0 0 165 0 0 165 42 42
349 495 0 0 165 0 0 165 0 0
350 165 0 0 0 0 0 165 19 19
353 513 0 0 171 0 0 0 0 0
357 165 0 0 0 0 0 0 0 0
365 12 0 0 0 0 0 0 0 0
366 12 1 1 6 0 0 0 0 0
367 12 0 0 6 2 0 0 0 0
368 4 0 0 2 0 0 0 0 0
370 4 1 1 3 0 0 0 0 0
372 124 0 0 32 0 0 0 0 0
373 60 1 1 0 0 0 0 0 0
375 2 0 0 1 0 0 0 0 0
376 7 0 0 0 0 0 1 0 0
387 72 1 1 64 0 0 0 0 0
fl=./elf/./elf/do-rel.h
fn=_dl_relocate_object
49 48 1 1 16 3 0 0 0 0
50 48 0 0 16 0 0 16 0 0
51 8 0 0 8 1 0 0 0 0
53 80 0 0 32 2 0 0 0 0
72 10 0 0 0 0 0 0 0 0
73 11 1 1 0 0 0 8 0 0
80 48 0 0 16 0 0 0 0 0
83 3708 1 1 0 0 0 3 0 0
85 4912 1 1 1228 462 462 0 0 0
96 18 0 0 3 1 0 0 0 0
97 6 0 0 0 0 0 0 0 0
114 39 1 1 0 0 0 0 0 0
123 3364 0 0 0 0 0 0 0 0
124 2222 0 0 1111 144 141 0 0 0
126 39 1 1 13 9 0 0 0 0
129 44 0 0 22 6 0 11 1 0
131 14333 1 1 3600 1 0 0 0 0
133 17840 0 0 10704 2190 1225 0 0 0
134 14272 0 0 3568 0 0 3568 0 0
135 10704 0 0 7136 1 0 3568 0 0
136 14272 0 0 3568 2 0 0 0 0
138 10704 1 1 0 0 0 0 0 0
141 272 0 0 68 0 0 68 0 0
142 68 1 1 0 0 0 68 0 0
143 68 0 0 0 0 0 0 0 0
147 3500 0 0 0 0 0 3500 0 0
150 10526 1 1 3500 0 0 0 0 0
151 228 2 2 76 1 0 0 0 0
164 28 1 1 14 0 0 0 0 0
165 285 0 0 9 0 0 6 0 0
166 252 1 1 84 0 0 0 0 0
169 204 0 0 136 0 0 0 0 0
171 272 0 0 68 0 0 68 0 0
172 68 0 0 68 0 0 0 0 0
173 136 0 0 68 0 0 0 0 0
180 31 1 1 9 0 0 0 0 0
182 42 1 1 12 2 2 6 0 0
183 12 0 0 12 0 0 0 0 0
185 18 0 0 0 0 0 0 0 0
193 6 0 0 0 0 0 6 0 0
196 18 0 0 6 0 0 0 0 0
211 7 1 1 4 0 0 0 0 0
fn=_dl_start
49 6 0 0 2 0 0 0 0 0
50 4 0 0 2 0 0 0 0 0
51 1 0 0 1 0 0 0 0 0
53 10 1 1 4 0 0 0 0 0
56 4 0 0 0 0 0 0 0 0
61 13 1 1 0 0 0 0 0 0
63 9 1 1 3 1 1 0 0 0
64 6 0 0 0 0 0 0 0 0
65 3 0 0 3 0 0 0 0 0
fl=./elf/./elf/get-dynamic-info.h
fn=_dl_map_object_from_fd
39 12 0 0 0 0 0 0 0 0
43 6 0 0 0 0 0 0 0 0
45 678 0 0 171 47 47 0 0 0
49 330 0 0 0 0 0 0 0 0
51 88 1 1 0 0 0 0 0 0
52 44 0 0 0 0 0 0 0 0
53 6 0 0 0 0 0 0 0 0
54 158 1 1 0 0 0 0 0 0
55 134 0 0 0 0 0 0 0 0
56 30 1 1 0 0 0 0 0 0
59 24 1 1 0 0 0 0 0 0
62 24 0 0 0 0 0 0 0 0
64 24 0 0 0 0 0 0 0 0
68 165 0 0 0 0 0 165 39 39
72 24 0 0 6 0 0 0 0 0
84 20 1 1 8 0 0 0 0 0
85 24 0 0 12 0 0 0 0 0
86 24 0 0 12 0 0 0 0 0
87 24 0 0 12 0 0 0 0 0
88 20 0 0 8 4 4 0 0 0
89 23 1 1 11 1 1 0 0 0
90 23 0 0 11 1 1 0 0 0
91 24 0 0 12 0 0 0 0 0
103 48 1 1 12 0 0 6 0 0
110 19 0 0 6 0 0 0 0 0
115 10 0 0 5 0 0 0 0 0
122 10 0 0 5 0 0 0 0 0
123 18 1 1 12 0 0 0 0 0
129 18 0 0 6 0 0 0 0 0
130 6 0 0 4 0 0 0 0 0
147 18 0 0 6 0 0 0 0 0
152 6 0 0 3 0 0 3 0 0
154 6 0 0 0 0 0 0 0 0
156 6 0 0 0 0 0 0 0 0
158 6 0 0 0 0 0 0 0 0
159 4 0 0 0 0 0 2 0 0
162 18 1 1 6 0 0 0 0 0
164 9 1 1 3 0 0 3 0 0
165 6 0 0 0 0 0 0 0 0
174 6 0 0 3 0 0 0 0 0
175 9 1 1 0 0 0 0 0 0
180 6 0 0 0 0 0 0 0 0
181 6 0 0 2 0 0 2 0 0
184 12 0 0 6 0 0 0 0 0
fl=./elf/./elf/libc-dl-profstub.c
fn=_dl_mcount_wrapper_check
36 128 1 1 0 0 0 0 0 0
37 384 0 0 256 0 0 0 0 0
38 128 0 0 128 0 0 0 0 0
fl=./elf/./elf/libc_early_init.c
fn=__libc_early_init
33 9 1 1 1 0 0 3 0 0
35 1 1 1 0 0 0 1 0 0
38 2 0 0 1 1 0 1 1 1
41 2 0 0 0 0 0 2 1 1
47 4 0 0 2 0 0 0 0 0
49 2 0 0 2 0 0 0 0 0
fl=./elf/./elf/rtld.c
fn=_dl_start
85 8 0 0 0 0 0 2 1 1
458 2 0 0 0 0 0 1 0 0
476 3 0 0 0 0 0 1 0 0
477 1 0 0 0 0 0 1 0 0
478 2 0 0 1 0 0 1 1 1
488 1 0 0 0 0 0 1 0 0
494 4 1 1 1 0 0 1 0 0
496 2 0 0 1 0 0 0 0 0
517 16 2 2 0 0 0 8 3 3
543 1 0 0 0 0 0 1 1 1
546 2 1 1 0 0 0 1 1 1
547 4 0 0 1 1 1 0 0 0
563 190 5 5 24 5 5 5 0 0
565 1 0 0 1 0 0 0 0 0
578 1 1 1 0 0 0 1 0 0
585 9 1 1 7 2 0 0 0 0
fn=dl_main
85 17 2 2 0 0 0 1 0 0
92 12 1 1 0 0 0 0 0 0
93 2 0 0 0 0 0 1 1 0
101 9 0 0 4 0 0 0 0 0
197 2 0 0 0 0 0 1 0 0
199 1 0 0 0 0 0 1 0 0
224 3 0 0 3 0 0 0 0 0
225 5 0 0 3 0 0 0 0 0
226 4 1 1 0 0 0 0 0 0
296 3 1 1 0 0 0 3 0 0
302 1 0 0 0 0 0 1 0 0
303 1 0 0 0 0 0 1 0 0
837 1 0 0 1 0 0 0 0 0
839 1 0 0 0 0 0 1 0 0
848 1 1 1 0 0 0 1 0 0
850 1 0 0 0 0 0 1 0 0
855 1 0 0 0 0 0 1 0 0
1115 1 0 0 1 0 0 0 0 0
1116 1 1 1 1 0 0 0 0 0
1118 1 0 0 0 0 0 1 0 0
1122 3 0 0 2 1 1 1 1 1
1124 1 0 0 1 0 0 0 0 0
1125 1 0 0 1 0 0 0 0 0
1140 1 0 0 0 0 0 0 0 0
1143 46 4 4 0 0 0 0 0 0
1144 117 1 1 22 6 6 0 0 0
1148 3 1 1 1 0 0 1 0 0
1153 3 0 0 2 0 0 1 0 0
1154 9 1 1 2 0 0 1 0 0
1163 2 0 0 0 0 0 1 0 0
1164 2 0 0 2 1 1 0 0 0
1166 1 0 0 0 0 0 1 0 0
1173 3 1 1 1 0 0 0 0 0
1191 2 0 0 0 0 0 1 0 0
1199 8 0 0 4 0 0 0 0 0
1200 17 0 0 5 1 1 0 0 0
1201 8 0 0 4 0 0 0 0 0
1202 1 0 0 0 0 0 1 0 0
1204 12 0 0 4 0 0 0 0 0
1205 14 0 0 0 0 0 0 0 0
1209 8 0 0 4 3 3 0 0 0
1210 8 0 0 4 0 0 0 0 0
1211 4 0 0 0 0 0 4 0 0
1215 12 0 0 0 0 0 0 0 0
1243 2 1 1 1 0 0 1 1 1
1247 3 0 0 2 1 1 1 0 0
1253 28 0 0 1 0 0 0 0 0
1254 61 0 0 13 0 0 0 0 0
1260 17 0 0 0 0 0 1 0 0
1266 4 0 0 2 1 1 0 0 0
1269 3 1 1 2 0 0 0 0 0
1271 3 0 0 1 0 0 0 0 0
1346 13 2 2 0 0 0 9 0 0
1351 1 0 0 0 0 0 0 0 0
1352 1 0 0 0 0 0 1 0 0
1357 1 0 0 0 0 0 1 1 1
1373 3 0 0 2 0 0 1 0 0
1374 4 1 1 2 0 0 0 0 0
1637 10 1 1 0 0 0 3 0 0
1639 2 0 0 0 0 0 0 0 0
1640 3 1 1 0 0 0 1 0 0
1641 2 0 0 1 0 0 1 0 0
1642 3 0 0 2 0 0 1 0 0
1646 2 0 0 0 0 0 1 0 0
1647 2 0 0 1 0 0 0 0 0
1672 3 1 1 1 0 0 0 0 0
1673 5 0 0 1 0 0 1 0 0
1674 3 0 0 2 0 0 0 0 0
1675 3 0 0 3 0 0 0 0 0
1678 1 0 0 0 0 0 1 0 0
1680 1 1 1 0 0 0 1 1 1
1681 1 0 0 0 0 0 1 0 0
1683 2 0 0 1 0 0 0 0 0
1684 2 0 0 0 0 0 1 0 0
1688 2 0 0 1 0 0 0 0 0
1690 2 1 1 0 0 0 0 0 0
1698 4 0 0 2 0 0 0 0 0
1705 2 1 1 1 0 0 1 0 0
1708 2 1 1 1 0 0 0 0 0
1733 4 1 1 1 0 0 1 0 0
1735 1 0 0 0 0 0 1 0 0
1740 2 0 0 1 0 0 0 0 0
1743 4 1 1 2 0 0 1 0 0
1744 4 0 0 1 0 0 1 0 0
1745 3 1 1 2 0 0 1 0 0
1746 1 0 0 0 0 0 1 0 0
1747 1 0 0 1 0 0 0 0 0
1748 1 0 0 1 0 0 0 0 0
1759 2 0 0 1 1 1 0 0 0
1760 2 0 0 1 0 0 0 0 0
1762 2 1 1 1 0 0 0 0 0
1764 1 0 0 0 0 0 1 0 0
1765 3 0 0 1 0 0 1 0 0
1770 5 1 1 0 0 0 0 0 0
1771 5 0 0 1 1 1 0 0 0
1773 3 2 2 2 1 1 1 1 1
1779 2 0 0 1 1 1 0 0 0
1788 2 1 1 1 0 0 0 0 0
1792 1 0 0 0 0 0 0 0 0
1793 2 0 0 1 0 0 0 0 0
1817 2 1 1 0 0 0 2 0 0
1823 1 0 0 0 0 0 1 0 0
1824 1 0 0 0 0 0 1 0 0
1825 1 0 0 0 0 0 0 0 0
1829 3 0 0 1 0 0 1 0 0
1834 3 1 1 2 0 0 0 0 0
1836 1 0 0 0 0 0 0 0 0
1838 2 0 0 1 0 0 0 0 0
1842 5 1 1 2 0 0 1 0 0
1847 2 0 0 1 0 0 0 0 0
1863 6 1 1 0 0 0 1 0 0
1939 4 0 0 2 0 0 0 0 0
1943 19 2 2 1 0 0 0 0 0
1944 1 0 0 0 0 0 0 0 0
1947 3 0 0 0 0 0 1 0 0
1948 1 1 1 1 0 0 0 0 0
1949 2 0 0 0 0 0 0 0 0
1950 2 0 0 0 0 0 0 0 0
1955 3 0 0 1 0 0 0 0 0
1965 9 1 1 2 0 0 1 0 0
1971 35 1 1 1 0 0 0 0 0
1972 20 0 0 17 0 0 0 0 0
1975 3 0 0 2 0 0 1 0 0
1976 2 1 1 0 0 0 0 0 0
1977 1 0 0 0 0 0 1 0 0
1979 30 0 0 1 0 0 0 0 0
1980 14 0 0 7 0 0 0 0 0
1984 2 1 1 0 0 0 0 0 0
1990 1 1 1 0 0 0 1 0 0
1992 3 0 0 1 0 0 1 0 0
1993 2 0 0 0 0 0 0 0 0
1995 2 0 0 0 0 0 1 0 0
1997 3 0 0 0 0 0 0 0 0
1999 3 1 1 1 1 0 0 0 0
2000 1 0 0 1 0 0 0 0 0
2001 2 0 0 0 0 0 0 0 0
2013 2 0 0 0 0 0 0 0 0
2014 2 0 0 1 0 0 1 0 0
2015 3 0 0 1 0 0 0 0 0
2026 5 0 0 1 1 0 1 1 0
2027 4 0 0 0 0 0 1 0 0
2028 5 1 1 0 0 0 1 0 0
2038 2 0 0 1 0 0 1 0 0
2039 2 0 0 1 0 0 0 0 0
2040 4 1 1 0 0 0 2 0 0
2042 2 0 0 0 0 0 0 0 0
2047 3 0 0 1 1 0 0 0 0
2246 3 0 0 1 0 0 1 0 0
2250 3 0 0 1 1 0 2 1 0
2256 2 1 1 1 0 0 1 1 0
2259 2 0 0 1 0 0 0 0 0
2267 2 0 0 2 0 0 0 0 0
2279 3 1 1 1 0 0 0 0 0
2282 3 0 0 1 0 0 1 0 0
2284 3 0 0 1 0 0 0 0 0
2285 6 0 0 1 1 0 1 0 0
2292 2 0 0 2 1 0 0 0 0
2293 33 0 0 3 1 0 1 0 0
2295 16 1 1 16 4 0 0 0 0
2300 16 0 0 16 9 0 0 0 0
2302 18 0 0 0 0 0 0 0 0
2304 1 1 1 0 0 0 1 1 0
2305 1 0 0 1 0 0 0 0 0
2308 8 0 0 8 1 0 0 0 0
2310 16 0 0 0 0 0 0 0 0
2311 56 0 0 14 8 0 7 0 0
2315 24 1 1 12 5 0 0 0 0
2316 12 0 0 0 0 0 4 0 0
2325 2 0 0 1 0 0 0 0 0
2329 4 0 0 2 1 0 0 0 0
2331 1 0 0 1 1 0 0 0 0
2338 4 1 1 1 0 0 1 0 0
2341 2 0 0 1 1 0 0 0 0
2345 3 1 1 2 1 0 0 0 0
2347 2 0 0 1 0 0 0 0 0
2357 1 1 1 0 0 0 1 0 0
2362 3 0 0 1 0 0 1 0 0
2365 1 0 0 0 0 0 1 0 0
2371 1 0 0 1 0 0 0 0 0
2372 5 1 1 2 0 0 1 0 0
2380 3 0 0 1 0 0 1 0 0
2387 1 0 0 0 0 0 1 0 0
2390 3 0 0 0 0 0 1 0 0
2394 3 0 0 0 0 0 1 0 0
2395 1 0 0 0 0 0 1 1 0
2396 1 0 0 0 0 0 1 0 0
2397 1 0 0 0 0 0 0 0 0
2401 1 0 0 0 0 0 1 0 0
2406 8 0 0 7 2 0 0 0 0
2538 1 0 0 1 0 0 0 0 0
2598 1 0 0 0 0 0 1 0 0
2600 2 0 0 0 0 0 0 0 0
2602 15 1 1 0 0 0 3 0 0
2604 2 0 0 0 0 0 0 0 0
2606 107 0 0 21 0 0 0 0 0
2607 19 0 0 0 0 0 0 0 0
2615 13 1 1 2 2 2 0 0 0
2640 2 1 1 1 0 0 0 0 0
2650 4 1 1 2 0 0 0 0 0
2652 2 0 0 0 0 0 1 0 0
2653 1 0 0 0 0 0 0 0 0
2687 5 2 2 2 0 0 0 0 0
2689 2 0 0 0 0 0 1 0 0
2690 2 0 0 0 0 0 1 0 0
2691 1 0 0 0 0 0 0 0 0
2727 5 0 0 1 0 0 0 0 0
2749 3 0 0 1 0 0 0 0 0
fn=handle_preload_list
183 3 0 0 1 0 0 0 0 0
806 1 0 0 0 0 0 1 0 0
810 2 0 0 0 0 0 1 0 0
811 2 0 0 1 0 0 1 0 0
812 1 0 0 0 0 0 1 0 0
814 1 0 0 1 0 0 0 0 0
816 6 1 1 0 0 0 1 0 0
817 3 0 0 1 0 0 0 0 0
825 3 0 0 1 0 0 0 0 0
869 13 2 2 1 1 1 8 1 1
870 3 0 0 0 0 0 0 0 0
874 5 0 0 2 0 0 0 0 0
877 4 1 1 0 0 0 1 1 1
878 3 0 0 0 0 0 0 0 0
880 4 1 1 0 0 0 1 0 0
881 2 0 0 0 0 0 1 0 0
887 1 0 0 0 0 0 0 0 0
889 2 0 0 1 0 0 0 0 0
891 2 1 1 1 0 0 0 0 0
892 1 0 0 0 0 0 0 0 0
895 9 0 0 7 0 0 0 0 0
fn=init_tls
734 4 1 1 0 0 0 3 0 0
736 2 0 0 1 1 0 1 0 0
740 3 0 0 1 1 0 0 0 0
746 2 0 0 0 0 0 1 0 0
749 1 0 0 0 0 0 1 0 0
750 1 0 0 0 0 0 0 0 0
751 1 0 0 0 0 0 0 0 0
755 1 0 0 0 0 0 0 0 0
757 1 0 0 0 0 0 1 0 0
761 2 1 1 1 1 1 0 0 0
762 2 0 0 0 0 0 0 0 0
763 20 0 0 1 0 0 0 0 0
764 8 1 1 8 0 0 0 0 0
765 16 1 1 8 7 0 0 0 0
769 12 0 0 0 0 0 4 1 1
771 4 0 0 0 0 0 0 0 0
773 3 0 0 1 0 0 0 0 0
776 2 0 0 0 0 0 1 0 0
779 1 0 0 0 0 0 1 0 0
786 2 1 1 0 0 0 1 0 0
787 2 0 0 0 0 0 0 0 0
793 2 0 0 1 0 0 1 0 0
797 1 0 0 0 0 0 1 0 0
800 5 0 0 4 0 0 0 0 0
fn=map_doit
641 6 1 1 0 0 0 2 0 0
643 4 0 0 1 0 0 0 0 0
644 6 0 0 2 0 0 2 0 0
646 3 0 0 3 0 0 0 0 0
fn=version_check_doit
674 6 2 2 0 0 0 2 0 0
676 6 0 0 2 0 0 1 1 0
680 3 0 0 3 0 0 0 0 0
fl=./elf/./get-dynamic-info.h
fn=_dl_start
45 75 0 0 19 5 5 0 0 0
49 36 0 0 0 0 0 0 0 0
51 10 0 0 0 0 0 0 0 0
52 5 1 1 0 0 0 0 0 0
54 20 0 0 0 0 0 0 0 0
55 16 0 0 0 0 0 0 0 0
56 5 0 0 0 0 0 0 0 0
59 4 1 1 0 0 0 0 0 0
62 4 1 1 0 0 0 0 0 0
64 4 0 0 0 0 0 0 0 0
68 18 0 0 0 0 0 18 7 7
72 3 0 0 0 0 0 0 0 0
84 4 0 0 2 0 0 0 0 0
85 3 0 0 1 0 0 0 0 0
86 4 1 1 2 0 0 0 0 0
87 4 0 0 2 0 0 0 0 0
88 5 0 0 2 0 0 0 0 0
89 3 1 1 1 0 0 0 0 0
90 4 0 0 2 0 0 0 0 0
91 4 0 0 2 0 0 0 0 0
103 10 2 2 2 0 0 1 0 0
110 3 0 0 1 1 1 0 0 0
123 3 2 2 2 0 0 0 0 0
129 3 0 0 1 0 0 0 0 0
130 3 0 0 2 0 0 0 0 0
133 2 0 0 1 0 0 0 0 0
134 3 0 0 1 0 0 0 0 0
139 5 1 1 2 0 0 0 0 0
142 5 0 0 2 0 0 0 0 0
fn=dl_main
39 4 0 0 2 0 0 0 0 0
43 1 0 0 0 0 0 0 0 0
45 123 0 0 31 9 9 0 0 0
49 60 1 1 0 0 0 0 0 0
51 12 0 0 0 0 0 0 0 0
52 6 0 0 0 0 0 0 0 0
54 25 0 0 0 0 0 0 0 0
55 21 0 0 0 0 0 0 0 0
56 5 1 1 0 0 0 0 0 0
59 4 0 0 0 0 0 0 0 0
62 4 1 1 0 0 0 0 0 0
64 4 0 0 0 0 0 0 0 0
68 30 0 0 0 0 0 30 8 8
72 7 1 1 4 0 0 0 0 0
84 3 0 0 1 0 0 0 0 0
85 5 1 1 3 0 0 0 0 0
86 5 0 0 3 0 0 0 0 0
87 5 0 0 3 0 0 0 0 0
88 4 0 0 2 0 0 0 0 0
89 5 1 1 3 0 0 0 0 0
90 5 0 0 3 0 0 0 0 0
91 5 1 1 3 0 0 0 0 0
103 9 0 0 3 0 0 1 0 0
110 3 0 0 1 0 0 0 0 0
115 2 1 1 1 0 0 0 0 0
122 3 0 0 2 0 0 0 0 0
123 4 1 1 3 0 0 0 0 0
129 3 0 0 1 0 0 0 0 0
147 4 0 0 2 0 0 0 0 0
152 2 1 1 1 0 0 1 1 1
154 2 0 0 0 0 0 0 0 0
156 2 0 0 0 0 0 0 0 0
158 2 0 0 0 0 0 0 0 0
159 2 0 0 1 0 0 1 0 0
162 4 1 1 2 0 0 0 0 0
164 3 0 0 1 0 0 1 0 0
165 2 0 0 0 0 0 0 0 0
174 2 0 0 1 0 0 0 0 0
175 3 1 1 0 0 0 0 0 0
180 2 0 0 0 0 0 0 0 0
181 3 1 1 2 0 0 1 0 0
184 3 0 0 2 0 0 0 0 0
fl=./elf/./setup-vdso.h
fn=dl_main
24 2 0 0 1 0 0 0 0 0
fl=./iconv/./iconv/gconv_simple.c
fn=__gconv_btwoc_ascii
49 128 1 1 0 0 0 0 0 0
51 512 0 0 0 0 0 0 0 0
54 128 0 0 128 0 0 0 0 0
fl=./io/../sysdeps/unix/sysv/linux/access.c
fn=access
25 1 0 0 0 0 0 0 0 0
27 7 0 0 0 0 0 1 0 0
31 1 0 0 1 0 0 0 0 0
fl=./io/../sysdeps/unix/sysv/linux/close_nocancel.c
fn=__GI___close_nocancel
25 7 1 1 0 0 0 0 0 0
26 28 0 0 0 0 0 0 0 0
27 7 0 0 7 0 0 0 0 0
fn=__close_nocancel
25 2 2 1 0 0 0 0 0 0
26 8 2 1 0 0 0 0 0 0
27 2 0 0 2 0 0 0 0 0
fl=./io/../sysdeps/unix/sysv/linux/fstat64.c
fn=fstat
30 8 2 2 0 0 0 0 0 0
39 32 2 2 0 0 0 0 0 0
72 8 0 0 8 0 0 0 0 0
fl=./io/../sysdeps/unix/sysv/linux/fstatat64.c
fn=fstatat
91 6 0 0 0 0 0 0 0 0
146 6 0 0 0 0 0 0 0 0
160 4 1 1 0 0 0 2 0 0
161 11 0 0 2 0 0 0 0 0
162 1 0 0 1 0 0 0 0 0
fl=./io/../sysdeps/unix/sysv/linux/open64.c
fn=open
30 12 1 1 1 0 0 5 0 0
33 3 0 0 0 0 0 0 0 0
36 5 1 1 0 0 0 3 1 0
37 1 0 0 1 0 0 0 0 0
41 18 1 1 3 0 0 4 0 0
43 8 1 1 6 0 0 0 0 0
fl=./io/../sysdeps/unix/sysv/linux/open64_nocancel.c
fn=__open_nocancel
28 64 3 3 1 0 0 31 3 3
31 105 0 0 0 0 0 0 0 0
39 126 1 1 0 0 0 7 0 0
41 33 0 0 32 0 0 0 0 0
fl=./io/../sysdeps/unix/sysv/linux/pread64_nocancel.c
fn=__pread64_nocancel
25 4 0 0 0 0 0 0 0 0
26 8 0 0 0 0 0 0 0 0
27 2 0 0 2 0 0 0 0 0
fl=./io/../sysdeps/unix/sysv/linux/read_nocancel.c
fn=__read_nocancel
25 7 2 2 0 0 0 0 0 0
26 28 0 0 0 0 0 0 0 0
27 7 0 0 7 0 0 0 0 0
fl=./io/../sysdeps/unix/sysv/linux/stat64.c
fn=stat
28 6 0 0 0 0 0 0 0 0
29 12 0 0 0 0 0 0 0 0
fl=./io/../sysdeps/unix/sysv/linux/write.c
fn=write
25 4907 2 2 0 0 0 2804 170 0
26 10515 0 0 3505 0 0 2103 38 0
27 1402 0 0 1402 0 0 0 0 0
fl=./libio/../include/printf_buffer.h
fn=__vsnprintf_internal
124 63 0 0 0 0 0 21 21 21
127 21 0 0 0 0 0 21 0 0
128 21 0 0 0 0 0 21 0 0
137 42 0 0 0 0 0 21 0 0
fl=./libio/./libio/filedoalloc.c
fn=_IO_file_doallocate
78 11 2 2 1 0 0 5 0 0
84 9 1 1 3 1 0 1 1 0
86 4 0 0 1 1 0 0 0 0
97 4 0 0 1 0 0 0 0 0
101 3 0 0 0 0 0 1 0 0
102 2 0 0 0 0 0 0 0 0
104 4 1 1 0 0 0 1 0 0
105 1 0 0 0 0 0 0 0 0
106 9 0 0 7 0 0 0 0 0
fl=./libio/./libio/fileops.c
fn=_IO_do_write@@GLIBC_2.2.5
424 4178 1 1 0 0 0 1896 0 0
426 3370 0 0 0 0 0 0 0 0
427 2914 0 0 2598 0 0 0 0 0
434 632 1 1 316 0 0 0 0 0
441 1264 0 0 632 0 0 0 0 0
444 316 0 0 316 0 0 0 0 0
449 1580 0 0 316 68 0 316 162 0
450 1580 1 1 316 0 0 0 0 0
452 948 0 0 316 0 0 632 0 0
453 632 0 0 0 0 0 316 0 0
454 316 0 0 0 0 0 316 0 0
455 948 1 1 316 0 0 0 0 0
456 1580 0 0 632 0 0 0 0 0
fn=_IO_file_close
1165 1 1 1 0 0 0 0 0 0
1168 2 0 0 1 0 0 0 0 0
fn=_IO_file_close_it@@GLIBC_2.2.5
128 7 1 1 0 0 0 4 0 0
130 3 0 0 1 0 0 0 0 0
133 2 1 1 0 0 0 0 0 0
134 3 0 0 1 0 0 0 0 0
135 9 2 2 3 0 0 1 0 0
137 1 0 0 0 0 0 0 0 0
139 2 0 0 0 0 0 1 0 0
142 7 1 1 3 0 0 1 0 0
145 3 0 0 1 0 0 0 0 0
153 5 1 1 0 0 0 1 0 0
154 4 0 0 0 0 0 3 0 0
157 2 0 0 0 0 0 1 0 0
158 1 0 0 0 0 0 1 0 0
159 1 0 0 0 0 0 1 0 0
160 1 0 0 0 0 0 1 0 0
162 2 0 0 0 0 0 0 0 0
163 7 0 0 5 0 0 0 0 0
fn=_IO_file_finish@@GLIBC_2.2.5
168 6 1 1 0 0 0 3 0 0
169 2 0 0 1 0 0 0 0 0
175 3 1 1 0 0 0 0 0 0
176 3 0 0 3 0 0 0 0 0
fn=_IO_file_fopen@@GLIBC_2.2.5
213 12 1 1 1 0 0 7 0 0
222 2 0 0 1 0 0 0 0 0
224 12 2 2 1 1 1 0 0 0
247 12 2 2 1 0 0 0 0 0
281 5 1 1 0 0 0 1 0 0
284 2 0 0 0 0 0 0 0 0
287 4 0 0 0 0 0 1 0 0
288 2 0 0 0 0 0 0 0 0
357 12 0 0 9 0 0 0 0 0
fn=_IO_file_open
182 12 1 1 0 0 0 4 0 0
184 2 1 1 1 0 0 0 0 0
185 1 0 0 0 0 0 0 0 0
188 2 0 0 0 0 0 1 0 0
189 2 0 0 0 0 0 0 0 0
191 1 0 0 0 0 0 1 0 0
192 6 0 0 1 0 0 1 0 0
195 3 0 0 0 0 0 0 0 0
205 2 1 1 0 0 0 1 0 0
206 1 0 0 0 0 0 0 0 0
207 6 1 1 5 0 0 0 0 0
fn=_IO_file_overflow@@GLIBC_2.2.5
732 5608 2 2 0 0 0 2804 34 0
733 2804 0 0 701 0 0 0 0 0
740 3501 0 0 701 0 0 0 0 0
743 4 1 1 0 0 0 0 0 0
745 4 1 1 0 0 0 2 0 0
746 12 0 0 2 0 0 4 0 0
755 6 1 1 2 0 0 0 0 0
764 6 0 0 2 0 0 0 0 0
765 2 0 0 0 0 0 0 0 0
766 2 0 0 0 0 0 2 0 0
767 2 0 0 0 0 0 2 0 0
768 2 0 0 0 0 0 2 0 0
769 6 0 0 2 0 0 4 0 0
771 6 0 0 0 0 0 2 0 0
772 10 1 1 2 0 0 0 0 0
773 2 0 0 0 0 0 1 0 0
775 1402 1 1 0 0 0 0 0 0
776 808 0 0 0 0 0 0 0 0
777 1103 0 0 699 0 0 0 0 0
778 594 0 0 297 0 0 0 0 0
779 2376 1 1 297 0 0 297 162 0
781 1485 0 0 297 0 0 594 5 0
782 891 0 0 297 0 0 0 0 0
783 1188 0 0 0 0 0 0 0 0
787 297 0 0 0 0 0 0 0 0
788 3802 0 0 3101 0 0 0 0 0
fn=_IO_file_stat
1147 1 1 1 0 0 0 0 0 0
1148 2 0 0 1 0 0 0 0 0
fn=_IO_file_sync@@GLIBC_2.2.5
793 70 1 1 0 0 0 30 0 0
798 40 0 0 20 0 0 0 0 0
800 10 1 1 10 0 0 0 0 0
801 20 0 0 10 0 0 0 0 0
812 20 1 1 0 0 0 10 0 0
816 50 0 0 40 0 0 0 0 0
fn=_IO_file_write@@GLIBC_2.2.5
1174 5608 1 1 0 0 0 3505 12 0
1175 1402 0 0 0 0 0 0 0 0
1176 4206 0 0 0 0 0 0 0 0
1180 2103 1 1 701 0 0 0 0 0
1181 2103 0 0 701 0 0 701 0 0
1182 1402 0 0 0 0 0 0 0 0
1187 701 0 0 0 0 0 0 0 0
1188 701 0 0 0 0 0 0 0 0
1190 2103 0 0 0 0 0 0 0 0
1191 2103 0 0 701 0 0 0 0 0
1194 4206 0 0 4206 0 0 0 0 0
fn=_IO_file_xsputn@@GLIBC_2.2.5
434 770 0 0 385 0 0 0 0 0
441 1540 0 0 770 0 0 0 0 0
444 385 0 0 385 0 0 0 0 0
446 770 0 0 0 0 0 0 0 0
449 2310 0 0 385 1 0 770 0 0
450 2310 0 0 770 0 0 0 0 0
452 1155 0 0 385 0 0 770 0 0
453 770 0 0 0 0 0 385 0 0
454 385 0 0 0 0 0 385 0 0
455 770 1 1 385 0 0 0 0 0
456 1540 1 1 385 0 0 0 0 0
1198 3636 1 1 0 0 0 2424 35 21
1200 404 1 1 0 0 0 0 0 0
1204 1616 1 1 0 0 0 0 0 0
1205 404 0 0 0 0 0 0 0 0
1211 1616 0 0 404 0 0 0 0 0
1213 808 0 0 404 0 0 0 0 0
1228 1212 0 0 404 0 0 0 0 0
1244 2424 0 0 808 0 0 404 1 0
1250 808 0 0 808 0 0 0 0 0
1251 1250 2 2 0 0 0 0 0 0
1253 827 1 1 0 0 0 0 0 0
1256 770 0 0 0 0 0 0 0 0
1257 770 0 0 0 0 0 0 0 0
1264 808 0 0 0 0 0 0 0 0
1265 76 0 0 0 0 0 19 0 0
1267 57 0 0 0 0 0 0 0 0
1268 3636 1 1 2828 0 0 0 0 0
fn=_IO_new_file_init_internal
106 6 1 1 0 0 0 2 0 0
110 1 0 0 0 0 0 1 0 0
111 1 0 0 1 0 0 0 0 0
113 1 0 0 0 0 0 1 0 0
114 1 0 0 0 0 0 1 0 0
115 3 0 0 3 0 0 0 0 0
fl=./libio/./libio/genops.c
fn=_IO_cleanup
776 6 0 0 0 0 0 3 0 0
777 17 2 2 7 0 0 1 0 0
780 12 2 2 4 0 0 0 0 0
784 3 0 0 0 0 0 3 0 0
785 54 1 1 21 0 0 3 0 0
792 9 0 0 3 0 0 0 0 0
794 6 0 0 2 0 0 0 0 0
814 3 1 1 0 0 0 3 0 0
816 33 1 1 12 0 0 3 0 0
817 3 0 0 0 0 0 3 0 0
821 9 1 1 4 0 0 1 0 0
822 2 0 0 0 0 0 1 0 0
842 12 2 2 1 0 0 7 0 0
843 2 0 0 0 0 0 1 0 0
855 12 1 1 9 0 0 0 0 0
fn=_IO_default_finish
54 2 0 0 1 0 0 0 0 0
601 6 1 1 0 0 0 2 0 0
603 3 0 0 1 0 0 0 0 0
609 3 0 0 1 0 0 0 0 0
612 3 1 1 1 0 0 0 0 0
624 3 0 0 3 0 0 0 0 0
fn=_IO_default_xsputn
371 209 1 1 0 0 0 133 0 0
373 38 0 0 0 0 0 0 0 0
374 76 0 0 0 0 0 0 0 0
375 19 1 1 19 0 0 0 0 0
379 76 1 1 38 0 0 0 0 0
381 19 0 0 0 0 0 0 0 0
382 38 0 0 0 0 0 0 0 0
384 38 0 0 0 0 0 0 0 0
389 80 1 1 0 0 0 0 0 0
393 387 1 1 0 0 0 0 0 0
394 234 2 2 113 0 0 113 1 0
395 84 1 1 0 0 0 19 0 0
397 19 0 0 0 0 0 0 0 0
399 38 0 0 0 0 0 0 0 0
404 152 0 0 133 0 0 0 0 0
fn=_IO_doallocbuf
330 1 0 0 0 0 0 0 0 0
332 1 0 0 0 0 0 1 0 0
333 1 0 0 0 0 0 1 0 0
337 2 0 0 0 0 0 1 0 0
343 16 1 1 0 0 0 8 0 0
344 4 0 0 2 0 0 0 0 0
346 9 0 0 3 0 0 0 0 0
347 5 1 1 2 0 0 1 1 0
349 2 1 1 0 0 0 0 0 0
350 12 0 0 10 0 0 0 0 0
fn=_IO_enable_locks
518 1 1 1 0 0 0 0 0 0
521 3 0 0 1 1 1 0 0 0
523 1 0 0 0 0 0 1 0 0
524 9 0 0 0 0 0 0 0 0
525 3 0 0 3 3 0 0 0 0
526 1 0 0 1 0 0 0 0 0
1044 1 1 1 1 1 0 0 0 0
1058 3 0 0 3 0 0 0 0 0
fn=_IO_flush_all
686 12 1 1 1 0 0 7 0 0
687 1 0 0 0 0 0 0 0 0
691 6 1 1 0 0 0 3 0 0
692 14 1 1 4 0 0 1 0 0
695 12 0 0 4 1 0 0 0 0
697 3 1 1 0 0 0 3 0 0
698 51 1 1 21 2 0 3 0 0
700 21 1 1 9 2 1 0 0 0
708 36 3 3 18 0 0 3 0 0
709 3 0 0 0 0 0 3 0 0
713 9 1 1 4 0 0 1 0 0
714 2 1 1 0 0 0 1 0 0
718 12 0 0 9 0 0 0 0 0
fn=_IO_link_in
87 14 1 1 0 0 0 8 0 0
88 10 0 0 4 0 0 2 0 0
90 2 1 1 0 0 0 1 0 0
92 7 0 0 0 0 0 3 0 0
93 14 1 1 4 0 0 1 0 0
94 1 1 1 0 0 0 1 0 0
95 18 2 2 7 0 0 1 0 0
97 2 1 1 1 0 0 1 0 0
98 1 0 0 0 0 0 1 0 0
100 13 1 1 5 0 0 1 0 0
101 1 0 0 0 0 0 1 0 0
102 11 1 1 4 0 0 1 0 0
103 2 0 0 0 0 0 1 0 0
106 19 0 0 14 0 0 0 0 0
fn=_IO_no_init
563 11 1 1 0 0 0 5 0 0
564 1 0 0 0 0 0 1 0 0
565 1 1 1 0 0 0 1 0 0
566 2 0 0 0 0 0 0 0 0
568 1 0 0 0 0 0 1 0 0
572 6 0 0 0 0 0 5 1 1
579 1 0 0 0 0 0 1 1 1
581 1 0 0 0 0 0 1 0 0
587 1 1 1 0 0 0 1 0 0
588 6 0 0 6 0 0 0 0 0
fn=_IO_old_init
531 1 0 0 0 0 0 0 0 0
532 2 0 0 0 0 0 1 0 0
534 6 1 1 1 1 0 1 0 0
539 7 0 0 0 0 0 6 0 0
544 1 0 0 0 0 0 1 1 1
550 2 0 0 0 0 0 1 0 0
555 3 0 0 1 0 0 0 0 0
556 2 0 0 0 0 0 2 1 1
558 1 0 0 1 0 0 0 0 0
fn=_IO_setb
329 22 2 2 0 0 0 10 0 0
330 10 0 0 4 0 0 0 0 0
331 1 0 0 0 0 0 1 0 0
332 2 0 0 0 0 0 2 0 0
333 2 0 0 0 0 0 2 0 0
335 14 0 0 1 0 0 2 0 0
338 12 0 0 12 0 0 0 0 0
fn=_IO_un_link
53 2 1 1 0 0 0 0 0 0
54 4 0 0 2 0 0 0 0 0
82 2 0 0 1 0 0 0 0 0
fn=_IO_unsave_markers
937 6 1 1 0 0 0 2 0 0
939 2 0 0 1 0 0 0 0 0
944 3 0 0 1 0 0 0 0 0
946 3 1 1 3 0 0 0 0 0
fn=__GI__IO_un_link.part.0
52 10 1 1 1 0 0 5 1 0
58 6 1 1 0 0 0 3 0 0
59 14 1 1 4 1 0 1 0 0
60 1 0 0 0 0 0 1 0 0
61 20 2 2 7 0 0 1 0 0
63 3 0 0 1 1 0 0 0 0
65 2 1 1 0 0 0 0 0 0
66 3 1 1 1 0 0 1 0 0
74 3 0 0 1 0 0 1 0 0
76 15 2 2 5 0 0 1 0 0
77 1 1 1 0 0 0 1 0 0
78 11 1 1 4 0 0 1 0 0
79 2 0 0 0 0 0 1 0 0
82 9 1 1 7 0 0 0 0 0
fn=__overflow
199 1485 1 1 0 0 0 594 0 0
201 891 0 0 297 0 0 0 0 0
203 891 1 1 594 58 0 0 0 0
204 594 0 0 594 0 0 0 0 0
fl=./libio/./libio/iofclose.c
fn=fclose@@GLIBC_2.2.5
34 8 1 1 0 0 0 4 0 0
48 3 0 0 1 0 0 0 0 0
49 1 1 1 0 0 0 1 0 0
51 18 2 2 7 0 0 1 0 0
52 3 0 0 1 0 0 0 0 0
53 3 0 0 0 0 0 1 0 0
57 4 1 1 2 0 0 1 0 0
58 3 0 0 1 0 0 0 0 0
71 2 0 0 1 0 0 0 0 0
76 7 0 0 5 0 0 0 0 0
fl=./libio/./libio/iofflush.c
fn=fflush
32 60 2 2 0 0 0 30 0 0
33 20 0 0 0 0 0 0 0 0
39 180 2 2 70 2 1 10 0 0
40 50 0 0 20 1 0 10 0 0
44 50 0 0 40 0 0 0 0 0
fl=./libio/./libio/iofopen.c
fn=fopen@@GLIBC_2.2.5
37 2 0 0 1 0 0 0 0 0
65 2 0 0 0 0 0 1 0 0
67 3 1 1 0 0 0 0 0 0
70 2 0 0 0 0 0 1 1 1
72 7 0 0 0 0 0 1 0 0
73 2 0 0 0 0 0 1 0 0
74 2 1 1 0 0 0 1 0 0
75 7 0 0 0 0 0 1 0 0
85 9 1 1 0 0 0 5 0 0
87 7 1 1 6 0 0 0 0 0
fl=./libio/./libio/libioP.h
fn=_IO_cleanup
1025 1 0 0 0 0 0 0 0 0
fn=_IO_default_xsputn
1025 19 0 0 0 0 0 0 0 0
fn=_IO_do_write@@GLIBC_2.2.5
1025 948 1 1 0 0 0 0 0 0
1026 632 0 0 0 0 0 0 0 0
fn=_IO_doallocbuf
1025 3 0 0 0 0 0 0 0 0
1026 2 0 0 0 0 0 0 0 0
fn=_IO_file_close_it@@GLIBC_2.2.5
1025 3 0 0 0 0 0 0 0 0
1026 2 0 0 0 0 0 0 0 0
fn=_IO_file_doallocate
1025 3 0 0 0 0 0 0 0 0
1026 2 0 0 0 0 0 0 0 0
fn=_IO_file_xsputn@@GLIBC_2.2.5
1025 1982 1 1 0 0 0 0 0 0
1026 1578 1 1 0 0 0 0 0 0
fn=_IO_flush_all
1025 2 0 0 0 0 0 0 0 0
fn=__overflow
1025 891 0 0 0 0 0 0 0 0
1026 594 0 0 0 0 0 0 0 0
fn=fclose@@GLIBC_2.2.5
951 4 1 1 2 2 0 0 0 0
952 4 0 0 1 1 0 0 0 0
958 2 0 0 0 0 0 1 0 0
979 4 0 0 1 0 0 0 0 0
980 10 1 1 5 0 0 1 0 0
1025 3 0 0 0 0 0 0 0 0
1026 2 0 0 0 0 0 0 0 0
fn=fflush
979 20 0 0 10 0 0 0 0 0
980 100 1 1 50 0 0 10 0 0
1025 30 0 0 0 0 0 0 0 0
1026 20 0 0 0 0 0 0 0 0
fl=./libio/./libio/vsnprintf.c
fn=__vsnprintf_internal
63 42 0 0 0 0 0 0 0 0
66 21 0 0 0 0 0 21 0 0
75 63 0 0 42 0 0 0 0 0
76 21 0 0 0 0 0 21 0 0
87 42 0 0 0 0 0 21 0 0
93 273 2 2 21 0 0 63 21 21
96 63 1 1 0 0 0 21 21 21
98 126 0 0 105 0 0 0 0 0
fl=./libio/./libio/vtables.c
fn=check_stdfiles_vtables
545 1 1 1 0 0 0 0 0 0
546 4 0 0 2 2 0 0 0 0
547 3 1 1 2 1 0 0 0 0
548 3 0 0 2 1 0 0 0 0
550 1 0 0 1 0 0 0 0 0
fl=./locale/./locale/newlocale.c
fn=newlocale
43 15 2 2 1 0 0 8 0 0
55 2 0 0 0 0 0 0 0 0
56 1 0 0 0 0 0 1 0 0
63 2 1 1 0 0 0 0 0 0
66 3 0 0 0 0 0 0 0 0
73 4 2 2 2 0 0 0 0 0
75 1 0 0 0 0 0 0 0 0
277 12 1 1 9 0 0 0 0 0
fl=./locale/./locale/uselocale.c
fn=uselocale
30 2 1 1 0 0 0 0 0 0
31 6 1 1 4 2 0 0 0 0
33 4 0 0 0 0 0 0 0 0
36 4 0 0 0 0 0 0 0 0
37 2 0 0 0 0 0 2 0 0
65 6 0 0 4 2 0 2 0 0
66 6 0 0 4 0 0 2 0 0
68 6 1 1 4 1 0 2 0 0
72 6 0 0 0 0 0 0 0 0
73 2 0 0 2 0 0 0 0 0
fl=./malloc/../string/bits/string_fortified.h
fn=calloc
59 66 0 0 0 0 0 0 0 0
fn=tcache_init.part.0
59 88 1 1 0 0 0 81 9 9
fl=./malloc/../sysdeps/unix/sysv/linux/not-cancel.h
fn=ptmalloc_init.part.0
97 6 1 1 0 0 0 0 0 0
fl=./malloc/./malloc/arena.c
fn=_mid_memalign.isra.0
153 2 0 0 0 0 0 0 0 0
fn=calloc
153 44 0 0 0 0 0 0 0 0
fn=free
153 6 0 0 0 0 0 0 0 0
fn=malloc
153 16 0 0 0 0 0 0 0 0
264 1 1 1 0 0 0 1 0 0
fn=ptmalloc_init.part.0
262 8 1 1 1 0 0 4 0 0
267 1 0 0 0 0 0 1 0 0
292 2 1 1 1 0 0 0 0 0
296 3 0 0 1 1 0 1 0 0
300 4 0 0 0 0 0 1 0 0
301 4 1 1 0 0 0 1 0 0
302 4 0 0 0 0 0 1 0 0
303 4 0 0 0 0 0 1 0 0
304 4 1 1 0 0 0 1 0 0
305 4 0 0 0 0 0 1 0 0
306 4 0 0 0 0 0 1 0 0
308 4 1 1 0 0 0 1 0 0
309 4 0 0 0 0 0 1 0 0
310 4 0 0 0 0 0 1 0 0
313 4 0 0 0 0 0 1 0 0
314 4 1 1 0 0 0 1 0 0
316 2 0 0 1 1 1 0 0 0
326 8 0 0 6 0 0 0 0 0
fl=./malloc/./malloc/malloc.c
fn=_int_free
1792 1 1 1 1 1 0 0 0 0
3163 2 1 1 1 0 0 1 0 0
3165 4 0 0 1 1 0 1 0 0
3166 1 0 0 0 0 0 1 0 0
3167 2 0 0 0 0 0 1 0 0
4495 14 1 1 0 0 0 8 0 0
4499 6 1 1 2 0 0 0 0 0
4505 8 0 0 0 0 0 0 0 0
4506 4 0 0 0 0 0 0 0 0
4510 10 0 0 0 0 0 0 0 0
4517 4 0 0 0 0 0 0 0 0
4518 12 1 1 6 1 0 0 0 0
4521 1 0 0 0 0 0 0 0 0
4527 3 0 0 2 1 1 0 0 0
4547 5 0 0 2 1 0 0 0 0
4550 1 0 0 0 0 0 0 0 0
4561 2 0 0 0 0 0 0 0 0
4637 2 1 1 1 0 0 0 0 0
4640 2 0 0 1 0 0 0 0 0
4643 2 1 1 0 0 0 0 0 0
4644 4 1 1 1 1 0 0 0 0
4646 2 0 0 0 0 0 1 0 0
4649 4 1 1 2 0 0 0 0 0
4658 12 0 0 10 0 0 0 0 0
fn=_int_free_maybe_consolidate
4770 33 2 1 3 0 0 21 0 0
4776 6 0 0 0 0 0 0 0 0
4798 33 1 1 27 0 0 0 0 0
fn=_int_free_merge_chunk
1992 6 0 0 2 0 0 0 0 0
4665 16 1 1 0 0 0 12 1 0
4666 2 0 0 0 0 0 0 0 0
4670 12 0 0 2 1 0 0 0 0
4673 8 1 1 2 0 0 0 0 0
4675 6 2 1 2 0 0 0 0 0
4678 6 0 0 2 0 0 0 0 0
4681 4 0 0 0 0 0 0 0 0
4682 4 0 0 0 0 0 0 0 0
4683 4 0 0 2 1 0 0 0 0
4689 4 1 1 2 0 0 0 0 0
4701 6 0 0 0 0 0 0 0 0
4702 14 0 0 12 0 0 0 0 0
4714 4 0 0 2 0 0 0 0 0
4720 2 0 0 1 0 0 0 0 0
4724 1 0 0 1 0 0 0 0 0
4732 1 0 0 0 0 0 0 0 0
4733 4 1 1 1 0 0 0 0 0
4734 2 0 0 1 0 0 0 0 0
4736 1 0 0 0 0 0 1 0 0
4738 2 0 0 0 0 0 0 0 0
4743 1 0 0 0 0 0 1 0 0
4744 1 0 0 0 0 0 1 0 0
4746 3 0 0 0 0 0 1 0 0
4747 1 1 1 0 0 0 1 0 0
4756 1 0 0 0 0 0 0 0 0
4757 3 0 0 0 0 0 1 0 0
4758 2 1 1 0 0 0 1 0 0
fn=_int_malloc
1326 62 0 0 0 0 0 0 0 0
1345 186 0 0 0 0 0 0 0 0
1794 30 1 1 30 0 0 0 0 0
2008 8 1 1 2 0 0 0 0 0
2017 2 1 1 2 0 0 0 0 0
2552 12 1 1 4 0 0 4 0 0
2553 1 1 1 0 0 0 1 0 0
2564 4 2 1 2 1 0 0 0 0
2565 3 0 0 2 0 0 0 0 0
2568 4 0 0 1 0 0 0 0 0
2576 6 0 0 1 0 0 2 0 0
2577 2 0 0 0 0 0 0 0 0
2589 4 0 0 1 0 0 1 0 0
2590 2 0 0 0 0 0 1 0 0
2599 4 1 1 0 0 0 0 0 0
2608 3 1 1 0 0 0 0 0 0
2669 3 1 1 1 0 0 1 0 0
2677 2 0 0 1 0 0 0 0 0
2678 3 0 0 1 0 0 1 0 0
2691 3 1 1 1 0 0 0 0 0
2693 1 0 0 1 0 0 0 0 0
2699 5 0 0 1 0 0 1 0 0
2707 2 0 0 0 0 0 0 0 0
2709 4 2 2 0 0 0 2 0 0
2710 3 0 0 1 0 0 0 0 0
2711 1 0 0 0 0 0 0 0 0
2712 1 0 0 0 0 0 0 0 0
2715 2 0 0 0 0 0 0 0 0
2744 3 0 0 1 1 1 0 0 0
2745 1 1 1 0 0 0 1 0 0
2746 2 0 0 0 0 0 1 0 0
2752 8 0 0 1 0 0 0 0 0
2755 4 1 1 2 0 0 0 0 0
2782 2 0 0 0 0 0 0 0 0
2783 1 0 0 0 0 0 0 0 0
2795 3 1 1 0 0 0 0 0 0
2814 2 0 0 1 0 0 0 0 0
2817 2 0 0 0 0 0 0 0 0
2818 6 1 1 1 0 0 0 0 0
2820 1 0 0 0 0 0 0 0 0
2821 6 0 0 0 0 0 4 0 0
2833 5 0 0 3 0 0 0 0 0
2873 1 0 0 0 0 0 0 0 0
2875 1 0 0 0 0 0 1 0 0
2876 5 0 0 0 0 0 1 1 1
2877 1 0 0 1 0 0 0 0 0
2888 3 1 1 1 0 0 0 0 0
2921 3 1 1 2 0 0 0 0 0
2922 1 0 0 0 0 0 1 0 0
2926 1 0 0 1 0 0 0 0 0
2930 5 1 1 2 0 0 0 0 0
2932 1 0 0 0 0 0 0 0 0
2933 1 0 0 0 0 0 0 0 0
2934 1 0 0 0 0 0 1 0 0
2935 7 0 0 0 0 0 1 0 0
2936 2 0 0 0 0 0 1 1 1
2938 1 0 0 0 0 0 0 0 0
3846 341 2 2 31 1 0 217 1 0
3882 1 0 0 0 0 0 0 0 0
3887 62 1 1 0 0 0 0 0 0
3914 65 1 1 1 0 0 0 0 0
3916 4 0 0 0 0 0 0 0 0
3919 3 0 0 2 0 0 0 0 0
3921 4 0 0 0 0 0 0 0 0
3930 6 1 1 0 0 0 0 0 0
3977 58 2 1 0 0 0 0 0 0
3979 152 0 0 0 0 0 0 0 0
3980 54 1 1 0 0 0 0 0 0
3982 81 0 0 27 3 0 0 0 0
4039 67 2 1 0 0 0 0 0 0
4040 12 0 0 4 1 0 0 0 0
4058 91 1 0 30 0 0 0 0 0
4059 93 0 0 0 0 0 31 1 0
4060 93 2 1 62 0 0 0 0 0
4069 2 0 0 0 0 0 1 0 0
4070 183 2 2 32 2 0 31 0 0
4072 1 0 0 1 0 0 0 0 0
4073 2 0 0 1 0 0 0 0 0
4074 1 0 0 0 0 0 0 0 0
4076 2 0 0 0 0 0 0 0 0
4077 3 1 1 1 0 0 0 0 0
4079 1 0 0 1 0 0 0 0 0
4080 4 0 0 0 0 0 0 0 0
4082 4 0 0 1 0 0 0 0 0
4084 2 1 1 1 0 0 0 0 0
4085 2 0 0 1 0 0 0 0 0
4087 2 0 0 0 0 0 0 0 0
4098 4 0 0 0 0 0 0 0 0
4099 2 1 1 1 0 0 0 0 0
4127 1 0 0 0 0 0 1 0 0
4128 1 0 0 0 0 0 1 0 0
4132 2 0 0 0 0 0 0 0 0
4161 2 1 1 0 0 0 0 0 0
4163 2 1 1 0 0 0 1 0 0
4164 4 0 0 0 0 0 0 0 0
4165 1 0 0 1 1 0 0 0 0
4221 7 1 1 2 0 0 0 0 0
4222 1 0 0 0 0 0 1 0 0
4223 1 0 0 0 0 0 1 0 0
4224 1 0 0 0 0 0 1 0 0
4225 1 0 0 0 0 0 1 0 0
4230 2 0 0 2 0 0 0 0 0
4231 2 0 0 0 0 0 0 0 0
4240 4 1 1 2 0 0 0 0 0
4246 2 0 0 0 0 0 0 0 0
4257 93 1 1 0 0 0 0 0 0
4259 16 0 0 0 0 0 0 0 0
4262 12 0 0 4 3 0 0 0 0
4263 31 1 1 0 0 0 0 0 0
4330 31 0 0 0 0 0 0 0 0
4331 62 0 0 0 0 0 0 0 0
4332 62 0 0 0 0 0 0 0 0
4333 62 0 0 31 2 0 0 0 0
4334 186 0 0 0 0 0 0 0 0
4339 124 1 1 0 0 0 0 0 0
4343 307 1 1 0 0 0 0 0 0
4346 320 1 1 80 0 0 0 0 0
4443 31 1 1 31 0 0 0 0 0
4444 62 0 0 31 2 0 0 0 0
4446 62 0 0 31 2 0 0 0 0
4449 93 0 0 0 0 0 0 0 0
4451 29 0 0 0 0 0 0 0 0
4452 58 0 0 0 0 0 0 0 0
4453 29 0 0 0 0 0 29 0 0
4454 232 2 1 0 0 0 29 0 0
4456 58 0 0 0 0 0 29 28 28
4459 58 0 0 0 0 0 0 0 0
4460 93 1 1 0 0 0 31 2 0
4461 31 0 0 0 0 0 0 0 0
4466 8 0 0 2 0 0 2 0 0
4482 3 0 0 0 0 0 0 0 0
4487 372 2 2 279 0 0 0 0 0
fn=_int_memalign
1326 2 0 0 0 0 0 0 0 0
1345 8 1 1 0 0 0 0 0 0
4714 2 0 0 0 0 0 0 0 0
4756 1 1 1 0 0 0 0 0 0
4757 3 0 0 0 0 0 1 1 1
4758 2 0 0 0 0 0 1 0 0
5039 8 1 1 0 0 0 6 0 0
5069 4 0 0 0 0 0 2 0 0
5071 3 0 0 1 0 0 0 0 0
5074 1 0 0 0 0 0 0 0 0
5076 4 0 0 0 0 0 0 0 0
5083 5 1 1 0 0 0 0 0 0
5085 4 0 0 0 0 0 0 0 0
5090 4 0 0 1 0 0 0 0 0
5093 2 0 0 0 0 0 0 0 0
5101 10 1 1 0 0 0 2 0 0
5103 1 0 0 1 0 0 0 0 0
5104 5 0 0 1 0 0 1 0 0
5105 2 0 0 0 0 0 1 0 0
5106 1 0 0 0 0 0 0 0 0
5108 9 1 1 1 0 0 0 0 0
5113 3 0 0 1 0 0 0 0 0
5115 2 0 0 0 0 0 0 0 0
5116 1 0 0 0 0 0 0 0 0
5117 2 0 0 1 0 0 0 0 0
5118 2 0 0 0 0 0 0 0 0
5120 1 0 0 0 0 0 0 0 0
5121 2 0 0 0 0 0 0 0 0
5122 1 1 1 1 0 0 0 0 0
5129 1 0 0 0 0 0 0 0 0
5130 3 2 2 0 0 0 1 0 0
5134 3 1 1 0 0 0 1 0 0
5140 1 0 0 0 0 0 0 0 0
5141 9 0 0 7 0 0 0 0 0
fn=_mid_memalign.isra.0
1326 2 0 0 0 0 0 0 0 0
1345 5 0 0 0 0 0 0 0 0
3575 7 1 1 0 0 0 4 0 0
3581 2 1 1 0 0 0 0 0 0
3585 2 0 0 0 0 0 0 0 0
3590 3 2 2 0 0 0 0 0 0
3598 3 0 0 0 0 0 0 0 0
3615 3 0 0 0 0 0 0 0 0
3617 2 1 1 1 0 0 0 0 0
3638 2 0 0 1 0 0 0 0 0
3640 5 1 1 0 0 0 1 0 0
3641 5 1 1 1 0 0 0 0 0
3643 2 1 1 0 0 0 0 0 0
3662 6 0 0 5 0 0 0 0 0
fn=alloc_perturb
1985 93 1 1 31 0 0 0 0 0
1987 31 0 0 31 0 0 0 0 0
fn=calloc
3699 198 2 1 0 0 0 132 0 0
3709 198 2 1 0 0 0 0 0 0
3717 44 0 0 22 0 0 0 0 0
3720 66 0 0 44 0 0 0 0 0
3722 44 1 1 22 0 0 0 0 0
3725 168 0 0 63 0 0 0 0 0
3732 22 1 1 22 0 0 0 0 0
3733 45 0 0 22 0 0 0 0 0
3740 63 1 1 0 0 0 0 0 0
3754 66 0 0 0 0 0 22 0 0
3756 220 3 2 22 0 0 0 0 0
3759 45 1 1 22 0 0 0 0 0
3769 84 0 0 42 0 0 0 0 0
3784 43 0 0 21 0 0 0 0 0
3787 84 0 0 0 0 0 0 0 0
3796 66 1 1 22 0 0 0 0 0
3799 110 0 0 0 0 0 0 0 0
3807 22 1 1 0 0 0 0 0 0
3809 44 0 0 0 0 0 0 0 0
3811 44 0 0 0 0 0 0 0 0
3837 154 1 1 132 0 0 0 0 0
fn=free
3359 21 2 2 0 0 0 12 0 0
3363 6 0 0 0 0 0 0 0 0
3371 6 0 0 6 0 0 0 0 0
3373 3 0 0 0 0 0 0 0 0
3375 9 0 0 3 0 0 0 0 0
3379 3 1 1 1 0 0 0 0 0
3381 4 0 0 1 1 0 0 0 0
3383 2 0 0 0 0 0 1 0 0
3384 2 0 0 0 0 0 1 0 0
3385 1 0 0 0 0 0 0 0 0
3388 2 0 0 0 0 0 1 0 0
3392 6 0 0 4 2 0 0 0 0
3398 6 1 1 0 0 0 2 0 0
3401 3 0 0 0 0 0 3 0 0
3402 18 1 1 15 0 0 0 0 0
fn=malloc
1326 14 0 0 0 0 0 0 0 0
1345 34 1 1 0 0 0 0 0 0
3248 4 1 1 2 0 0 1 0 0
3294 56 1 1 0 0 0 28 0 0
3301 14 0 0 7 3 1 0 0 0
3311 12 0 0 0 0 0 0 0 0
3313 28 0 0 14 4 0 0 0 0
3316 14 1 1 7 2 0 0 0 0
3317 4 0 0 1 0 0 0 0 0
3318 12 1 0 4 2 0 0 0 0
3326 14 1 1 7 0 0 0 0 0
3328 20 1 1 0 0 0 5 0 0
3329 25 1 1 5 0 0 0 0 0
3334 16 0 0 6 1 0 0 0 0
3336 6 0 0 0 0 0 2 1 0
3339 4 0 0 0 0 0 0 0 0
3347 8 1 1 4 0 0 0 0 0
3351 10 1 0 2 0 0 0 0 0
3354 42 0 0 35 0 0 0 0 0
fn=memalign
3543 1 1 1 0 0 0 0 0 0
3544 2 0 0 1 0 0 0 0 0
3548 1 0 0 0 0 0 0 0 0
fn=munmap_chunk
3024 2 1 1 0 0 0 1 0 0
3025 2 0 0 2 2 0 0 0 0
3026 3 0 0 1 0 0 0 0 0
3028 2 0 0 0 0 0 0 0 0
3030 1 0 0 0 0 0 0 0 0
3031 3 0 0 1 0 0 0 0 0
3032 1 0 0 0 0 0 0 0 0
3038 4 0 0 0 0 0 0 0 0
3039 5 1 1 0 0 0 0 0 0
3042 1 0 0 2 0 0 0 0 0
3043 3 0 0 2 0 0 0 0 0
3048 2 0 0 0 0 0 0 0 0
3049 1 0 0 1 0 0 0 0 0
fn=ptmalloc_init.part.0
1946 385 1 1 0 0 0 0 0 0
1949 381 0 0 0 0 0 127 33 32
1957 1 0 0 0 0 0 1 0 0
1958 1 0 0 0 0 0 1 1 1
1960 1 0 0 0 0 0 1 0 0
3143 2 0 0 0 0 0 0 0 0
fn=realloc
3407 11 1 1 0 0 0 6 0 0
3413 2 1 1 1 0 0 0 0 0
3417 2 0 0 0 0 0 0 0 0
3424 2 0 0 0 0 0 0 0 0
3425 2 0 0 0 0 0 0 0 0
3538 7 0 0 6 0 0 0 0 0
fn=sysmalloc_mmap.isra.0
2008 4 0 0 1 0 0 0 0 0
2400 6 1 1 0 0 0 4 0 0
2413 3 0 0 0 0 0 0 0 0
2418 2 0 0 0 0 0 0 0 0
2421 10 1 1 0 0 0 1 0 0
2424 2 1 1 0 0 0 0 0 0
2428 2 0 0 0 0 0 0 0 0
2432 4 0 0 0 0 0 1 0 0
2448 3 0 0 0 0 0 0 0 0
2466 1 0 0 0 0 0 1 1 1
2467 3 1 1 0 0 0 1 0 0
2471 3 0 0 2 0 0 0 0 0
2472 5 0 0 2 0 0 0 0 0
2475 3 1 1 2 0 0 0 0 0
2476 5 0 0 2 0 0 0 0 0
2481 7 0 0 5 0 0 0 0 0
fn=tcache_init.part.0
3242 4 1 1 0 0 0 2 0 0
3251 8 0 0 3 0 0 0 0 0
3252 3 1 1 0 0 0 1 0 0
3253 2 0 0 0 0 0 0 0 0
3261 4 0 0 2 0 0 0 0 0
3270 2 0 0 1 0 0 1 0 0
3274 3 0 0 3 0 0 0 0 0
fl=./malloc/./malloc/morecore.c
fn=__glibc_morecore
25 6 1 1 0 0 0 2 0 0
26 4 0 0 2 0 0 0 0 0
29 2 0 0 0 0 0 2 0 0
30 4 0 0 0 0 0 0 0 0
34 4 0 0 4 0 0 0 0 0
fl=./malloc/./malloc/scratch_buffer_set_array_size.c
fn=__libc_scratch_buffer_set_array_size
30 78 1 1 0 0 0 24 0 0
34 6 0 0 0 0 0 0 0 0
35 12 0 0 0 0 0 0 0 0
45 12 0 0 6 0 0 0 0 0
46 6 0 0 0 0 0 0 0 0
63 36 1 1 30 0 0 0 0 0
fl=./math/../sysdeps/ieee754/dbl-64/e_pow.c
fn=__ieee754_pow_fma
45 3062700 1 1 0 0 0 0 0 0
62 113580 0 0 0 0 0 0 0 0
63 113580 0 0 0 0 0 0 0 0
64 113580 0 0 0 0 0 0 0 0
65 170370 0 0 0 0 0 0 0 0
67 113580 0 0 0 0 0 0 0 0
72 283950 1 1 0 0 0 0 0 0
77 170370 0 0 113580 1 0 0 0 0
88 113580 1 1 113580 866 42 0 0 0
89 56790 0 0 0 0 0 0 0 0
90 113580 0 0 113580 507 23 0 0 0
91 113580 0 0 0 0 0 0 0 0
95 56790 0 0 56790 0 0 0 0 0
96 56790 0 0 0 0 0 0 0 0
97 56790 0 0 0 0 0 0 0 0
100 56790 0 0 0 0 0 0 0 0
101 56790 0 0 0 0 0 0 0 0
102 113580 0 0 0 0 0 0 0 0
112 454320 2 2 340740 1 1 0 0 0
113 227160 0 0 0 0 0 0 0 0
114 56790 0 0 0 0 0 0 0 0
115 113580 0 0 0 0 0 0 0 0
193 56790 1 1 0 0 0 0 0 0
194 170370 0 0 0 0 0 0 0 0
197 8568 1 1 0 0 0 0 0 0
201 4284 0 0 4284 0 0 0 0 0
202 8568 0 0 0 0 0 0 0 0
225 210024 0 0 105012 1 1 0 0 0
227 52506 0 0 0 0 0 0 0 0
229 105012 0 0 105012 0 0 0 0 0
231 52506 0 0 0 0 0 0 0 0
233 157518 0 0 0 0 0 0 0 0
234 105012 0 0 0 0 0 0 0 0
237 52506 0 0 52506 656 33 0 0 0
240 52506 0 0 0 0 0 0 0 0
243 420048 1 1 262530 0 0 0 0 0
244 105012 0 0 0 0 0 0 0 0
249 105012 0 0 0 0 0 0 0 0
273 2132136 0 0 0 0 0 0 0 0
283 589824 1 1 0 0 0 0 0 0
284 589824 0 0 0 0 0 0 0 0
292 2053422 0 0 0 0 0 0 0 0
299 1599102 1 1 0 0 0 0 0 0
314 1066068 0 0 0 0 0 0 0 0
316 533034 1 1 0 0 0 0 0 0
317 1066068 0 0 0 0 0 0 0 0
322 2132136 1 1 0 0 0 0 0 0
369 56790 0 0 0 0 0 0 0 0
370 113580 0 0 0 0 0 0 0 0
380 1179648 0 0 589824 0 0 0 0 0
fl=./math/../sysdeps/ieee754/dbl-64/math_config.h
fn=__ieee754_pow_fma
85 1288944 1 1 0 0 0 0 0 0
97 52506 0 0 0 0 0 0 0 0
fl=./math/../sysdeps/ieee754/dbl-64/s_sin.c
fn=__sincos_fma
104 141342 0 0 16541 0 0 0 0 0
105 188985 1 1 49508 0 0 0 0 0
107 49869 1 1 16623 0 0 0 0 0
108 99295 0 0 0 0 0 0 0 0
111 66049 0 0 0 0 0 0 0 0
112 248016 1 1 33246 0 0 0 0 0
113 281262 2 2 49869 0 0 16623 0 0
114 249345 1 1 66492 144 15 16623 0 0
115 198147 1 1 16623 0 0 0 0 0
116 66049 0 0 0 0 0 0 0 0
128 238608 1 1 106510 2 2 0 0 0
129 153690 6 6 92473 1 0 0 0 0
133 200568 1 1 41634 0 0 0 0 0
134 97402 1 1 20731 0 0 0 0 0
135 98852 1 1 49426 1 1 0 0 0
136 98852 1 1 0 0 0 0 0 0
139 55619 0 0 0 0 0 0 0 0
140 381410 2 2 83268 5 1 34032 0 0
141 423044 1 1 124902 1 1 0 0 0
142 691964 1 1 197704 316 40 0 0 0
143 256508 0 0 48017 0 0 0 0 0
144 230078 1 1 7602 0 0 0 0 0
156 121383 0 0 80922 2 2 0 0 0
157 40461 0 0 0 0 0 0 0 0
159 80922 1 1 80922 0 0 0 0 0
160 80922 0 0 0 0 0 0 0 0
164 161844 0 0 40461 1 1 0 0 0
165 80922 0 0 0 0 0 0 0 0
168 121383 0 0 40461 0 0 0 0 0
169 121383 0 0 0 0 0 0 0 0
fl=./math/../sysdeps/ieee754/dbl-64/s_sincos.c
fn=__sincos_fma
37 858637 1 1 66049 0 0 396294 0 0
44 198147 0 0 0 0 0 0 0 0
46 132098 0 0 0 0 0 0 0 0
50 51176 0 0 0 0 0 0 0 0
53 51176 0 0 25588 0 0 0 0 0
59 51176 1 1 0 0 0 0 0 0
61 8965 0 0 0 0 0 8965 0 0
62 8965 0 0 0 0 0 8965 0 0
63 8965 0 0 0 0 0 0 0 0
67 33246 0 0 16623 1 1 0 0 0
68 33246 0 0 16623 1 1 0 0 0
69 33246 0 0 0 0 0 0 0 0
70 66492 0 0 0 0 0 16623 0 0
71 16623 0 0 0 0 0 16623 0 0
72 16623 0 0 0 0 0 0 0 0
75 80922 1 1 0 0 0 0 0 0
81 80922 1 1 0 0 0 0 0 0
84 121383 0 0 0 0 0 0 0 0
86 30940 0 0 15470 0 0 0 0 0
87 15470 0 0 0 0 0 0 0 0
90 151857 1 1 0 0 0 0 0 0
97 40461 0 0 0 0 0 40461 0 0
99 153669 0 0 32286 0 0 40461 0 0
100 40461 0 0 0 0 0 0 0 0
107 660490 1 1 528392 0 0 0 0 0
fl=./math/../sysdeps/x86/fpu/fenv_private.h
fn=__sincos_fma
415 66049 0 0 0 0 0 66049 0 0
416 264196 0 0 66049 0 0 66049 0 0
419 264196 1 1 0 0 0 0 0 0
431 132098 1 1 0 0 0 0 0 0
fl=./math/../sysdeps/x86_64/fpu/multiarch/e_asin.c
fn=__acos_finite@GLIBC_2.15
35 1 1 1 0 0 0 0 0 0
fn=__asin_finite@GLIBC_2.15
27 2 1 1 1 0 0 0 0 0
fl=./math/../sysdeps/x86_64/fpu/multiarch/e_atan2.c
fn=__atan2_finite@GLIBC_2.15
26 2 1 1 1 0 0 0 0 0
fl=./math/../sysdeps/x86_64/fpu/multiarch/e_exp.c
fn=__exp_finite@GLIBC_2.15
27 2 2 2 1 0 0 0 0 0
fl=./math/../sysdeps/x86_64/fpu/multiarch/e_exp2f.c
fn=exp2f@@GLIBC_2.27
27 2 1 1 1 0 0 0 0 0
fl=./math/../sysdeps/x86_64/fpu/multiarch/e_expf.c
fn=expf@@GLIBC_2.27
27 2 1 1 1 0 0 0 0 0
fl=./math/../sysdeps/x86_64/fpu/multiarch/e_log.c
fn=__log_finite@GLIBC_2.15
27 2 2 2 1 0 0 0 0 0
fl=./math/../sysdeps/x86_64/fpu/multiarch/e_log2.c
fn=log2@@GLIBC_2.29
27 2 1 1 1 0 0 0 0 0
fl=./math/../sysdeps/x86_64/fpu/multiarch/e_log2f.c
fn=log2f@@GLIBC_2.27
27 2 1 1 1 0 0 0 0 0
fl=./math/../sysdeps/x86_64/fpu/multiarch/e_logf.c
fn=logf@@GLIBC_2.27
27 2 1 1 1 0 0 0 0 0
fl=./math/../sysdeps/x86_64/fpu/multiarch/e_pow.c
fn=__pow_finite@GLIBC_2.15
27 2 1 1 1 0 0 0 0 0
fl=./math/../sysdeps/x86_64/fpu/multiarch/e_powf.c
fn=powf@@GLIBC_2.27
30 1 1 1 0 0 0 0 0 0
fl=./math/../sysdeps/x86_64/fpu/multiarch/ifunc-avx-fma4.h
fn=__atan2_finite@GLIBC_2.15
32 5 0 0 2 0 0 0 0 0
33 2 1 1 1 0 0 0 0 0
fn=__exp_finite@GLIBC_2.15
32 5 0 0 2 0 0 0 0 0
33 2 0 0 1 0 0 0 0 0
fn=__log_finite@GLIBC_2.15
32 5 0 0 2 0 0 0 0 0
33 2 0 0 1 0 0 0 0 0
fn=cos
32 5 1 1 2 0 0 0 0 0
33 2 0 0 1 0 0 0 0 0
fn=sin
32 5 0 0 2 0 0 0 0 0
33 2 0 0 1 0 0 0 0 0
fl=./math/../sysdeps/x86_64/fpu/multiarch/ifunc-fma.h
fn=__log1p
29 4 0 0 2 0 0 0 0 0
30 3 0 0 1 0 0 0 0 0
fn=cosf
29 4 0 0 2 1 0 0 0 0
30 3 0 0 1 0 0 0 0 0
fn=exp2f@@GLIBC_2.27
29 4 0 0 2 0 0 0 0 0
30 3 0 0 1 0 0 0 0 0
fn=expf@@GLIBC_2.27
29 4 1 1 2 0 0 0 0 0
30 3 0 0 1 0 0 0 0 0
fn=expm1
29 4 0 0 2 0 0 0 0 0
30 3 1 1 1 0 0 0 0 0
fn=log2@@GLIBC_2.29
29 4 0 0 2 0 0 0 0 0
30 3 0 0 1 0 0 0 0 0
fn=log2f@@GLIBC_2.27
29 4 0 0 2 0 0 0 0 0
30 3 1 1 1 0 0 0 0 0
fn=logf@@GLIBC_2.27
29 4 0 0 2 0 0 0 0 0
30 3 0 0 1 0 0 0 0 0
fn=powf@@GLIBC_2.27
29 4 0 0 2 0 0 0 0 0
30 4 0 0 2 0 0 0 0 0
fn=sincosf
29 4 1 1 2 0 0 0 0 0
30 3 0 0 1 0 0 0 0 0
fn=sinf
29 4 0 0 2 0 0 0 0 0
30 3 0 0 1 0 0 0 0 0
fl=./math/../sysdeps/x86_64/fpu/multiarch/ifunc-fma4.h
fn=__acos_finite@GLIBC_2.15
31 4 0 0 2 0 0 0 0 0
32 2 1 1 1 0 0 0 0 0
35 1 0 0 1 0 0 0 0 0
fn=__asin_finite@GLIBC_2.15
31 4 0 0 2 0 0 0 0 0
32 2 0 0 1 0 0 0 0 0
fn=__pow_finite@GLIBC_2.15
31 4 1 1 2 0 0 0 0 0
32 2 0 0 1 0 0 0 0 0
fn=sincos
31 8 1 1 4 2 0 0 0 0
32 4 0 0 2 0 0 0 0 0
fl=./math/../sysdeps/x86_64/fpu/multiarch/s_cosf.c
fn=cosf
26 2 1 1 1 0 0 0 0 0
fl=./math/../sysdeps/x86_64/fpu/multiarch/s_expm1.c
fn=expm1
26 2 1 1 1 0 0 0 0 0
fl=./math/../sysdeps/x86_64/fpu/multiarch/s_fma.c
fn=fma
49 6 2 2 3 0 0 0 0 0
fl=./math/../sysdeps/x86_64/fpu/multiarch/s_log1p.c
fn=__log1p
26 2 1 1 1 0 0 0 0 0
fl=./math/../sysdeps/x86_64/fpu/multiarch/s_sin.c
fn=cos
34 2 1 1 1 0 0 0 0 0
fn=sin
27 2 1 1 1 0 0 0 0 0
fl=./math/../sysdeps/x86_64/fpu/multiarch/s_sincos.c
fn=sincos
26 4 1 1 2 0 0 0 0 0
fl=./math/../sysdeps/x86_64/fpu/multiarch/s_sincosf.c
fn=sincosf
26 2 1 1 1 0 0 0 0 0
fl=./math/../sysdeps/x86_64/fpu/multiarch/s_sinf.c
fn=sinf
26 2 1 1 1 0 0 0 0 0
fl=./math/./w_pow_template.c
fn=pow@@GLIBC_2.29
31 3538944 2 2 0 0 0 1179648 0 0
32 1179648 0 0 0 0 0 1179648 0 0
33 4128768 0 0 1769472 3 0 0 0 0
45 6623568 1 1 0 0 0 0 0 0
49 1769472 1 1 1769472 0 0 0 0 0
fl=./misc/../sysdeps/unix/syscall-template.S
fn=mprotect
117 145 3 3 0 0 0 0 0 0
122 29 0 0 29 0 0 0 0 0
fn=munmap
117 10 2 2 0 0 0 0 0 0
122 2 0 0 2 0 0 0 0 0
fl=./misc/../sysdeps/unix/sysv/linux/brk.c
fn=brk
36 2 1 1 0 0 0 0 0 0
37 4 0 0 2 0 0 2 0 0
38 4 0 0 0 0 0 0 0 0
44 2 0 0 0 0 0 0 0 0
45 2 0 0 2 0 0 0 0 0
fl=./misc/../sysdeps/unix/sysv/linux/brk_call.h
fn=brk
24 4 0 0 0 0 0 0 0 0
fl=./misc/../sysdeps/unix/sysv/linux/clone-internal.c
fn=__clone_internal
53 42 0 0 42 0 0 0 0 0
62 42 1 1 42 0 0 0 0 0
64 168 0 0 63 0 0 42 0 0
80 63 0 0 21 0 0 0 0 0
82 4 0 0 0 0 0 1 0 0
83 4 1 1 1 0 0 0 0 0
86 1 0 0 0 0 0 1 0 0
97 252 2 2 0 0 0 126 0 0
99 42 0 0 42 2 0 0 0 0
106 21 0 0 0 0 0 21 0 0
109 42 0 0 42 0 0 0 0 0
110 168 0 0 147 0 0 0 0 0
fl=./misc/../sysdeps/unix/sysv/linux/getpagesize.c
fn=getpagesize
27 22 1 1 0 0 0 0 0 0
28 88 1 1 44 0 0 0 0 0
30 22 0 0 22 0 0 0 0 0
fl=./misc/../sysdeps/unix/sysv/linux/getsysstats.c
fn=get_nprocs_conf
230 3 1 1 0 0 0 1 0 0
231 2 0 0 0 0 0 1 0 0
232 2 0 0 0 0 0 0 0 0
237 2 0 0 2 0 0 0 0 0
fn=read_sysfs_file
72 6 1 1 0 0 0 1 0 0
73 2 0 0 0 0 0 0 0 0
76 1 1 1 0 0 0 0 0 0
78 4 0 0 0 0 0 1 0 0
79 2 0 0 0 0 0 0 0 0
102 1 1 1 0 0 0 0 0 0
103 2 0 0 0 0 0 0 0 0
105 2 1 1 0 0 0 0 0 0
139 12 2 2 1 0 0 7 0 0
148 3 0 0 0 0 0 2 0 0
150 3 0 0 0 0 0 0 0 0
151 2 0 0 0 0 0 0 0 0
158 5 1 1 0 0 0 1 0 0
159 3 0 0 1 0 0 0 0 0
166 2 0 0 1 0 0 0 0 0
168 1 0 0 0 0 0 0 0 0
169 4 0 0 0 0 0 1 0 0
170 3 0 0 1 0 0 0 0 0
177 3 0 0 0 0 0 0 0 0
178 3 0 0 0 0 0 0 0 0
180 1 0 0 0 0 0 0 0 0
181 5 0 0 1 0 0 0 0 0
184 2 0 0 0 0 0 0 0 0
190 12 0 0 9 0 0 0 0 0
fl=./misc/../sysdeps/unix/sysv/linux/mmap64.c
fn=mmap
47 364 2 2 0 0 0 156 1 1
50 104 0 0 0 0 0 0 0 0
53 276 2 2 6 0 0 0 0 0
58 312 1 1 0 0 0 0 0 0
60 208 0 0 208 0 0 0 0 0
fl=./misc/../sysdeps/unix/sysv/linux/not-cancel.h
fn=read_sysfs_file
75 2 1 1 1 0 0 1 0 0
76 1 0 0 0 0 0 0 0 0
fl=./misc/../sysdeps/unix/sysv/linux/setvmaname.c
fn=__set_vma_name
33 166 4 4 0 0 0 92 0 0
35 121 0 0 49 1 1 22 21 21
40 14 0 0 2 0 0 2 1 1
47 2 1 1 0 0 0 2 0 0
48 1 0 0 0 0 0 0 0 0
49 207 1 1 159 0 0 0 0 0
fl=./misc/../sysdeps/unix/sysv/linux/x86_64/clone.S
fn=clone
52 21 1 1 0 0 0 0 0 0
54 21 0 0 0 0 0 0 0 0
55 21 0 0 0 0 0 0 0 0
56 21 0 0 0 0 0 0 0 0
59 21 0 0 0 0 0 0 0 0
60 21 0 0 0 0 0 0 0 0
63 21 0 0 0 0 0 21 21 21
65 21 0 0 0 0 0 0 0 0
69 21 1 1 0 0 0 21 0 0
72 21 0 0 0 0 0 0 0 0
73 21 0 0 0 0 0 0 0 0
74 21 0 0 0 0 0 0 0 0
75 21 0 0 21 0 0 0 0 0
76 21 0 0 0 0 0 0 0 0
81 21 0 0 0 0 0 0 0 0
83 42 0 0 0 0 0 0 0 0
84 42 0 0 0 0 0 0 0 0
85 42 0 0 0 0 0 0 0 0
87 21 0 0 21 0 0 0 0 0
95 21 0 0 0 0 0 0 0 0
98 21 0 0 21 19 0 0 0 0
99 21 0 0 21 0 0 0 0 0
100 21 0 0 0 0 0 21 0 0
fl=./misc/../sysdeps/unix/sysv/linux/x86_64/clone3.S
fn=clone3
42 1 1 1 0 0 0 0 0 0
44 1 0 0 0 0 0 0 0 0
45 1 0 0 0 0 0 0 0 0
46 1 0 0 0 0 0 0 0 0
47 1 0 0 0 0 0 0 0 0
48 1 0 0 0 0 0 0 0 0
52 1 0 0 0 0 0 0 0 0
55 1 0 0 0 0 0 0 0 0
60 1 0 0 0 0 0 0 0 0
62 1 0 0 0 0 0 0 0 0
63 1 0 0 0 0 0 0 0 0
86 5 1 1 2 0 0 1 0 0
fl=./misc/./misc/init-misc.c
fn=__init_misc
30 5 1 1 0 0 0 3 0 0
31 6 0 0 1 0 0 0 0 0
33 3 1 1 0 0 0 1 0 0
37 5 0 0 1 0 0 1 1 0
38 3 0 0 2 0 0 1 0 0
40 4 0 0 4 0 0 0 0 0
fl=./misc/./misc/sbrk.c
fn=sbrk
37 16 1 1 0 0 0 8 0 0
40 4 0 0 4 0 0 0 0 0
43 4 1 1 2 0 0 0 0 0
58 4 0 0 0 0 0 0 0 0
59 4 1 1 0 0 0 1 0 0
62 4 0 0 0 0 0 0 0 0
63 2 0 0 1 0 0 0 0 0
66 4 1 1 0 0 0 0 0 0
74 3 0 0 0 0 0 1 0 0
78 14 0 0 10 0 0 0 0 0
fl=./nptl/../include/list.h
fn=__nptl_stack_list_add
43 105 0 0 21 0 0 21 21 21
45 21 1 1 0 0 0 21 0 0
47 21 0 0 0 0 0 21 0 0
fl=./nptl/../nptl/descr.h
fn=__pthread_enable_asynccancel
439 1404 1 1 0 0 0 0 0 0
fl=./nptl/../string/bits/string_fortified.h
fn=pthread_attr_init@@GLIBC_2.2.5
59 5 1 1 0 0 0 4 0 0
fn=pthread_getaffinity_np@@GLIBC_2.32
59 2 0 0 0 0 0 1 0 0
fl=./nptl/../sysdeps/nptl/futex-internal.h
fn=__lll_lock_wait_private
87 21 0 0 21 21 0 0 0 0
146 203 1 1 0 0 0 0 0 0
147 58 0 0 0 0 0 0 0 0
fn=__pthread_once_slow
209 8 1 1 0 0 0 0 0 0
fl=./nptl/../sysdeps/unix/sysv/linux/internal-signals.h
fn=pthread_create@@GLIBC_2.34
81 147 0 0 0 0 0 0 0 0
89 126 0 0 0 0 0 0 0 0
fn=start_thread
89 105 0 0 0 0 0 0 0 0
fl=./nptl/../sysdeps/unix/sysv/linux/internal-sigset.h
fn=pthread_create@@GLIBC_2.34
34 21 0 0 0 0 0 21 0 0
102 21 0 0 0 0 0 0 0 0
103 21 0 0 0 0 0 0 0 0
fl=./nptl/../sysdeps/unix/sysv/linux/rseq-internal.h
fn=start_thread
32 42 0 0 0 0 0 0 0 0
40 21 0 0 0 0 0 21 19 0
fl=./nptl/../sysdeps/unix/sysv/linux/sigsetops.h
fn=pthread_create@@GLIBC_2.34
54 1 0 0 0 0 0 1 0 0
104 2 1 1 1 0 0 0 0 0
fl=./nptl/../sysdeps/unix/sysv/linux/x86/elision-conf.c
fn=__lll_elision_init
92 8 1 1 1 0 0 3 0 0
96 5 1 1 0 0 0 1 0 0
98 4 0 0 0 0 0 1 0 0
100 4 0 0 0 0 0 1 0 0
102 4 0 0 0 0 0 1 0 0
104 4 1 1 0 0 0 1 0 0
107 3 0 0 1 1 1 0 0 0
108 1 0 0 0 0 0 1 1 1
109 6 0 0 5 0 0 0 0 0
fl=./nptl/../sysdeps/x86/nptl/tls-setup.h
fn=pthread_create@@GLIBC_2.34
22 42 0 0 21 1 0 21 21 21
fl=./nptl/./nptl-stack.h
fn=pthread_create@@GLIBC_2.34
61 210 1 1 63 1 0 21 0 0
fl=./nptl/./nptl/alloca_cutoff.c
fn=__libc_alloca_cutoff
27 384 1 1 0 0 0 0 0 0
28 3456 1 1 384 21 0 0 0 0
35 384 0 0 384 0 0 0 0 0
fl=./nptl/./nptl/allocatestack.c
fn=name_stack_maps
587 126 1 1 0 0 0 84 21 21
589 105 1 1 63 20 0 21 0 0
593 42 0 0 21 0 0 0 0 0
595 42 0 0 0 0 0 0 0 0
599 21 0 0 21 21 0 0 0 0
600 42 0 0 21 0 0 0 0 0
601 63 0 0 0 0 0 0 0 0
603 210 1 1 0 0 0 42 21 21
605 189 0 0 147 0 0 0 0 0
fn=pthread_create@@GLIBC_2.34
66 84 1 1 21 1 0 0 0 0
74 84 0 0 21 0 0 0 0 0
99 84 2 2 42 0 0 0 0 0
166 63 0 0 0 0 0 42 0 0
170 147 1 1 84 0 0 21 0 0
219 84 0 0 0 0 0 21 0 0
223 63 0 0 0 0 0 21 0 0
228 63 0 0 21 1 0 0 0 0
232 63 0 0 21 1 0 0 0 0
233 21 1 1 21 1 0 0 0 0
234 84 0 0 42 0 0 0 0 0
238 42 0 0 21 0 0 0 0 0
328 42 0 0 0 0 0 21 0 0
329 126 1 1 42 1 0 21 0 0
333 63 0 0 0 0 0 21 0 0
343 126 0 0 21 0 0 0 0 0
347 126 0 0 0 0 0 0 0 0
351 42 0 0 0 0 0 0 0 0
352 63 0 0 21 0 0 0 0 0
353 21 0 0 0 0 0 0 0 0
366 294 1 1 21 0 0 105 0 0
369 84 1 1 42 0 0 0 0 0
374 84 0 0 21 1 1 0 0 0
380 42 0 0 21 0 0 0 0 0
385 42 1 1 21 0 0 0 0 0
386 21 0 0 0 0 0 0 0 0
395 42 0 0 0 0 0 0 0 0
407 42 0 0 21 0 0 21 0 0
408 42 0 0 0 0 0 42 21 21
411 42 0 0 0 0 0 42 0 0
416 42 0 0 0 0 0 21 21 21
419 21 0 0 0 0 0 21 21 21
426 21 1 1 0 0 0 21 21 21
429 126 0 0 42 0 0 21 0 0
442 84 1 1 21 0 0 0 0 0
445 147 0 0 0 0 0 84 0 0
447 126 1 1 84 0 0 0 0 0
454 105 0 0 42 0 0 0 0 0
477 63 1 1 21 0 0 0 0 0
506 105 1 1 21 0 0 0 0 0
532 21 0 0 0 0 0 21 0 0
537 21 0 0 0 0 0 21 0 0
542 21 0 0 0 0 0 21 0 0
545 21 0 0 0 0 0 21 0 0
547 84 1 1 0 0 0 21 0 0
558 84 0 0 21 0 0 0 0 0
563 42 0 0 21 0 0 0 0 0
fl=./nptl/./nptl/cancellation.c
fn=__pthread_disable_asynccancel
63 702 1 1 0 0 0 0 0 0
66 2106 0 0 702 0 0 0 0 0
71 2106 0 0 1404 2 0 0 0 0
74 1404 0 0 0 0 0 0 0 0
76 2106 1 1 702 0 0 0 0 0
83 2106 0 0 0 0 0 0 0 0
fn=__pthread_enable_asynccancel
31 702 0 0 0 0 0 0 0 0
32 702 0 0 702 0 0 0 0 0
33 1404 0 0 702 21 0 0 0 0
37 1404 0 0 0 0 0 0 0 0
39 1404 0 0 0 0 0 0 0 0
42 2808 0 0 702 0 0 0 0 0
45 1404 0 0 0 0 0 0 0 0
56 1404 0 0 702 0 0 0 0 0
fl=./nptl/./nptl/cleanup_compat.c
fn=_pthread_cleanup_pop@@GLIBC_2.34
40 1 0 0 0 0 0 0 0 0
43 2 0 0 1 0 0 1 0 0
47 2 0 0 0 0 0 0 0 0
49 1 1 1 1 0 0 0 0 0
fn=_pthread_cleanup_push@@GLIBC_2.34
25 1 1 1 0 0 0 0 0 0
28 1 0 0 0 0 0 1 0 0
29 1 0 0 0 0 0 1 0 0
30 2 1 1 1 0 0 1 0 0
32 1 0 0 0 0 0 1 0 0
33 1 0 0 1 0 0 0 0 0
fl=./nptl/./nptl/libc-cleanup.c
fn=__libc_cleanup_pop_restore
54 196998 0 0 0 0 0 0 0 0
55 196998 0 0 196998 0 0 0 0 0
57 393996 0 0 196998 0 0 196998 22 0
59 196998 0 0 196998 0 0 0 0 0
60 590994 1 1 196998 0 0 0 0 0
71 196998 0 0 196998 0 0 0 0 0
fn=__libc_cleanup_push_defer
24 196998 1 1 0 0 0 0 0 0
25 196998 0 0 196998 0 0 0 0 0
27 393996 0 0 196998 24 0 196998 0 0
29 393996 0 0 196998 21 0 0 0 0
32 393996 0 0 0 0 0 0 0 0
46 590994 1 1 0 0 0 196998 0 0
48 196998 0 0 0 0 0 196998 0 0
49 196998 0 0 196998 0 0 0 0 0
fl=./nptl/./nptl/lowlevellock.c
fn=__lll_lock_wait_private
26 21 1 1 0 0 0 0 0 0
27 63 0 0 21 0 0 0 0 0
30 120 0 0 60 0 0 0 0 0
33 29 0 0 0 0 0 0 0 0
fn=__lll_lock_wake_private
56 30 1 1 0 0 0 0 0 0
57 150 0 0 0 0 0 0 0 0
58 30 0 0 30 0 0 0 0 0
fl=./nptl/./nptl/nptl-stack.c
fn=__nptl_stack_list_add
43 21 1 1 0 0 0 0 0 0
44 84 0 0 21 0 0 21 0 0
52 21 0 0 0 0 0 21 0 0
53 21 0 0 21 0 0 0 0 0
fl=./nptl/./nptl/pthread_attr_init.c
fn=pthread_attr_init@@GLIBC_2.2.5
32 6 1 1 0 0 0 2 0 0
46 3 0 0 0 0 0 2 0 0
49 4 0 0 3 0 0 0 0 0
fl=./nptl/./nptl/pthread_create.c
fn=create_thread
236 252 1 1 0 0 0 126 0 0
240 105 1 1 42 0 0 21 0 0
244 42 1 1 21 0 0 0 0 0
247 42 0 0 21 0 0 21 0 0
248 42 0 0 0 0 0 0 0 0
287 231 2 2 0 0 0 210 0 0
290 21 0 0 0 0 0 0 0 0
297 84 0 0 0 0 0 21 0 0
298 42 0 0 0 0 0 0 0 0
303 21 0 0 0 0 0 21 0 0
309 42 0 0 0 0 0 0 0 0
321 42 1 1 21 0 0 0 0 0
332 21 0 0 0 0 0 0 0 0
333 231 0 0 189 0 0 0 0 0
fn=pthread_create@@GLIBC_2.34
81 2 0 0 0 0 0 1 0 0
82 1 0 0 0 0 0 1 0 0
83 4 2 2 0 0 0 1 0 0
90 6 0 0 0 0 0 0 0 0
609 84 1 1 21 0 0 0 0 0
626 336 2 2 21 0 0 231 0 0
632 42 0 0 21 0 0 0 0 0
635 1 0 0 0 0 0 1 0 0
638 24 0 0 1 1 0 1 0 0
641 21 0 0 21 0 0 0 0 0
643 21 1 1 0 0 0 21 0 0
644 21 0 0 21 0 0 0 0 0
645 84 0 0 21 0 0 0 0 0
663 1 0 0 0 0 0 1 0 0
674 21 0 0 0 0 0 21 0 0
677 21 0 0 0 0 0 21 0 0
683 42 0 0 21 0 0 21 0 0
684 42 1 1 21 0 0 21 21 21
685 21 0 0 0 0 0 21 21 21
688 21 0 0 21 0 0 0 0 0
689 84 0 0 21 0 0 21 21 21
690 63 0 0 21 0 0 0 0 0
694 21 0 0 21 1 0 0 0 0
695 84 0 0 0 0 0 0 0 0
700 84 0 0 0 0 0 21 0 0
703 84 1 1 42 1 0 42 0 0
708 42 1 1 21 0 0 21 0 0
709 42 0 0 21 0 0 21 0 0
713 42 0 0 21 0 0 21 0 0
718 42 0 0 21 0 0 21 0 0
730 42 1 1 0 0 0 0 0 0
731 42 1 1 0 0 0 0 0 0
751 42 0 0 21 0 0 0 0 0
752 3 0 0 1 0 0 1 0 0
755 63 0 0 21 0 0 21 0 0
757 21 0 0 0 0 0 0 0 0
767 21 0 0 42 0 0 0 0 0
772 42 1 1 0 0 0 42 0 0
780 63 0 0 21 0 0 0 0 0
791 42 1 1 21 0 0 21 21 21
836 147 0 0 0 0 0 21 0 0
843 42 0 0 0 0 0 0 0 0
883 42 0 0 21 0 0 0 0 0
893 42 0 0 0 0 0 21 0 0
897 42 1 1 21 0 0 0 0 0
901 273 1 1 231 0 0 0 0 0
fn=start_thread
338 231 2 2 21 20 0 126 21 21
345 42 0 0 21 20 0 0 0 0
367 84 1 1 42 1 0 21 21 0
370 21 0 0 0 0 0 21 0 0
373 63 0 0 0 0 0 21 0 0
377 21 1 1 21 21 0 0 0 0
388 105 0 0 21 0 0 0 0 0
405 84 1 1 0 0 0 21 0 0
419 42 0 0 0 0 0 21 0 0
423 126 0 0 63 0 0 0 0 0
426 42 0 0 0 0 0 0 0 0
429 42 0 0 0 0 0 21 0 0
431 42 1 1 21 0 0 0 0 0
433 21 0 0 0 0 0 0 0 0
437 42 0 0 21 0 0 0 0 0
447 63 1 1 63 20 0 21 0 0
fl=./nptl/./nptl/pthread_getaffinity.c
fn=pthread_getaffinity_np@@GLIBC_2.32
30 5 1 1 0 0 0 1 0 0
33 6 1 1 1 1 0 0 0 0
35 2 0 0 0 0 0 0 0 0
39 4 0 0 0 0 0 0 0 0
41 1 0 0 0 0 0 0 0 0
42 2 0 0 2 0 0 0 0 0
fl=./nptl/./nptl/pthread_key_create.c
fn=pthread_key_create@@GLIBC_2.34
25 2 1 1 0 0 0 0 0 0
27 10 0 0 0 0 0 0 0 0
29 3 0 0 3 1 1 0 0 0
31 12 0 0 0 0 0 0 0 0
33 6 1 1 2 0 0 0 0 0
37 6 0 0 0 0 0 2 0 0
40 2 0 0 0 0 0 2 0 0
43 4 0 0 2 0 0 0 0 0
fl=./nptl/./nptl/pthread_key_delete.c
fn=pthread_key_delete@@GLIBC_2.34
25 2 1 1 0 0 0 0 0 0
28 4 0 0 0 0 0 0 0 0
30 10 0 0 2 1 0 0 0 0
32 4 0 0 0 0 0 0 0 0
33 8 0 0 2 0 0 0 0 0
36 2 0 0 0 0 0 0 0 0
40 2 0 0 2 0 0 0 0 0
fl=./nptl/./nptl/pthread_mutex_conf.c
fn=__pthread_tunables_init
55 8 1 1 1 0 0 3 0 0
56 5 1 1 0 0 0 1 0 0
58 4 0 0 0 0 0 1 0 0
60 4 0 0 0 0 0 1 0 0
62 6 1 1 5 0 0 0 0 0
fl=./nptl/./nptl/pthread_mutex_lock.c
fn=pthread_mutex_lock@@GLIBC_2.2.5
44 22 1 1 22 0 0 0 0 0
45 88 0 0 22 0 0 0 0 0
48 88 1 1 22 0 0 0 0 0
77 110 1 1 0 0 0 44 0 0
80 66 0 0 22 1 1 0 0 0
82 22 0 0 0 0 0 0 0 0
84 44 1 1 0 0 0 0 0 0
88 44 0 0 0 0 0 0 0 0
97 44 1 1 0 0 0 0 0 0
108 88 1 1 22 0 0 0 0 0
112 22 0 0 22 0 0 0 0 0
115 44 0 0 22 0 0 0 0 0
124 22 0 0 0 0 0 0 0 0
130 66 0 0 22 0 0 0 0 0
131 44 0 0 0 0 0 22 0 0
179 22 1 1 22 0 0 0 0 0
182 22 0 0 0 0 0 22 0 0
184 22 0 0 22 0 0 0 0 0
187 22 0 0 0 0 0 0 0 0
190 66 0 0 66 0 0 0 0 0
fl=./nptl/./nptl/pthread_mutex_unlock.c
fn=pthread_mutex_unlock@@GLIBC_2.2.5
39 22 0 0 22 0 0 0 0 0
40 88 0 0 22 0 0 0 0 0
43 88 0 0 44 0 0 0 0 0
51 66 0 0 22 0 0 0 0 0
52 44 2 1 0 0 0 0 0 0
57 44 0 0 0 0 0 0 0 0
62 22 0 0 0 0 0 22 0 0
65 22 0 0 22 0 0 0 0 0
70 22 0 0 0 0 0 0 0 0
72 22 0 0 0 0 0 0 0 0
74 44 1 1 0 0 0 0 0 0
80 88 1 1 22 0 0 0 0 0
84 66 0 0 44 0 0 0 0 0
87 44 0 0 22 0 0 0 0 0
367 88 2 1 0 0 0 22 0 0
369 44 0 0 44 0 0 0 0 0
fl=./nptl/./nptl/pthread_once.c
fn=__pthread_once_slow
68 11 2 2 1 0 0 5 0 0
76 1 0 0 1 0 0 0 0 0
80 2 0 0 0 0 0 0 0 0
88 2 0 0 1 1 1 0 0 0
92 2 0 0 1 0 0 0 0 0
101 4 1 1 0 0 0 0 0 0
114 13 2 2 0 0 0 7 0 0
116 1 0 0 0 0 0 1 0 0
118 3 0 0 0 0 0 1 0 0
124 1 0 0 0 0 0 1 0 0
132 10 0 0 7 0 0 0 0 0
fn=pthread_once@@GLIBC_2.34
136 14 1 1 0 0 0 0 0 0
139 14 0 0 14 1 1 0 0 0
140 28 0 0 0 0 0 0 0 0
143 1 0 0 0 0 0 0 0 0
144 26 0 0 13 0 0 0 0 0
fl=./nptl/./nptl/pthread_self.c
fn=pthread_self
23 1 1 1 0 0 0 0 0 0
25 2 0 0 2 0 0 0 0 0
fl=./nptl/./nptl/pthread_setspecific.c
fn=pthread_setspecific@@GLIBC_2.34
25 8 1 1 0 0 0 5 0 0
32 1 0 0 1 0 0 0 0 0
36 2 0 0 0 0 0 0 0 0
39 8 1 1 1 1 0 0 0 0
41 1 0 0 0 0 0 0 0 0
43 3 0 0 0 0 0 0 0 0
46 2 0 0 0 0 0 0 0 0
66 1 0 0 0 0 0 0 0 0
81 1 0 0 0 0 0 1 1 0
86 2 0 0 0 0 0 1 0 0
87 1 0 0 0 0 0 1 0 0
90 7 0 0 6 0 0 0 0 0
fl=./posix/../malloc/dynarray-skeleton.c
fn=__unregister_atfork
243 6 0 0 6 2 1 0 0 0
fl=./posix/../sysdeps/posix/sysconf.c
fn=sysconf
60 11 1 1 1 1 1 0 0 0
630 3 1 1 0 0 0 1 0 0
fl=./posix/../sysdeps/unix/sysv/linux/_exit.c
fn=_Exit
27 2 1 1 1 1 0 0 0 0
30 4 0 0 0 0 0 0 0 0
fl=./posix/../sysdeps/unix/sysv/linux/x86/../sysconf.c
fn=sysconf
49 10 0 0 0 0 0 0 0 0
fl=./posix/../sysdeps/unix/sysv/linux/x86/sysconf.c
fn=sysconf
32 12 1 1 1 0 0 6 0 0
33 3 1 1 0 0 0 0 0 0
37 10 1 1 8 0 0 0 0 0
fl=./posix/./posix/register-atfork.c
fn=__unregister_atfork
71 12 1 1 0 0 0 0 0 0
82 36 1 1 0 0 0 12 0 0
83 24 0 0 6 1 1 0 0 0
109 24 1 1 12 0 0 0 0 0
110 18 0 0 18 0 0 0 0 0
fl=./posix/./posix/sched_cpucount.c
fn=__sched_cpucount
27 2 0 0 0 0 0 0 0 0
28 68 0 0 0 0 0 0 0 0
29 22 0 0 0 0 0 0 0 0
35 1 1 1 0 0 0 0 0 0
36 1 0 0 0 0 0 0 0 0
37 6 1 1 0 0 0 0 0 0
38 2 0 0 1 0 0 0 0 0
40 2 0 0 1 0 0 0 0 0
fl=./resource/../sysdeps/unix/sysv/linux/getrlimit64.c
fn=getrlimit
38 2 1 1 0 0 0 0 0 0
39 7 0 0 0 0 0 0 0 0
40 1 0 0 1 0 0 0 0 0
fl=./setjmp/../sysdeps/x86_64/bsd-_setjmp.S
fn=_setjmp
28 22 1 1 0 0 0 0 0 0
30 22 0 0 0 0 0 0 0 0
32 22 0 0 0 0 0 0 0 0
fl=./setjmp/../sysdeps/x86_64/setjmp.S
fn=__sigsetjmp
31 38 2 2 0 0 0 0 0 0
33 38 0 0 0 0 0 38 0 0
42 38 0 0 0 0 0 0 0 0
43 76 0 0 38 0 0 0 0 0
44 38 0 0 0 0 0 38 0 0
48 38 0 0 0 0 0 38 1 1
49 38 0 0 0 0 0 38 0 0
50 38 0 0 0 0 0 38 21 21
51 38 0 0 0 0 0 38 0 0
52 38 0 0 0 0 0 0 0 0
54 76 1 1 38 0 0 0 0 0
56 38 0 0 0 0 0 38 0 0
57 38 1 1 38 0 0 0 0 0
58 38 0 0 0 0 0 0 0 0
60 76 0 0 38 0 0 0 0 0
62 38 0 0 0 0 0 38 0 0
67 22 0 0 22 22 0 0 0 0
68 22 0 0 0 0 0 0 0 0
70 16 0 0 0 0 0 0 0 0
73 16 0 0 0 0 0 0 0 0
74 16 0 0 0 0 0 16 1 1
81 16 0 0 0 0 0 0 0 0
82 16 0 0 16 0 0 0 0 0
85 22 1 1 0 0 0 0 0 0
fl=./setjmp/./setjmp/sigjmp.c
fn=__sigjmp_save
28 132 0 0 0 0 0 44 0 0
29 22 0 0 0 0 0 22 0 0
30 44 0 0 0 0 0 0 0 0
34 88 0 0 66 0 0 0 0 0
fl=./signal/../string/bits/string_fortified.h
fn=__libc_sigaction
29 16 2 2 8 0 0 8 0 0
fl=./signal/../sysdeps/unix/sysv/linux/libc_sigaction.c
fn=__libc_sigaction
43 8 1 1 1 0 0 2 1 0
48 2 0 0 0 0 0 0 0 0
50 2 0 0 1 0 0 1 0 0
53 5 1 1 1 0 0 2 0 0
58 11 0 0 0 0 0 0 0 0
63 4 0 0 0 0 0 0 0 0
71 6 1 1 4 0 0 0 0 0
fl=./stdio-common/../include/../locale/localeinfo.h
fn=__printf_fp_l_buffer
331 1152 1 1 1152 39 0 0 0 0
fl=./stdio-common/../include/printf_buffer.h
fn=__printf_buffer
148 1152 0 0 768 0 0 0 0 0
149 1536 0 0 0 0 0 768 0 0
163 2360928 1 1 0 0 0 0 0 0
fn=__printf_buffer_flush
115 1038 0 0 1038 0 0 0 0 0
fn=__printf_buffer_to_file_init
124 393988 0 0 0 0 0 196994 0 0
127 196994 0 0 0 0 0 196994 21 0
128 196994 0 0 0 0 0 196994 22 21
137 393988 0 0 0 0 0 196994 0 0
fn=__printf_fp_buffer_1.isra.0
163 2304 1 1 1152 0 0 0 0 0
164 156 0 0 0 0 0 39 0 0
fl=./stdio-common/../include/rounding-mode.h
fn=__printf_fp_buffer_1.isra.0
52 1150 1 1 0 0 0 0 0 0
58 382 0 0 0 0 0 0 0 0
fl=./stdio-common/../libio/libioP.h
fn=__printf_buffer_to_file_done
1025 1212 0 0 0 0 0 0 0 0
1026 808 1 1 0 0 0 0 0 0
fl=./stdio-common/../string/bits/string_fortified.h
fn=__printf_buffer_pad_1
59 117 0 0 0 0 0 39 21 21
fn=__printf_buffer_write
29 3543891 0 0 0 0 0 1181297 0 0
fn=__printf_fp_buffer_1.isra.0
29 1525 1 1 690 0 0 835 0 0
fl=./stdio-common/../sysdeps/generic/get-rounding-mode.h
fn=__printf_fp_buffer_1.isra.0
94 384 0 0 0 0 0 384 0 0
95 2688 1 1 384 0 0 0 0 0
fl=./stdio-common/../sysdeps/pthread/allocalim.h
fn=__printf_fp_buffer_1.isra.0
27 768 0 0 0 0 0 384 0 0
29 1920 0 0 0 0 0 384 0 0
fl=./stdio-common/./stdio-common/Xprintf_buffer_done.c
fn=__printf_buffer_done
25 197015 1 1 0 0 0 0 0 0
26 591045 0 0 197015 0 0 0 0 0
31 394030 1 1 394030 0 0 0 0 0
33 2364180 0 0 197015 0 0 0 0 0
40 197015 0 0 197015 0 0 0 0 0
fl=./stdio-common/./stdio-common/Xprintf_buffer_flush.c
fn=__printf_buffer_flush
61 2595 1 1 0 0 0 1038 35 0
62 1038 0 0 0 0 0 0 0 0
66 1038 0 0 0 0 0 0 0 0
70 1557 0 0 1038 0 0 0 0 0
71 519 0 0 0 0 0 0 0 0
72 1557 0 0 1557 0 0 0 0 0
fl=./stdio-common/./stdio-common/Xprintf_buffer_pad_1.c
fn=__printf_buffer_pad_1
24 351 2 2 0 0 0 195 0 0
25 117 0 0 39 0 0 0 0 0
33 195 1 1 78 0 0 0 0 0
36 39 0 0 0 0 0 0 0 0
37 78 0 0 0 0 0 0 0 0
39 39 0 0 0 0 0 0 0 0
40 117 0 0 39 0 0 39 0 0
43 78 0 0 0 0 0 0 0 0
44 234 1 1 234 0 0 0 0 0
fl=./stdio-common/./stdio-common/Xprintf_buffer_write.c
fn=__printf_buffer_write
27 11029048 1 1 0 0 0 6893155 22 21
28 4135893 0 0 1378631 0 0 0 0 0
31 7482324 0 0 0 0 0 0 0 0
33 5908435 1 1 2362531 0 0 519 0 0
35 2076 0 0 1038 0 0 0 0 0
36 1181297 0 0 0 0 0 0 0 0
37 2362594 0 0 0 0 0 0 0 0
40 3543891 0 0 1181297 0 0 1181297 0 0
41 1181297 0 0 0 0 0 0 0 0
44 8271786 1 1 8271786 0 0 0 0 0
fl=./stdio-common/./stdio-common/_itoa.c
fn=_itoa_word
169 590232 1 1 0 0 0 0 0 0
172 2360928 1 1 0 0 0 0 0 0
174 1180464 0 0 0 0 0 0 0 0
183 11008758 2 2 702021 2 1 702021 0 0
192 1180464 0 0 590232 0 0 0 0 0
fl=./stdio-common/./stdio-common/printf-parse.h
fn=__printf_buffer
53 1152 0 0 384 0 0 384 0 0
55 4992 4 4 768 0 0 0 0 0
65 768 0 0 0 0 0 0 0 0
82 3349075 1 1 0 0 0 985030 23 21
fl=./stdio-common/./stdio-common/printf_buffer_flush.c
fn=__printf_buffer_flush
41 3633 1 1 519 21 1 0 0 0
53 519 1 1 0 0 0 519 0 0
54 519 0 0 0 0 0 0 0 0
fl=./stdio-common/./stdio-common/printf_buffer_to_file.c
fn=__printf_buffer_flush_to_file
49 4152 1 1 0 0 0 2076 0 0
51 2076 0 0 1557 0 0 0 0 0
53 2076 0 0 519 0 0 0 0 0
65 444 0 0 0 0 0 0 0 0
68 1557 0 0 0 0 0 0 0 0
72 444 0 0 0 0 0 0 0 0
74 1110 0 0 444 0 0 222 96 0
86 891 1 1 594 0 0 0 0 0
89 297 0 0 0 0 0 297 0 0
91 594 0 0 0 0 0 0 0 0
98 594 1 1 0 0 0 297 0 0
99 594 0 0 0 0 0 297 0 0
103 297 0 0 0 0 0 297 0 0
104 2892 1 1 2373 0 0 0 0 0
fn=__printf_buffer_to_file_done
51 787976 0 0 590982 0 0 0 0 0
53 787976 1 1 196994 0 0 0 0 0
58 1212 1 1 0 0 0 0 0 0
59 2424 0 0 1212 3 0 404 0 0
65 958 0 0 0 0 0 479 0 0
66 479 0 0 0 0 0 0 0 0
68 589770 0 0 0 0 0 0 0 0
72 150 0 0 0 0 0 0 0 0
74 375 0 0 150 0 0 75 0 0
86 589545 0 0 393030 0 0 0 0 0
89 196515 0 0 0 0 0 196515 0 0
91 393030 0 0 0 0 0 0 0 0
98 36 0 0 0 0 0 18 0 0
99 36 0 0 0 0 0 18 0 0
103 196515 0 0 0 0 0 196515 0 0
117 1575952 0 0 0 0 0 787976 0 0
118 590982 0 0 196994 0 0 0 0 0
121 393988 0 0 0 0 0 0 0 0
122 984970 1 1 787976 1 0 0 0 0
fn=__printf_buffer_to_file_init
108 196994 1 1 0 0 0 0 0 0
109 393988 1 1 0 0 0 0 0 0
111 196994 0 0 0 0 0 196994 0 0
112 196994 0 0 0 0 0 0 0 0
fn=__printf_buffer_to_file_switch
29 197695 1 1 0 0 0 0 0 0
30 988475 0 0 593085 2 1 0 0 0
40 789 0 0 0 0 0 0 0 0
41 789 0 0 0 0 0 0 0 0
44 790780 0 0 0 0 0 395390 1 0
45 197695 0 0 197695 0 0 0 0 0
fl=./stdio-common/./stdio-common/printf_fp.c
fn=__printf_fp_buffer_1.isra.0
91 2346 1 1 780 0 0 6 0 0
93 2304 0 0 768 0 0 0 0 0
95 1770 1 1 1614 0 0 78 0 0
96 390 0 0 0 0 0 156 0 0
101 1380 0 0 0 0 0 0 0 0
105 4830 1 1 1380 0 0 690 0 0
107 2760 0 0 2070 0 0 690 0 0
108 690 0 0 690 0 0 0 0 0
110 1380 0 0 690 0 0 690 0 0
111 3450 1 1 1380 0 0 0 0 0
118 690 0 0 0 0 0 0 0 0
122 2070 0 0 0 0 0 690 0 0
123 1380 0 0 0 0 0 0 0 0
124 2875 0 0 1150 0 0 1150 0 0
127 234 1 1 78 0 0 0 0 0
138 6912 2 2 384 0 0 4992 66 63
159 3072 1 1 384 0 0 384 0 0
177 384 0 0 0 0 0 384 1 0
187 384 0 0 0 0 0 384 21 21
221 768 0 0 0 0 0 0 0 0
222 384 0 0 0 0 0 384 0 0
226 1152 1 1 384 0 0 0 0 0
230 6528 3 3 1152 2 2 384 22 21
234 384 0 0 0 0 0 0 0 0
266 1920 2 2 384 0 0 0 0 0
267 384 0 0 0 0 0 0 0 0
268 768 0 0 0 0 0 0 0 0
271 6528 1 1 384 0 0 384 0 0
272 6144 1 1 384 22 21 384 0 0
273 6144 2 2 384 21 21 384 0 0
279 384 0 0 0 0 0 384 0 0
280 768 0 0 0 0 0 0 0 0
283 353 0 0 0 0 0 0 0 0
293 353 0 0 0 0 0 0 0 0
294 2471 1 1 0 0 0 353 0 0
297 1059 0 0 0 0 0 0 0 0
301 1412 0 0 0 0 0 0 0 0
305 1412 0 0 0 0 0 353 0 0
306 353 0 0 0 0 0 0 0 0
308 2118 1 1 0 0 0 0 0 0
309 3177 1 1 706 0 0 353 0 0
310 706 0 0 0 0 0 0 0 0
311 2527 1 1 1115 0 0 706 0 0
313 706 1 1 0 0 0 0 0 0
318 4589 0 0 0 0 0 0 0 0
322 27181 1 1 8825 41 6 0 0 0
324 1688 1 1 353 0 0 0 0 0
327 1470 0 0 980 0 0 0 0 0
337 491 1 1 491 0 0 0 0 0
368 980 0 0 490 0 0 490 0 0
369 1960 0 0 490 2 0 0 0 0
375 6 0 0 2 0 0 1 0 0
377 1 0 0 1 0 0 0 0 0
380 2 0 0 2 0 0 0 0 0
381 2 0 0 0 0 0 0 0 0
382 3 1 1 0 0 0 1 0 0
385 4418 0 0 1963 0 0 491 0 0
388 1380 1 1 345 0 0 345 0 0
389 1380 0 0 1035 0 0 0 0 0
390 1725 0 0 0 0 0 0 0 0
391 1380 0 0 0 0 0 0 0 0
394 4589 0 0 0 0 0 0 0 0
396 9178 0 0 0 0 0 0 0 0
397 706 1 1 353 0 0 353 0 0
403 852 0 0 146 0 0 0 0 0
407 4140 1 1 1380 0 0 0 0 0
411 1380 0 0 345 0 0 0 0 0
413 690 0 0 0 0 0 0 0 0
439 690 1 1 345 0 0 0 0 0
442 2760 0 0 0 0 0 0 0 0
458 1380 1 1 0 0 0 690 0 0
460 1035 0 0 345 0 0 0 0 0
461 2070 0 0 1035 0 0 345 0 0
463 2118 1 1 1035 0 0 0 0 0
477 690 0 0 0 0 0 345 0 0
483 62 1 1 0 0 0 0 0 0
486 3 0 0 0 0 0 3 0 0
496 3 0 0 0 0 0 0 0 0
499 9 1 1 0 0 0 3 3 3
500 15 0 0 6 0 0 6 0 0
501 6 0 0 0 0 0 0 0 0
503 3 0 0 0 0 0 3 0 0
504 12 1 1 3 0 0 3 0 0
506 3 0 0 0 0 0 0 0 0
509 36 1 1 0 0 0 0 0 0
511 72 0 0 36 5 0 0 0 0
621 36 0 0 0 0 0 0 0 0
623 174 0 0 0 0 0 0 0 0
625 6 1 1 0 0 0 0 0 0
629 15 0 0 9 0 0 3 0 0
630 6 0 0 3 0 0 3 0 0
631 9 0 0 3 0 0 0 0 0
633 6 0 0 3 0 0 0 0 0
634 18 1 1 3 0 0 0 0 0
636 3 0 0 3 0 0 0 0 0
642 3 0 0 0 0 0 3 0 0
643 6 1 1 3 0 0 3 0 0
644 3 0 0 3 0 0 0 0 0
645 12 0 0 6 0 0 0 0 0
647 9 1 1 3 0 0 3 0 0
655 84 0 0 0 0 0 0 0 0
659 84 0 0 0 0 0 28 19 18
660 140 1 1 56 0 0 56 0 0
661 56 0 0 0 0 0 28 0 0
665 1152 1 1 768 0 0 384 0 0
669 6 0 0 0 0 0 3 0 0
674 2304 1 1 1536 2 1 384 0 0
676 768 0 0 0 0 0 0 0 0
680 768 0 0 384 0 0 384 0 0
686 768 0 0 384 0 0 0 0 0
688 768 1 1 0 0 0 384 0 0
689 777 0 0 3 0 0 3 0 0
692 1152 1 1 384 0 0 0 0 0
694 3429 2 2 762 0 0 1905 0 0
696 762 0 0 0 0 0 381 0 0
701 6 0 0 0 0 0 3 0 0
731 15 1 1 0 0 0 12 0 0
738 1524 1 1 381 0 0 0 0 0
746 1152 1 1 384 0 0 384 0 0
759 6528 2 2 768 0 0 384 0 0
760 768 0 0 0 0 0 384 0 0
763 1158 0 0 387 0 0 0 0 0
766 5991 2 2 1143 0 0 0 0 0
769 2181 0 0 0 0 0 1454 0 0
771 381 0 0 0 0 0 381 0 0
773 2286 1 1 1143 0 0 0 0 0
775 1143 0 0 381 0 0 381 0 0
781 6 1 1 3 0 0 3 0 0
782 3 0 0 3 0 0 0 0 0
783 12 1 1 3 0 0 3 0 0
787 384 0 0 0 0 0 0 0 0
788 1920 1 1 384 0 0 768 0 0
789 1920 0 0 384 0 0 384 0 0
790 3072 0 0 0 0 0 0 0 0
792 768 0 0 0 0 0 0 0 0
793 768 1 1 0 0 0 768 0 0
794 2304 0 0 0 0 0 0 0 0
795 1536 0 0 0 0 0 768 0 0
796 240 1 1 80 0 0 0 0 0
805 1920 0 0 1536 0 0 0 0 0
806 1536 1 1 0 0 0 768 0 0
808 2688 0 0 384 0 0 0 0 0
809 77 0 0 0 0 0 0 0 0
810 288 1 1 111 0 0 0 0 0
813 156 0 0 78 0 0 0 0 0
818 46 1 1 11 0 0 0 0 0
830 382 0 0 0 0 0 0 0 0
834 344 1 1 0 0 0 0 0 0
835 1171 1 1 249 0 0 0 0 0
837 20 0 0 0 0 0 20 0 0
838 38 0 0 0 0 0 0 0 0
840 576 1 1 192 0 0 0 0 0
841 3 0 0 0 0 0 1 0 0
842 382 0 0 191 0 0 0 0 0
844 380 0 0 0 0 0 190 0 0
845 2 1 1 1 0 0 0 0 0
855 383 0 0 192 0 0 0 0 0
858 3 1 1 2 0 0 0 0 0
861 9 1 1 3 0 0 0 0 0
864 3 0 0 1 0 0 0 0 0
866 1 0 0 1 0 0 0 0 0
924 1725 0 0 382 0 0 0 0 0
931 388 1 1 0 0 0 0 0 0
935 1153 1 1 384 0 0 0 0 0
980 2688 1 1 1152 0 0 0 0 0
983 768 1 1 0 0 0 384 0 0
987 1920 0 0 384 0 0 0 0 0
991 1152 0 0 384 0 0 0 0 0
994 1536 1 1 384 0 0 384 0 0
996 3072 1 1 768 0 0 0 0 0
999 1575 1 1 807 0 0 0 0 0
1001 1152 0 0 0 0 0 0 0 0
1003 768 1 1 0 0 0 0 0 0
1006 768 0 0 0 0 0 0 0 0
1009 1152 0 0 384 0 0 0 0 0
1022 1536 1 1 384 0 0 384 0 0
1024 1152 0 0 768 0 0 0 0 0
1028 1152 1 1 384 0 0 0 0 0
1030 4224 0 0 3456 0 0 0 0 0
fn=__printf_fp_l_buffer
1099 7296 2 2 384 0 0 3456 43 42
1102 1152 0 0 384 0 0 0 0 0
1111 384 0 0 0 0 0 384 22 21
1112 768 0 0 0 0 0 384 0 0
1115 1920 1 1 384 0 0 1152 21 21
1116 1920 0 0 768 2 1 0 0 0
1117 1152 1 1 0 0 0 0 0 0
1122 2688 1 1 1152 0 0 384 0 0
1126 384 0 0 0 0 0 0 0 0
1147 4224 1 1 3456 0 0 0 0 0
fn=hack_digit
88 5555 0 0 0 0 0 3333 1 0
91 3357 0 0 1117 0 0 3 0 0
93 3333 1 1 1111 0 0 0 0 0
95 2372 1 1 2297 0 0 0 0 0
96 375 0 0 0 0 0 150 0 0
101 2072 0 0 0 0 0 0 0 0
105 7252 1 1 2072 0 0 1036 0 0
107 4144 1 1 3108 0 0 1036 0 0
108 1036 0 0 1036 0 0 0 0 0
110 2072 0 0 1036 0 0 1036 0 0
111 6216 0 0 2072 0 0 0 0 0
118 2072 0 0 0 0 0 0 0 0
122 4144 0 0 1036 0 0 1036 0 0
123 2072 0 0 0 0 0 0 0 0
124 4340 0 0 1736 0 0 1736 0 0
127 75 0 0 0 0 0 0 0 0
128 5555 0 0 4444 0 0 0 0 0
fl=./stdio-common/./stdio-common/snprintf.c
fn=snprintf
26 252 3 3 21 0 0 105 42 42
30 126 1 1 0 0 0 84 0 0
31 63 0 0 0 0 0 21 0 0
35 105 0 0 84 0 0 0 0 0
fl=./stdio-common/./stdio-common/vfprintf-internal.c
fn=__printf_buffer
263 1152 0 0 0 0 0 0 0 0
264 1152 0 0 0 0 0 0 0 0
266 384 1 1 0 0 0 384 0 0
600 2955225 1 1 0 0 0 1576120 67 63
627 985075 1 1 591045 47 0 394030 21 21
631 197014 0 0 0 0 0 197014 0 0
634 197014 0 0 0 0 0 197014 0 0
638 788060 0 0 394030 21 0 394030 44 42
642 197014 0 0 0 0 0 197014 1 0
653 591045 0 0 0 0 0 197015 0 0
654 394030 0 0 0 0 0 0 0 0
655 591045 0 0 197015 0 0 0 0 0
659 394030 0 0 197015 0 0 0 0 0
663 1576112 1 1 591042 2 1 197014 43 42
683 591000 0 0 0 0 0 591000 0 0
684 591000 1 1 0 0 0 591000 0 0
685 591000 0 0 0 0 0 591000 0 0
686 591000 0 0 0 0 0 591000 0 0
687 591000 0 0 0 0 0 0 0 0
690 1182000 0 0 0 0 0 0 0 0
691 591000 0 0 0 0 0 0 0 0
692 591000 0 0 0 0 0 0 0 0
693 591000 0 0 0 0 0 0 0 0
694 591000 0 0 0 0 0 591000 0 0
695 591000 0 0 0 0 0 0 0 0
698 591000 0 0 0 0 0 591000 0 0
699 591000 0 0 0 0 0 591000 43 42
705 8274000 3 3 1773000 4 3 0 0 0
709 384 1 1 0 0 0 0 0 0
726 384 1 1 0 0 0 0 0 0
744 768 0 0 768 0 0 0 0 0
761 384 0 0 0 0 0 0 0 0
784 21 1 1 21 0 0 0 0 0
800 768 2 2 384 0 0 0 0 0
807 768 0 0 0 0 0 0 0 0
810 4608 0 0 768 1 1 0 0 0
813 384 0 0 0 0 0 0 0 0
814 1152 0 0 384 0 0 0 0 0
840 1152 0 0 0 0 0 0 0 0
855 4992 1 1 768 2 1 0 0 0
883 21 1 1 0 0 0 0 0 0
891 768 1 1 0 0 0 0 0 0
973 591810 1 1 384 0 0 197014 0 0
976 13056 2 2 2688 0 0 2304 0 0
996 4224 1 1 1152 1 0 768 0 0
997 768 0 0 0 0 0 384 0 0
1001 384 0 0 0 0 0 0 0 0
1018 591000 0 0 591000 0 0 0 0 0
1024 591000 1 1 0 0 0 0 0 0
1028 1773000 1 1 0 0 0 591000 0 0
1029 1182000 0 0 0 0 0 0 0 0
1031 2363958 0 0 984986 0 0 0 0 0
1044 2167165 1 1 1773135 0 0 0 0 0
fn=__vfprintf_internal
1522 2954910 1 1 0 0 0 1378958 21 21
1525 1378956 2 2 393988 2 0 196996 0 0
1529 984970 0 0 196994 0 0 0 0 0
1540 393988 0 0 196994 1 0 0 0 0
1551 1575952 2 2 196994 2 0 787976 43 42
1552 3545934 2 2 1378958 2 0 197015 0 0
1556 787976 1 1 0 0 0 196994 0 0
1559 984970 0 0 0 0 0 196994 0 0
1560 393988 0 0 0 0 0 196994 0 0
1563 2364048 2 2 1181994 0 0 197054 0 0
1564 1181964 0 0 393988 0 0 393988 0 0
1566 196994 0 0 0 0 0 0 0 0
1567 2166934 0 0 1772946 24 0 0 0 0
fl=./stdio-common/./stdio-common/vfprintf-process-arg.c
fn=__printf_buffer
35 590211 0 0 0 0 0 590211 0 0
48 1180422 0 0 0 0 0 0 0 0
49 590211 0 0 590211 0 0 0 0 0
50 1180422 1 1 0 0 0 0 0 0
52 1180422 0 0 0 0 0 0 0 0
53 4721688 0 0 1180422 20 0 590211 0 0
57 1180422 0 0 0 0 0 0 0 0
58 1180422 0 0 0 0 0 0 0 0
66 21 1 1 0 0 0 21 0 0
67 590232 0 0 0 0 0 0 0 0
92 21 0 0 0 0 0 0 0 0
93 21 0 0 0 0 0 21 0 0
94 21 0 0 0 0 0 21 0 0
126 42 1 1 0 0 0 0 0 0
128 42 1 1 0 0 0 0 0 0
130 42 1 1 0 0 0 0 0 0
131 168 0 0 42 0 0 21 0 0
136 1770696 1 1 0 0 0 0 0 0
138 1180464 0 0 0 0 0 0 0 0
155 8853480 1 1 1180464 0 0 4131624 0 0
161 5312088 1 1 1180464 0 0 1180464 0 0
166 3541392 1 1 2360928 0 0 590232 0 0
170 1180464 1 1 0 0 0 590232 0 0
186 2951160 1 1 0 0 0 0 0 0
187 2646918 2 2 704628 0 0 0 0 0
195 2951160 0 0 0 0 0 0 0 0
197 1770696 0 0 590232 0 0 0 0 0
199 2360928 1 1 590232 0 0 0 0 0
201 4131624 2 2 1180464 0 0 590232 0 0
206 1180464 0 0 0 0 0 0 0 0
208 2360928 1 1 1180464 0 0 0 0 0
211 1180464 0 0 590232 0 0 0 0 0
224 1180464 0 0 0 0 0 0 0 0
233 1180464 1 1 0 0 0 0 0 0
236 1180464 0 0 590232 0 0 0 0 0
240 2951160 2 2 1180464 0 0 590232 0 0
fl=./stdlib/../stdlib/strtol.c
fn=__isoc23_strtoul
125 2 1 1 0 0 0 0 0 0
126 10 0 0 4 0 0 0 0 0
fl=./stdlib/../stdlib/strtol_l.c
fn=____strtoul_l_internal
238 26 0 0 0 0 0 18 0 0
252 2 1 1 2 0 0 0 0 0
257 2 0 0 0 0 0 0 0 0
258 2 0 0 0 0 0 0 0 0
264 4 0 0 0 0 0 0 0 0
292 2 0 0 0 0 0 0 0 0
295 8 0 0 0 0 0 0 0 0
304 12 0 0 8 2 1 0 0 0
306 4 1 1 0 0 0 0 0 0
310 2 0 0 0 0 0 2 0 0
311 4 0 0 0 0 0 0 0 0
316 4 0 0 0 0 0 0 0 0
320 4 1 1 0 0 0 0 0 0
322 2 1 1 0 0 0 0 0 0
327 4 3 3 1 0 0 0 0 0
335 2 0 0 0 0 0 0 0 0
342 4 0 0 0 0 0 0 0 0
345 8 0 0 0 0 0 0 0 0
390 6 0 0 2 1 1 0 0 0
391 6 0 0 2 1 1 2 0 0
393 2 0 0 0 0 0 0 0 0
394 2 0 0 0 0 0 0 0 0
395 2 0 0 0 0 0 0 0 0
449 6 0 0 3 0 0 0 0 0
451 22 1 1 2 1 0 0 0 0
453 15 1 1 0 0 0 0 0 0
460 4 0 0 0 0 0 0 0 0
477 6 0 0 4 1 1 0 0 0
478 2 0 0 0 0 0 0 0 0
481 9 0 0 0 0 0 0 0 0
484 12 1 1 0 0 0 0 0 0
489 7 0 0 0 0 0 0 0 0
490 9 0 0 0 0 0 0 0 0
495 4 0 0 0 0 0 0 0 0
500 6 0 0 2 0 0 0 0 0
501 2 0 0 0 0 0 2 0 0
513 4 0 0 0 0 0 0 0 0
524 10 0 0 2 0 0 0 0 0
546 18 0 0 14 0 0 0 0 0
fl=./stdlib/../sysdeps/ieee754/dbl-64/dbl2mpn.c
fn=__mpn_extract_double
33 1152 1 1 0 0 0 0 0 0
35 384 0 0 0 0 0 0 0 0
37 1152 0 0 0 0 0 384 0 0
38 1920 0 0 0 0 0 384 0 0
47 1152 1 1 0 0 0 384 1 0
56 1152 0 0 0 0 0 0 0 0
60 2 0 0 0 0 0 0 0 0
62 1 0 0 0 0 0 1 0 0
103 766 0 0 0 0 0 383 0 0
107 768 0 0 384 0 0 0 0 0
fl=./stdlib/../sysdeps/x86_64/lshift.S
fn=__mpn_lshift
28 384 1 1 0 0 0 0 0 0
29 384 0 0 0 0 0 0 0 0
30 384 0 0 0 0 0 0 0 0
32 384 0 0 0 0 0 0 0 0
33 384 0 0 0 0 0 0 0 0
34 384 0 0 0 0 0 0 0 0
46 384 0 0 0 0 0 0 0 0
47 384 0 0 0 0 0 0 0 0
48 384 0 0 384 0 0 0 0 0
49 384 0 0 0 0 0 0 0 0
50 384 1 1 0 0 0 0 0 0
51 384 0 0 0 0 0 0 0 0
52 384 0 0 0 0 0 0 0 0
58 384 0 0 0 0 0 0 0 0
59 384 0 0 0 0 0 384 0 0
60 384 0 0 384 0 0 0 0 0
fl=./stdlib/../sysdeps/x86_64/mul_1.S
fn=__mpn_mul_1
31 1883 1 1 0 0 0 0 0 0
32 1883 0 0 0 0 0 1883 0 0
35 1883 0 0 0 0 0 0 0 0
36 1883 0 0 1883 0 0 0 0 0
37 1883 0 0 0 0 0 0 0 0
38 1883 1 1 0 0 0 0 0 0
39 1883 0 0 0 0 0 0 0 0
41 1883 0 0 0 0 0 0 0 0
42 1883 0 0 0 0 0 0 0 0
44 1883 0 0 0 0 0 0 0 0
45 1883 0 0 0 0 0 0 0 0
46 1883 0 0 0 0 0 0 0 0
47 1883 0 0 0 0 0 0 0 0
48 1879 0 0 0 0 0 0 0 0
50 1879 0 0 0 0 0 0 0 0
51 1879 0 0 0 0 0 0 0 0
52 1879 0 0 0 0 0 1879 0 0
53 1879 0 0 0 0 0 0 0 0
79 4 1 1 0 0 0 0 0 0
80 4 0 0 0 0 0 0 0 0
81 4 0 0 0 0 0 0 0 0
82 4 0 0 0 0 0 0 0 0
83 4 0 0 0 0 0 0 0 0
84 4 1 1 0 0 0 0 0 0
85 4 0 0 4 0 0 0 0 0
86 4 0 0 0 0 0 0 0 0
87 4 0 0 0 0 0 0 0 0
113 4 1 1 0 0 0 0 0 0
114 4 0 0 0 0 0 0 0 0
115 4 0 0 0 0 0 0 0 0
117 4 0 0 0 0 0 4 0 0
118 4 0 0 0 0 0 0 0 0
119 4 0 0 0 0 0 0 0 0
120 4 0 0 0 0 0 4 0 0
121 4 0 0 0 0 0 0 0 0
122 1883 1 1 0 0 0 0 0 0
124 1883 0 0 1883 0 0 0 0 0
127 1883 0 0 1883 0 0 0 0 0
fl=./stdlib/../sysdeps/x86_64/rshift.S
fn=__mpn_rshift
28 693 1 1 0 0 0 0 0 0
29 693 0 0 0 0 0 0 0 0
30 693 0 0 0 0 0 0 0 0
31 693 0 0 0 0 0 0 0 0
44 693 0 0 0 0 0 0 0 0
45 693 1 1 0 0 0 0 0 0
61 693 0 0 0 0 0 0 0 0
62 693 0 0 693 0 0 0 0 0
63 693 0 0 693 0 0 0 0 0
64 693 0 0 0 0 0 0 0 0
65 693 0 0 0 0 0 0 0 0
66 693 0 0 0 0 0 0 0 0
67 693 0 0 0 0 0 0 0 0
72 693 1 1 0 0 0 0 0 0
73 693 0 0 0 0 0 693 0 0
74 693 0 0 0 0 0 0 0 0
75 693 0 0 0 0 0 693 0 0
76 693 0 0 693 0 0 0 0 0
fl=./stdlib/./stdlib/cmp.c
fn=__mpn_cmp
31 491 1 1 0 0 0 0 0 0
35 992 0 0 0 0 0 0 0 0
37 496 1 1 496 0 0 0 0 0
38 496 0 0 496 0 0 0 0 0
39 992 0 0 0 0 0 0 0 0
47 2455 0 0 491 0 0 0 0 0
fl=./stdlib/./stdlib/cxa_atexit.c
fn=__cxa_atexit
41 26 1 1 0 0 0 0 0 0
43 104 0 0 13 1 0 0 0 0
44 26 0 0 0 0 0 13 0 0
46 26 0 0 0 0 0 0 0 0
52 39 0 0 13 0 0 0 0 0
53 13 0 0 0 0 0 13 0 0
54 13 0 0 0 0 0 13 6 6
55 13 1 1 0 0 0 13 0 0
56 13 0 0 0 0 0 13 0 0
57 52 0 0 26 0 0 0 0 0
58 13 0 0 0 0 0 0 0 0
67 91 1 1 0 0 0 65 0 0
69 78 0 0 78 0 0 0 0 0
fn=__new_exitfn
80 65 1 1 0 0 0 39 0 0
81 13 0 0 0 0 0 0 0 0
86 26 0 0 13 1 1 0 0 0
91 82 0 0 14 1 0 0 0 0
93 52 1 1 13 1 0 0 0 0
94 60 0 0 12 0 0 0 0 0
101 1 0 0 0 0 0 1 0 0
104 24 0 0 0 0 0 0 0 0
122 1 0 0 0 0 0 0 0 0
123 1 1 1 0 0 0 1 0 0
129 36 0 0 0 0 0 0 0 0
130 24 0 0 0 0 0 12 0 0
134 1 0 0 0 0 0 0 0 0
136 13 1 1 0 0 0 13 0 0
137 13 0 0 13 0 0 0 0 0
141 65 0 0 52 0 0 0 0 0
fl=./stdlib/./stdlib/cxa_finalize.c
fn=__cxa_finalize
30 60 1 1 0 0 0 36 1 0
33 42 0 0 6 0 0 0 0 0
36 42 2 2 12 0 0 0 0 0
40 235 0 0 6 0 0 0 0 0
41 154 1 1 77 5 0 0 0 0
43 22 0 0 11 0 0 11 0 0
45 11 0 0 11 0 0 0 0 0
76 11 0 0 0 0 0 11 0 0
78 33 0 0 22 0 0 0 0 0
81 44 0 0 22 0 0 0 0 0
82 33 0 0 0 0 0 11 0 0
83 44 0 0 11 0 0 0 0 0
87 33 0 0 22 0 0 0 0 0
93 42 2 2 12 1 0 0 0 0
97 36 0 0 6 1 0 0 0 0
105 12 0 0 0 0 0 6 0 0
106 24 0 0 12 0 0 0 0 0
107 48 0 0 42 0 0 0 0 0
fl=./stdlib/./stdlib/cxa_thread_atexit_impl.c
fn=__call_tls_dtors
148 5 1 1 0 0 0 3 1 0
149 4 1 1 2 0 0 0 0 0
165 4 1 1 4 0 0 0 0 0
fl=./stdlib/./stdlib/divrem.c
fn=__mpn_divrem
46 24164 1 1 0 0 0 12082 0 0
47 1726 0 0 0 0 0 1726 1 1
49 3452 0 0 0 0 0 0 0 0
62 1726 1 1 1726 0 0 0 0 0
63 1726 0 0 1726 0 0 0 0 0
65 3452 0 0 0 0 0 0 0 0
67 108 0 0 0 0 0 0 0 0
68 216 1 1 0 0 0 108 0 0
72 15503 0 0 0 0 0 0 0 0
73 4425 0 0 1475 0 0 1475 0 0
76 3452 0 0 0 0 0 0 0 0
79 1726 0 0 0 0 0 1726 0 0
81 1726 0 0 0 0 0 0 0 0
234 15534 1 1 13808 0 0 0 0 0
fl=./stdlib/./stdlib/drand48-iter.c
fn=__drand48_iterate
30 3653902 1 1 0 0 0 0 0 0
35 3653902 0 0 1826951 1 0 0 0 0
37 2 1 1 0 0 0 1 0 0
38 3 0 0 0 0 0 1 0 0
46 12788657 0 0 5480853 0 0 0 0 0
48 7307802 0 0 3653900 0 0 0 0 0
50 1826951 0 0 0 0 0 1826951 0 0
52 3653902 0 0 0 0 0 1826951 0 0
55 3653902 0 0 1826951 0 0 0 0 0
fl=./stdlib/./stdlib/erand48.c
fn=erand48
23 12788657 1 1 1826951 0 0 3653902 0 0
26 5480853 0 0 0 0 0 1826951 1 0
28 1826951 0 0 1826951 0 0 0 0 0
29 9134755 0 0 7307804 0 0 0 0 0
fl=./stdlib/./stdlib/erand48_r.c
fn=erand48_r
26 12788657 1 1 0 0 0 5480853 0 0
30 5480853 0 0 0 0 0 1826951 152 16
38 14615608 1 1 3653902 0 0 0 0 0
39 10961706 0 0 1826951 0 0 0 0 0
42 5480853 0 0 1826951 1 0 1826951 0 0
44 1826951 0 0 0 0 0 0 0 0
45 7307804 1 1 7307804 0 0 0 0 0
fl=./stdlib/./stdlib/exit.c
fn=__run_exit_handlers
38 12 0 0 0 0 0 8 0 0
40 2 0 0 0 0 0 0 0 0
41 2 1 1 0 0 0 1 0 0
43 5 1 1 1 1 0 0 0 0
54 2 0 0 2 1 0 0 0 0
56 2 0 0 0 0 0 0 0 0
60 1 0 0 0 0 0 1 1 0
64 42 0 0 14 1 0 0 0 0
66 26 1 1 0 0 0 13 0 0
67 13 0 0 13 0 0 0 0 0
69 113 0 0 13 2 0 0 0 0
94 2 0 0 0 0 0 0 0 0
101 2 0 0 0 0 0 2 0 0
102 2 1 1 2 0 0 0 0 0
103 2 0 0 2 0 0 0 0 0
104 6 0 0 2 0 0 0 0 0
107 8 0 0 4 0 0 0 0 0
108 6 0 0 0 0 0 2 0 0
109 8 1 1 2 0 0 0 0 0
113 6 1 1 2 0 0 0 0 0
119 3 1 1 2 0 0 1 0 0
120 2 0 0 0 0 0 0 0 0
126 4 1 1 2 0 0 0 0 0
128 2 0 0 1 0 0 0 0 0
129 2 0 0 0 0 0 1 0 0
131 2 0 0 0 0 0 1 0 0
fn=exit
137 3 1 1 0 0 0 1 0 0
138 4 0 0 0 0 0 1 0 0
fl=./stdlib/./stdlib/getenv.c
fn=getenv
24 117 2 2 0 0 0 78 0 0
25 104 0 0 39 5 3 0 0 0
28 26 0 0 0 0 0 13 0 0
29 3263 0 0 819 9 0 0 0 0
31 1612 1 1 806 31 0 0 0 0
32 384 0 0 0 0 0 64 0 0
37 117 0 0 91 0 0 0 0 0
fl=./stdlib/./stdlib/mul.c
fn=__mpn_mul
48 17 2 2 1 0 0 7 0 0
54 2 0 0 0 0 0 0 0 0
66 2 0 0 0 0 0 0 0 0
71 1 1 1 1 0 0 0 0 0
72 2 0 0 0 0 0 0 0 0
81 4 0 0 2 0 0 2 0 0
83 1 0 0 0 0 0 1 0 0
84 1 0 0 0 0 0 0 0 0
88 2 1 1 0 0 0 0 0 0
141 1 1 1 0 0 0 1 0 0
142 11 0 0 9 0 0 0 0 0
fl=./stdlib/./stdlib/secure-getenv.c
fn=secure_getenv
28 3 2 1 0 0 0 0 0 0
29 15 0 0 6 3 0 0 0 0
fl=./string/../include/rtld-malloc.h
fn=strdup
56 14 0 0 7 0 0 7 0 0
fl=./string/../string/strcspn.c
fn=strcspn
32 6 1 1 0 0 0 2 0 0
33 3 0 0 1 1 1 0 0 0
34 2 0 0 1 0 0 0 0 0
39 6 0 0 0 0 0 4 2 2
40 4 1 1 0 0 0 4 1 1
41 4 0 0 0 0 0 4 1 1
42 4 0 0 0 0 0 4 0 0
44 1 0 0 0 0 0 0 0 0
47 9 1 1 3 0 0 3 0 0
48 6 0 0 0 0 0 0 0 0
51 4 0 0 2 0 0 0 0 0
52 4 0 0 2 0 0 0 0 0
53 4 1 1 2 0 0 0 0 0
54 4 0 0 2 0 0 0 0 0
56 3 0 0 0 0 0 0 0 0
61 13 0 0 0 0 0 0 0 0
62 26 0 0 26 1 1 0 0 0
63 26 1 1 26 0 0 0 0 0
64 26 0 0 26 0 0 0 0 0
65 13 0 0 13 0 0 0 0 0
67 78 0 0 13 0 0 0 0 0
69 1 0 0 0 0 0 0 0 0
70 4 0 0 0 0 0 0 0 0
71 3 0 0 3 0 0 0 0 0
fl=./string/../string/strstr.c
fn=__GI_strstr
77 12 1 1 1 0 0 7 0 0
82 3 1 1 1 1 1 0 0 0
84 5 0 0 0 0 0 1 1 0
85 2 0 0 0 0 0 0 0 0
86 2 1 1 0 0 0 0 0 0
161 12 0 0 9 0 0 0 0 0
fl=./string/../sysdeps/x86/cacheinfo.c
fn=__x86_cacheinfo
86 1 1 1 0 0 0 0 0 0
fl=./string/../sysdeps/x86/cacheinfo.h
fn=__x86_cacheinfo
59 1 0 0 1 1 0 0 0 0
62 3 1 1 1 1 0 0 0 0
64 3 0 0 0 0 0 1 0 0
65 1 0 0 0 0 0 1 1 1
71 3 0 0 1 0 0 0 0 0
73 3 1 1 0 0 0 1 0 0
74 1 0 0 0 0 0 1 0 0
78 2 0 0 1 0 0 1 1 1
80 2 0 0 1 0 0 1 0 0
81 2 0 0 1 0 0 1 0 0
82 2 0 0 1 0 0 1 0 0
84 2 1 1 1 1 0 0 0 0
86 2 0 0 1 0 0 0 0 0
fl=./string/../sysdeps/x86_64/multiarch/../multiarch/memcmp-sse2.S
fn=bcmp
59 1 1 1 0 0 0 0 0 0
71 1 0 0 0 0 0 0 0 0
72 1 0 0 0 0 0 0 0 0
94 1 0 0 0 0 0 0 0 0
95 1 0 0 0 0 0 0 0 0
140 1 1 1 1 0 0 0 0 0
141 1 0 0 1 0 0 0 0 0
143 1 0 0 0 0 0 0 0 0
144 1 0 0 0 0 0 0 0 0
146 1 0 0 1 0 0 0 0 0
147 1 0 0 1 0 0 0 0 0
149 1 0 0 0 0 0 0 0 0
150 1 0 0 0 0 0 0 0 0
197 1 0 0 0 0 0 0 0 0
198 1 0 0 0 0 0 0 0 0
199 1 0 0 0 0 0 0 0 0
200 1 0 0 0 0 0 0 0 0
201 1 0 0 0 0 0 0 0 0
202 1 0 0 1 0 0 0 0 0
fl=./string/../sysdeps/x86_64/multiarch/../multiarch/memset-vec-unaligned-erms.S
fn=memset
132 98 2 1 0 0 0 0 0 0
133 490 0 0 0 0 0 0 0 0
138 98 0 0 0 0 0 0 0 0
139 98 0 0 0 0 0 0 0 0
142 70 0 0 0 0 0 0 0 0
143 70 0 0 0 0 0 0 0 0
145 22 0 0 0 0 0 22 22 22
146 22 0 0 0 0 0 22 0 0
147 22 1 0 22 0 0 0 0 0
244 48 1 1 0 0 0 48 26 26
245 48 0 0 0 0 0 48 0 0
257 48 0 0 0 0 0 0 0 0
260 48 0 0 0 0 0 0 0 0
261 48 0 0 0 0 0 0 0 0
273 48 0 0 0 0 0 48 23 23
274 48 0 0 0 0 0 48 25 25
287 48 0 0 0 0 0 0 0 0
288 48 0 0 0 0 0 0 0 0
290 48 0 0 0 0 0 0 0 0
293 26 0 0 0 0 0 0 0 0
296 52 0 0 0 0 0 0 0 0
299 127 1 0 0 0 0 127 45 45
300 127 0 0 0 0 0 127 0 0
301 127 0 0 0 0 0 127 52 52
302 127 0 0 0 0 0 127 6 6
303 127 0 0 0 0 0 0 0 0
304 127 0 0 0 0 0 0 0 0
305 127 0 0 0 0 0 0 0 0
308 48 0 0 0 0 0 48 1 1
309 48 0 0 0 0 0 48 0 0
310 48 0 0 0 0 0 48 0 0
311 48 0 0 0 0 0 48 1 1
316 48 0 0 48 0 0 0 0 0
350 28 1 1 0 0 0 0 0 0
352 28 0 0 0 0 0 0 0 0
353 28 0 0 0 0 0 0 0 0
392 28 2 1 0 0 0 28 2 2
393 28 0 0 0 0 0 28 1 1
395 28 0 0 28 0 0 0 0 0
fl=./string/../sysdeps/x86_64/multiarch/../multiarch/strchr-sse2.S
fn=index
32 32 1 1 0 0 0 0 0 0
33 32 0 0 0 0 0 0 0 0
34 32 0 0 0 0 0 0 0 0
35 32 0 0 0 0 0 0 0 0
36 32 1 1 0 0 0 0 0 0
37 32 0 0 0 0 0 0 0 0
38 32 0 0 0 0 0 0 0 0
39 32 0 0 0 0 0 0 0 0
40 32 0 0 0 0 0 0 0 0
41 32 0 0 32 4 4 0 0 0
42 32 0 0 0 0 0 0 0 0
43 32 0 0 0 0 0 0 0 0
44 32 0 0 0 0 0 0 0 0
45 32 0 0 0 0 0 0 0 0
46 32 0 0 0 0 0 0 0 0
47 32 0 0 0 0 0 0 0 0
48 32 0 0 0 0 0 0 0 0
49 32 0 0 0 0 0 0 0 0
50 27 0 0 0 0 0 0 0 0
54 27 0 0 0 0 0 0 0 0
55 27 1 1 0 0 0 0 0 0
56 27 0 0 27 0 0 0 0 0
57 27 0 0 0 0 0 0 0 0
59 27 0 0 27 0 0 0 0 0
63 5 0 0 5 0 0 0 0 0
64 5 0 0 0 0 0 0 0 0
65 5 0 0 0 0 0 0 0 0
66 5 0 0 0 0 0 0 0 0
67 5 0 0 0 0 0 0 0 0
68 5 0 0 0 0 0 0 0 0
69 5 0 0 5 1 1 0 0 0
70 5 0 0 0 0 0 0 0 0
71 5 0 0 0 0 0 0 0 0
72 5 0 0 0 0 0 0 0 0
73 5 0 0 0 0 0 0 0 0
74 5 1 1 0 0 0 0 0 0
75 5 0 0 0 0 0 0 0 0
76 5 0 0 5 0 0 0 0 0
77 5 0 0 0 0 0 0 0 0
78 5 0 0 0 0 0 0 0 0
79 5 0 0 0 0 0 0 0 0
80 5 0 0 0 0 0 0 0 0
81 5 0 0 0 0 0 0 0 0
82 5 0 0 0 0 0 0 0 0
83 5 0 0 0 0 0 0 0 0
84 5 0 0 0 0 0 0 0 0
85 5 0 0 0 0 0 0 0 0
86 5 0 0 0 0 0 0 0 0
138 5 1 1 0 0 0 0 0 0
142 5 0 0 0 0 0 0 0 0
143 5 0 0 0 0 0 0 0 0
144 5 0 0 5 0 0 0 0 0
145 5 0 0 0 0 0 0 0 0
147 5 0 0 5 0 0 0 0 0
fl=./string/../sysdeps/x86_64/multiarch/../multiarch/strcmp-sse2.S
fn=strcmp
98 2583 2 1 0 0 0 0 0 0
131 2583 0 0 0 0 0 0 0 0
132 2583 0 0 0 0 0 0 0 0
134 2583 0 0 0 0 0 0 0 0
135 2583 0 0 0 0 0 0 0 0
156 2583 0 0 0 0 0 0 0 0
157 2583 0 0 0 0 0 0 0 0
158 2393 0 0 0 0 0 0 0 0
159 2393 0 0 0 0 0 0 0 0
160 2258 0 0 2258 134 57 0 0 0
161 2258 2 1 2258 24 11 0 0 0
162 2258 0 0 2258 0 0 0 0 0
163 2258 0 0 2258 0 0 0 0 0
180 2258 0 0 0 0 0 0 0 0
181 2258 0 0 0 0 0 0 0 0
182 2258 0 0 0 0 0 0 0 0
183 2258 0 0 0 0 0 0 0 0
184 2258 0 0 0 0 0 0 0 0
185 2258 0 0 0 0 0 0 0 0
186 2258 0 0 0 0 0 0 0 0
191 63 0 0 0 0 0 0 0 0
192 189 0 0 0 0 0 0 0 0
201 388 2 1 0 0 0 0 0 0
202 388 0 0 0 0 0 0 0 0
203 388 0 0 0 0 0 0 0 0
204 388 0 0 0 0 0 0 0 0
205 388 0 0 0 0 0 0 0 0
206 388 0 0 0 0 0 0 0 0
207 388 0 0 0 0 0 0 0 0
208 388 0 0 0 0 0 0 0 0
209 291 0 0 0 0 0 0 0 0
210 137 0 0 0 0 0 0 0 0
211 137 0 0 0 0 0 0 0 0
212 137 0 0 0 0 0 0 0 0
214 291 0 0 0 0 0 0 0 0
215 291 0 0 0 0 0 0 0 0
216 291 0 0 0 0 0 0 0 0
217 291 0 0 291 14 2 0 0 0
218 291 0 0 0 0 0 0 0 0
219 291 0 0 0 0 0 0 0 0
229 97 1 1 97 16 2 0 0 0
230 97 0 0 0 0 0 0 0 0
231 97 0 0 0 0 0 0 0 0
233 97 0 0 97 5 2 0 0 0
239 97 0 0 0 0 0 0 0 0
240 97 0 0 0 0 0 0 0 0
241 97 0 0 0 0 0 0 0 0
242 97 0 0 0 0 0 0 0 0
243 97 0 0 0 0 0 0 0 0
248 97 0 0 0 0 0 0 0 0
250 80 0 0 0 0 0 0 0 0
251 80 0 0 0 0 0 0 0 0
252 160 0 0 0 0 0 0 0 0
260 81 2 1 81 13 1 0 0 0
261 81 0 0 81 3 1 0 0 0
264 81 0 0 0 0 0 0 0 0
265 81 0 0 0 0 0 0 0 0
266 81 0 0 0 0 0 0 0 0
267 81 0 0 0 0 0 0 0 0
268 81 0 0 0 0 0 0 0 0
269 81 0 0 0 0 0 0 0 0
275 2 0 0 0 0 0 0 0 0
276 2 0 0 2 0 0 0 0 0
277 2 0 0 2 0 0 0 0 0
280 2 0 0 0 0 0 0 0 0
281 2 0 0 0 0 0 0 0 0
282 2 0 0 0 0 0 0 0 0
283 2 1 1 0 0 0 0 0 0
284 2 0 0 0 0 0 0 0 0
285 2 0 0 0 0 0 0 0 0
290 1 0 0 0 0 0 0 0 0
291 1 0 0 0 0 0 0 0 0
300 6 0 0 0 0 0 0 0 0
301 6 0 0 6 0 0 0 0 0
302 6 0 0 6 1 1 0 0 0
303 6 0 0 0 0 0 0 0 0
304 6 0 0 0 0 0 0 0 0
306 6 0 0 0 0 0 0 0 0
307 6 0 0 0 0 0 0 0 0
308 6 1 1 0 0 0 0 0 0
309 6 0 0 0 0 0 0 0 0
310 6 0 0 0 0 0 0 0 0
311 6 0 0 0 0 0 0 0 0
312 6 0 0 0 0 0 0 0 0
313 6 0 0 6 0 0 0 0 0
316 6 0 0 0 0 0 0 0 0
317 6 0 0 0 0 0 0 0 0
318 6 0 0 0 0 0 0 0 0
324 6 0 0 0 0 0 0 0 0
325 6 0 0 0 0 0 0 0 0
326 12 0 0 0 0 0 0 0 0
330 6 1 1 0 0 0 0 0 0
331 6 0 0 0 0 0 0 0 0
334 6 0 0 6 0 0 0 0 0
335 6 0 0 6 0 0 0 0 0
336 6 0 0 0 0 0 0 0 0
338 6 0 0 0 0 0 0 0 0
339 6 0 0 0 0 0 0 0 0
340 6 0 0 0 0 0 0 0 0
344 6 0 0 0 0 0 0 0 0
345 6 0 0 0 0 0 0 0 0
346 6 0 0 0 0 0 0 0 0
347 6 0 0 0 0 0 0 0 0
348 6 0 0 0 0 0 0 0 0
349 6 1 1 0 0 0 0 0 0
424 1 1 1 0 0 0 0 0 0
425 1 0 0 1 0 0 0 0 0
426 1 0 0 1 0 0 0 0 0
427 1 0 0 0 0 0 0 0 0
428 1 0 0 0 0 0 0 0 0
430 1 0 0 0 0 0 0 0 0
431 1 0 0 0 0 0 0 0 0
432 1 1 1 0 0 0 0 0 0
433 1 0 0 0 0 0 0 0 0
434 1 0 0 0 0 0 0 0 0
435 1 0 0 0 0 0 0 0 0
436 1 0 0 0 0 0 0 0 0
437 1 0 0 1 0 0 0 0 0
440 1 0 0 0 0 0 0 0 0
441 1 0 0 0 0 0 0 0 0
442 1 0 0 0 0 0 0 0 0
448 1 0 0 0 0 0 0 0 0
449 1 0 0 0 0 0 0 0 0
450 2 0 0 0 0 0 0 0 0
454 1 1 1 0 0 0 0 0 0
455 1 0 0 0 0 0 0 0 0
458 1 0 0 1 0 0 0 0 0
459 1 0 0 1 0 0 0 0 0
460 1 0 0 0 0 0 0 0 0
462 1 0 0 0 0 0 0 0 0
463 1 0 0 0 0 0 0 0 0
464 1 0 0 0 0 0 0 0 0
468 1 0 0 0 0 0 0 0 0
469 1 0 0 0 0 0 0 0 0
470 1 0 0 0 0 0 0 0 0
471 1 0 0 0 0 0 0 0 0
472 1 0 0 0 0 0 0 0 0
473 1 1 1 0 0 0 0 0 0
542 4 1 1 0 0 0 0 0 0
543 4 0 0 4 0 0 0 0 0
544 4 0 0 4 0 0 0 0 0
545 4 0 0 0 0 0 0 0 0
546 4 0 0 0 0 0 0 0 0
548 4 0 0 0 0 0 0 0 0
549 4 0 0 0 0 0 0 0 0
550 4 1 1 0 0 0 0 0 0
551 4 0 0 0 0 0 0 0 0
552 4 0 0 0 0 0 0 0 0
553 4 0 0 0 0 0 0 0 0
554 4 0 0 0 0 0 0 0 0
555 4 0 0 4 0 0 0 0 0
559 4 0 0 0 0 0 0 0 0
560 4 0 0 0 0 0 0 0 0
561 4 0 0 0 0 0 0 0 0
567 4 0 0 0 0 0 0 0 0
568 4 0 0 0 0 0 0 0 0
569 8 0 0 0 0 0 0 0 0
573 5 1 1 0 0 0 0 0 0
574 5 0 0 0 0 0 0 0 0
577 5 0 0 5 0 0 0 0 0
578 5 0 0 5 1 1 0 0 0
579 5 0 0 0 0 0 0 0 0
581 5 0 0 0 0 0 0 0 0
582 5 0 0 0 0 0 0 0 0
583 5 0 0 0 0 0 0 0 0
587 5 0 0 0 0 0 0 0 0
588 5 0 0 0 0 0 0 0 0
589 5 0 0 0 0 0 0 0 0
590 5 0 0 0 0 0 0 0 0
591 5 0 0 0 0 0 0 0 0
592 5 1 1 0 0 0 0 0 0
599 5 0 0 0 0 0 0 0 0
600 5 0 0 0 0 0 0 0 0
602 5 0 0 0 0 0 0 0 0
603 5 0 0 0 0 0 0 0 0
605 5 0 0 5 0 0 0 0 0
606 5 0 0 5 0 0 0 0 0
607 5 0 0 0 0 0 0 0 0
609 5 0 0 0 0 0 0 0 0
610 5 0 0 0 0 0 0 0 0
611 5 0 0 0 0 0 0 0 0
615 5 0 0 0 0 0 0 0 0
616 5 0 0 0 0 0 0 0 0
617 5 0 0 0 0 0 0 0 0
618 5 0 0 0 0 0 0 0 0
619 5 1 1 0 0 0 0 0 0
620 5 0 0 0 0 0 0 0 0
627 1 0 0 0 0 0 0 0 0
628 1 0 0 0 0 0 0 0 0
629 1 0 0 0 0 0 0 0 0
661 4 1 1 0 0 0 0 0 0
662 4 0 0 4 1 1 0 0 0
663 4 0 0 4 0 0 0 0 0
664 4 0 0 0 0 0 0 0 0
665 4 0 0 0 0 0 0 0 0
667 4 0 0 0 0 0 0 0 0
668 4 0 0 0 0 0 0 0 0
669 4 1 1 0 0 0 0 0 0
670 4 0 0 0 0 0 0 0 0
671 4 0 0 0 0 0 0 0 0
672 4 0 0 0 0 0 0 0 0
673 4 0 0 0 0 0 0 0 0
674 3 0 0 3 0 0 0 0 0
678 3 0 0 0 0 0 0 0 0
679 3 0 0 0 0 0 0 0 0
680 3 0 0 0 0 0 0 0 0
686 3 0 0 0 0 0 0 0 0
687 3 0 0 0 0 0 0 0 0
688 6 0 0 0 0 0 0 0 0
692 3 1 1 0 0 0 0 0 0
693 3 0 0 0 0 0 0 0 0
696 3 0 0 3 0 0 0 0 0
697 3 0 0 3 1 1 0 0 0
698 3 0 0 0 0 0 0 0 0
700 3 0 0 0 0 0 0 0 0
701 3 0 0 0 0 0 0 0 0
702 3 0 0 0 0 0 0 0 0
706 3 0 0 0 0 0 0 0 0
707 3 0 0 0 0 0 0 0 0
708 3 0 0 0 0 0 0 0 0
709 3 0 0 0 0 0 0 0 0
710 3 0 0 0 0 0 0 0 0
711 3 1 1 0 0 0 0 0 0
718 2 0 0 0 0 0 0 0 0
719 2 0 0 0 0 0 0 0 0
721 2 0 0 0 0 0 0 0 0
722 2 0 0 0 0 0 0 0 0
724 2 0 0 2 1 0 0 0 0
725 2 0 0 2 0 0 0 0 0
726 2 0 0 0 0 0 0 0 0
728 2 0 0 0 0 0 0 0 0
729 2 0 0 0 0 0 0 0 0
730 2 0 0 0 0 0 0 0 0
734 2 0 0 0 0 0 0 0 0
735 2 0 0 0 0 0 0 0 0
736 2 0 0 0 0 0 0 0 0
737 2 0 0 0 0 0 0 0 0
738 2 1 1 0 0 0 0 0 0
739 2 0 0 0 0 0 0 0 0
780 5 1 1 0 0 0 0 0 0
781 5 0 0 5 0 0 0 0 0
782 5 0 0 5 1 0 0 0 0
783 5 0 0 0 0 0 0 0 0
784 5 0 0 0 0 0 0 0 0
786 5 0 0 0 0 0 0 0 0
787 5 0 0 0 0 0 0 0 0
788 5 1 1 0 0 0 0 0 0
789 5 0 0 0 0 0 0 0 0
790 5 0 0 0 0 0 0 0 0
791 5 0 0 0 0 0 0 0 0
792 5 0 0 0 0 0 0 0 0
793 4 0 0 4 0 0 0 0 0
797 4 0 0 0 0 0 0 0 0
798 4 0 0 0 0 0 0 0 0
799 4 0 0 0 0 0 0 0 0
805 4 0 0 0 0 0 0 0 0
806 4 0 0 0 0 0 0 0 0
807 8 0 0 0 0 0 0 0 0
811 4 1 1 0 0 0 0 0 0
812 4 0 0 0 0 0 0 0 0
815 4 0 0 4 1 0 0 0 0
816 4 0 0 4 0 0 0 0 0
817 4 0 0 0 0 0 0 0 0
819 4 0 0 0 0 0 0 0 0
820 4 0 0 0 0 0 0 0 0
821 4 0 0 0 0 0 0 0 0
825 4 0 0 0 0 0 0 0 0
826 4 0 0 0 0 0 0 0 0
827 4 0 0 0 0 0 0 0 0
828 4 0 0 0 0 0 0 0 0
829 4 0 0 0 0 0 0 0 0
830 4 1 1 0 0 0 0 0 0
837 1 0 0 0 0 0 0 0 0
838 1 0 0 0 0 0 0 0 0
840 1 0 0 0 0 0 0 0 0
841 1 0 0 0 0 0 0 0 0
843 1 0 0 1 1 1 0 0 0
844 1 0 0 1 0 0 0 0 0
845 1 0 0 0 0 0 0 0 0
847 1 0 0 0 0 0 0 0 0
848 1 0 0 0 0 0 0 0 0
849 1 0 0 0 0 0 0 0 0
853 1 0 0 0 0 0 0 0 0
854 1 0 0 0 0 0 0 0 0
855 1 0 0 0 0 0 0 0 0
856 1 0 0 0 0 0 0 0 0
857 1 1 1 0 0 0 0 0 0
858 1 0 0 0 0 0 0 0 0
899 12 2 1 0 0 0 0 0 0
900 12 0 0 12 3 2 0 0 0
901 12 0 0 12 8 6 0 0 0
902 12 0 0 0 0 0 0 0 0
903 12 0 0 0 0 0 0 0 0
905 12 0 0 0 0 0 0 0 0
906 12 0 0 0 0 0 0 0 0
907 12 3 1 0 0 0 0 0 0
908 12 0 0 0 0 0 0 0 0
909 12 0 0 0 0 0 0 0 0
910 12 0 0 0 0 0 0 0 0
911 12 0 0 0 0 0 0 0 0
912 11 0 0 11 0 0 0 0 0
916 11 0 0 0 0 0 0 0 0
917 11 0 0 0 0 0 0 0 0
918 11 0 0 0 0 0 0 0 0
924 11 0 0 0 0 0 0 0 0
925 11 0 0 0 0 0 0 0 0
926 22 0 0 0 0 0 0 0 0
930 13 1 1 0 0 0 0 0 0
931 13 0 0 0 0 0 0 0 0
934 13 0 0 13 7 5 0 0 0
935 13 0 0 13 1 1 0 0 0
936 13 0 0 0 0 0 0 0 0
938 13 0 0 0 0 0 0 0 0
939 13 0 0 0 0 0 0 0 0
940 13 0 0 0 0 0 0 0 0
944 13 0 0 0 0 0 0 0 0
945 13 0 0 0 0 0 0 0 0
946 13 0 0 0 0 0 0 0 0
947 13 0 0 0 0 0 0 0 0
948 13 0 0 0 0 0 0 0 0
949 13 2 1 0 0 0 0 0 0
956 6 0 0 0 0 0 0 0 0
957 6 0 0 0 0 0 0 0 0
959 6 0 0 0 0 0 0 0 0
960 6 0 0 0 0 0 0 0 0
962 6 0 0 6 0 0 0 0 0
963 6 0 0 6 0 0 0 0 0
964 6 0 0 0 0 0 0 0 0
966 6 0 0 0 0 0 0 0 0
967 6 0 0 0 0 0 0 0 0
968 6 0 0 0 0 0 0 0 0
972 6 0 0 0 0 0 0 0 0
973 6 0 0 0 0 0 0 0 0
974 6 0 0 0 0 0 0 0 0
975 6 0 0 0 0 0 0 0 0
976 6 1 1 0 0 0 0 0 0
977 6 0 0 0 0 0 0 0 0
984 2 0 0 0 0 0 0 0 0
985 2 0 0 0 0 0 0 0 0
986 2 0 0 0 0 0 0 0 0
1018 28 1 1 0 0 0 0 0 0
1019 28 0 0 28 5 1 0 0 0
1020 28 0 0 28 6 4 0 0 0
1021 28 0 0 0 0 0 0 0 0
1022 28 0 0 0 0 0 0 0 0
1024 28 0 0 0 0 0 0 0 0
1025 28 0 0 0 0 0 0 0 0
1026 28 1 1 0 0 0 0 0 0
1027 28 0 0 0 0 0 0 0 0
1028 28 0 0 0 0 0 0 0 0
1029 28 0 0 0 0 0 0 0 0
1030 28 0 0 0 0 0 0 0 0
1031 24 0 0 24 0 0 0 0 0
1035 24 0 0 0 0 0 0 0 0
1036 24 0 0 0 0 0 0 0 0
1037 24 0 0 0 0 0 0 0 0
1043 24 0 0 0 0 0 0 0 0
1044 24 0 0 0 0 0 0 0 0
1045 48 0 0 0 0 0 0 0 0
1049 24 1 1 0 0 0 0 0 0
1050 24 0 0 0 0 0 0 0 0
1053 24 0 0 24 8 5 0 0 0
1054 24 0 0 24 3 0 0 0 0
1055 24 0 0 0 0 0 0 0 0
1057 24 0 0 0 0 0 0 0 0
1058 24 0 0 0 0 0 0 0 0
1059 24 0 0 0 0 0 0 0 0
1063 24 0 0 0 0 0 0 0 0
1064 24 0 0 0 0 0 0 0 0
1065 24 0 0 0 0 0 0 0 0
1066 24 0 0 0 0 0 0 0 0
1067 24 0 0 0 0 0 0 0 0
1068 24 1 1 0 0 0 0 0 0
1137 16 1 1 0 0 0 0 0 0
1138 16 0 0 16 1 0 0 0 0
1139 16 0 0 16 4 3 0 0 0
1140 16 0 0 0 0 0 0 0 0
1141 16 0 0 0 0 0 0 0 0
1143 16 0 0 0 0 0 0 0 0
1144 16 0 0 0 0 0 0 0 0
1145 16 1 1 0 0 0 0 0 0
1146 16 0 0 0 0 0 0 0 0
1147 16 0 0 0 0 0 0 0 0
1148 16 0 0 0 0 0 0 0 0
1149 16 0 0 0 0 0 0 0 0
1150 9 0 0 9 0 0 0 0 0
1154 9 0 0 0 0 0 0 0 0
1155 9 0 0 0 0 0 0 0 0
1156 9 0 0 0 0 0 0 0 0
1162 9 0 0 0 0 0 0 0 0
1163 9 0 0 0 0 0 0 0 0
1164 18 0 0 0 0 0 0 0 0
1168 10 1 1 0 0 0 0 0 0
1169 10 0 0 0 0 0 0 0 0
1172 10 0 0 10 3 3 0 0 0
1173 10 0 0 10 1 1 0 0 0
1174 10 0 0 0 0 0 0 0 0
1176 10 0 0 0 0 0 0 0 0
1177 10 0 0 0 0 0 0 0 0
1178 10 0 0 0 0 0 0 0 0
1182 10 0 0 0 0 0 0 0 0
1183 10 0 0 0 0 0 0 0 0
1184 10 0 0 0 0 0 0 0 0
1185 10 0 0 0 0 0 0 0 0
1186 10 0 0 0 0 0 0 0 0
1187 10 1 1 0 0 0 0 0 0
1194 4 0 0 0 0 0 0 0 0
1195 4 0 0 0 0 0 0 0 0
1197 4 0 0 0 0 0 0 0 0
1198 4 0 0 0 0 0 0 0 0
1200 4 0 0 4 0 0 0 0 0
1201 4 0 0 4 1 0 0 0 0
1202 4 0 0 0 0 0 0 0 0
1204 4 0 0 0 0 0 0 0 0
1205 4 0 0 0 0 0 0 0 0
1206 4 0 0 0 0 0 0 0 0
1210 4 0 0 0 0 0 0 0 0
1211 4 0 0 0 0 0 0 0 0
1212 4 0 0 0 0 0 0 0 0
1213 4 0 0 0 0 0 0 0 0
1214 4 1 1 0 0 0 0 0 0
1215 4 0 0 0 0 0 0 0 0
1222 1 0 0 0 0 0 0 0 0
1223 1 0 0 0 0 0 0 0 0
1224 1 0 0 0 0 0 0 0 0
1256 24 1 1 0 0 0 0 0 0
1257 24 0 0 24 2 1 0 0 0
1258 24 0 0 24 2 0 0 0 0
1259 24 0 0 0 0 0 0 0 0
1260 24 0 0 0 0 0 0 0 0
1262 24 0 0 0 0 0 0 0 0
1263 24 0 0 0 0 0 0 0 0
1264 24 2 1 0 0 0 0 0 0
1265 24 0 0 0 0 0 0 0 0
1266 24 0 0 0 0 0 0 0 0
1267 24 0 0 0 0 0 0 0 0
1268 24 0 0 0 0 0 0 0 0
1269 5 0 0 5 0 0 0 0 0
1273 5 0 0 0 0 0 0 0 0
1274 5 0 0 0 0 0 0 0 0
1275 5 0 0 0 0 0 0 0 0
1281 5 0 0 0 0 0 0 0 0
1282 5 0 0 0 0 0 0 0 0
1283 10 0 0 0 0 0 0 0 0
1287 7 2 1 0 0 0 0 0 0
1288 7 0 0 0 0 0 0 0 0
1291 7 0 0 7 0 0 0 0 0
1292 7 0 0 7 1 1 0 0 0
1293 7 0 0 0 0 0 0 0 0
1295 7 0 0 0 0 0 0 0 0
1296 7 0 0 0 0 0 0 0 0
1297 7 0 0 0 0 0 0 0 0
1301 7 0 0 0 0 0 0 0 0
1302 7 0 0 0 0 0 0 0 0
1303 7 0 0 0 0 0 0 0 0
1304 7 0 0 0 0 0 0 0 0
1305 7 0 0 0 0 0 0 0 0
1306 7 2 1 0 0 0 0 0 0
1313 2 0 0 0 0 0 0 0 0
1314 2 0 0 0 0 0 0 0 0
1316 2 0 0 0 0 0 0 0 0
1317 2 0 0 0 0 0 0 0 0
1319 2 0 0 2 1 1 0 0 0
1320 2 0 0 2 0 0 0 0 0
1321 2 0 0 0 0 0 0 0 0
1323 2 0 0 0 0 0 0 0 0
1324 2 0 0 0 0 0 0 0 0
1325 2 0 0 0 0 0 0 0 0
1329 2 0 0 0 0 0 0 0 0
1330 2 0 0 0 0 0 0 0 0
1331 2 0 0 0 0 0 0 0 0
1332 2 0 0 0 0 0 0 0 0
1333 2 1 1 0 0 0 0 0 0
1334 2 0 0 0 0 0 0 0 0
1341 2 0 0 0 0 0 0 0 0
1342 2 0 0 0 0 0 0 0 0
1343 2 0 0 0 0 0 0 0 0
1375 26 1 1 0 0 0 0 0 0
1376 26 0 0 26 3 0 0 0 0
1377 26 0 0 26 6 1 0 0 0
1378 26 0 0 0 0 0 0 0 0
1379 26 0 0 0 0 0 0 0 0
1381 26 0 0 0 0 0 0 0 0
1382 26 0 0 0 0 0 0 0 0
1383 26 1 1 0 0 0 0 0 0
1384 26 0 0 0 0 0 0 0 0
1385 26 0 0 0 0 0 0 0 0
1386 26 0 0 0 0 0 0 0 0
1387 26 0 0 0 0 0 0 0 0
1388 16 0 0 16 0 0 0 0 0
1392 16 0 0 0 0 0 0 0 0
1393 16 0 0 0 0 0 0 0 0
1394 16 0 0 0 0 0 0 0 0
1400 16 0 0 0 0 0 0 0 0
1401 16 0 0 0 0 0 0 0 0
1402 32 0 0 0 0 0 0 0 0
1406 19 1 1 0 0 0 0 0 0
1407 19 0 0 0 0 0 0 0 0
1410 19 0 0 19 3 1 0 0 0
1411 19 0 0 19 7 3 0 0 0
1412 19 0 0 0 0 0 0 0 0
1414 19 0 0 0 0 0 0 0 0
1415 19 0 0 0 0 0 0 0 0
1416 19 0 0 0 0 0 0 0 0
1420 19 0 0 0 0 0 0 0 0
1421 19 0 0 0 0 0 0 0 0
1422 19 0 0 0 0 0 0 0 0
1423 19 0 0 0 0 0 0 0 0
1424 19 0 0 0 0 0 0 0 0
1425 19 1 1 0 0 0 0 0 0
1432 4 0 0 0 0 0 0 0 0
1433 4 0 0 0 0 0 0 0 0
1435 4 0 0 0 0 0 0 0 0
1436 4 0 0 0 0 0 0 0 0
1438 4 0 0 4 0 0 0 0 0
1439 4 0 0 4 0 0 0 0 0
1440 4 0 0 0 0 0 0 0 0
1442 4 0 0 0 0 0 0 0 0
1443 4 0 0 0 0 0 0 0 0
1444 4 0 0 0 0 0 0 0 0
1448 4 0 0 0 0 0 0 0 0
1449 4 0 0 0 0 0 0 0 0
1450 4 0 0 0 0 0 0 0 0
1451 4 0 0 0 0 0 0 0 0
1452 4 1 1 0 0 0 0 0 0
1453 4 0 0 0 0 0 0 0 0
1460 3 0 0 0 0 0 0 0 0
1461 3 0 0 0 0 0 0 0 0
1462 3 0 0 0 0 0 0 0 0
1494 34 1 1 0 0 0 0 0 0
1495 34 0 0 34 6 5 0 0 0
1496 34 0 0 34 5 3 0 0 0
1497 34 0 0 0 0 0 0 0 0
1498 34 0 0 0 0 0 0 0 0
1500 34 0 0 0 0 0 0 0 0
1501 34 0 0 0 0 0 0 0 0
1502 34 1 1 0 0 0 0 0 0
1503 34 0 0 0 0 0 0 0 0
1504 34 0 0 0 0 0 0 0 0
1505 34 0 0 0 0 0 0 0 0
1506 34 0 0 0 0 0 0 0 0
1507 16 0 0 16 0 0 0 0 0
1511 16 0 0 0 0 0 0 0 0
1512 16 0 0 0 0 0 0 0 0
1513 16 0 0 0 0 0 0 0 0
1519 16 0 0 0 0 0 0 0 0
1520 16 0 0 0 0 0 0 0 0
1521 32 0 0 0 0 0 0 0 0
1525 19 1 1 0 0 0 0 0 0
1526 19 0 0 0 0 0 0 0 0
1529 19 0 0 19 6 2 0 0 0
1530 19 0 0 19 6 5 0 0 0
1531 19 0 0 0 0 0 0 0 0
1533 19 0 0 0 0 0 0 0 0
1534 19 0 0 0 0 0 0 0 0
1535 19 0 0 0 0 0 0 0 0
1539 19 0 0 0 0 0 0 0 0
1540 19 0 0 0 0 0 0 0 0
1541 19 0 0 0 0 0 0 0 0
1542 19 0 0 0 0 0 0 0 0
1543 19 0 0 0 0 0 0 0 0
1544 19 1 1 0 0 0 0 0 0
1551 4 0 0 0 0 0 0 0 0
1552 4 0 0 0 0 0 0 0 0
1554 4 0 0 0 0 0 0 0 0
1555 4 0 0 0 0 0 0 0 0
1557 4 0 0 4 0 0 0 0 0
1558 4 0 0 4 0 0 0 0 0
1559 4 0 0 0 0 0 0 0 0
1561 4 0 0 0 0 0 0 0 0
1562 4 0 0 0 0 0 0 0 0
1563 4 0 0 0 0 0 0 0 0
1567 4 0 0 0 0 0 0 0 0
1568 4 0 0 0 0 0 0 0 0
1569 4 0 0 0 0 0 0 0 0
1570 4 0 0 0 0 0 0 0 0
1571 4 1 1 0 0 0 0 0 0
1572 4 0 0 0 0 0 0 0 0
1579 3 0 0 0 0 0 0 0 0
1580 3 0 0 0 0 0 0 0 0
1581 3 0 0 0 0 0 0 0 0
1613 44 2 1 0 0 0 0 0 0
1614 44 0 0 44 3 0 0 0 0
1615 44 0 0 44 5 2 0 0 0
1616 44 0 0 0 0 0 0 0 0
1617 44 0 0 0 0 0 0 0 0
1619 44 0 0 0 0 0 0 0 0
1620 44 0 0 0 0 0 0 0 0
1621 44 1 1 0 0 0 0 0 0
1622 44 0 0 0 0 0 0 0 0
1623 44 0 0 0 0 0 0 0 0
1624 44 0 0 0 0 0 0 0 0
1625 44 0 0 0 0 0 0 0 0
1626 14 0 0 14 0 0 0 0 0
1630 14 0 0 0 0 0 0 0 0
1631 14 0 0 0 0 0 0 0 0
1632 14 0 0 0 0 0 0 0 0
1638 14 0 0 0 0 0 0 0 0
1639 14 0 0 0 0 0 0 0 0
1640 28 0 0 0 0 0 0 0 0
1644 15 1 1 0 0 0 0 0 0
1645 15 0 0 0 0 0 0 0 0
1648 15 0 0 15 3 2 0 0 0
1649 15 0 0 15 4 1 0 0 0
1650 15 0 0 0 0 0 0 0 0
1652 15 0 0 0 0 0 0 0 0
1653 15 0 0 0 0 0 0 0 0
1654 15 0 0 0 0 0 0 0 0
1658 15 0 0 0 0 0 0 0 0
1659 15 0 0 0 0 0 0 0 0
1660 15 0 0 0 0 0 0 0 0
1661 15 0 0 0 0 0 0 0 0
1662 15 0 0 0 0 0 0 0 0
1663 15 1 1 0 0 0 0 0 0
1670 3 0 0 0 0 0 0 0 0
1671 3 0 0 0 0 0 0 0 0
1673 3 0 0 0 0 0 0 0 0
1674 3 0 0 0 0 0 0 0 0
1676 3 0 0 3 0 0 0 0 0
1677 3 0 0 3 1 1 0 0 0
1678 3 0 0 0 0 0 0 0 0
1680 3 0 0 0 0 0 0 0 0
1681 3 0 0 0 0 0 0 0 0
1682 3 0 0 0 0 0 0 0 0
1686 3 0 0 0 0 0 0 0 0
1687 3 0 0 0 0 0 0 0 0
1688 3 0 0 0 0 0 0 0 0
1689 3 0 0 0 0 0 0 0 0
1690 3 1 1 0 0 0 0 0 0
1691 3 0 0 0 0 0 0 0 0
1698 1 0 0 0 0 0 0 0 0
1699 1 0 0 0 0 0 0 0 0
1700 1 0 0 0 0 0 0 0 0
1732 31 1 1 0 0 0 0 0 0
1733 31 0 0 31 5 1 0 0 0
1734 31 0 0 31 5 4 0 0 0
1735 31 0 0 0 0 0 0 0 0
1736 31 0 0 0 0 0 0 0 0
1738 31 0 0 0 0 0 0 0 0
1739 31 0 0 0 0 0 0 0 0
1740 31 1 1 0 0 0 0 0 0
1741 31 0 0 0 0 0 0 0 0
1742 31 0 0 0 0 0 0 0 0
1743 31 0 0 0 0 0 0 0 0
1744 31 0 0 0 0 0 0 0 0
1745 20 0 0 20 0 0 0 0 0
1749 20 0 0 0 0 0 0 0 0
1750 20 0 0 0 0 0 0 0 0
1751 20 0 0 0 0 0 0 0 0
1757 20 0 0 0 0 0 0 0 0
1758 20 0 0 0 0 0 0 0 0
1759 40 0 0 0 0 0 0 0 0
1763 20 1 1 0 0 0 0 0 0
1764 20 0 0 0 0 0 0 0 0
1767 20 0 0 20 2 1 0 0 0
1768 20 0 0 20 4 2 0 0 0
1769 20 0 0 0 0 0 0 0 0
1771 20 0 0 0 0 0 0 0 0
1772 20 0 0 0 0 0 0 0 0
1773 20 0 0 0 0 0 0 0 0
1777 20 0 0 0 0 0 0 0 0
1778 20 0 0 0 0 0 0 0 0
1779 20 0 0 0 0 0 0 0 0
1780 20 0 0 0 0 0 0 0 0
1781 20 0 0 0 0 0 0 0 0
1782 20 1 1 0 0 0 0 0 0
1789 2 0 0 0 0 0 0 0 0
1790 2 0 0 0 0 0 0 0 0
1792 2 0 0 0 0 0 0 0 0
1793 2 0 0 0 0 0 0 0 0
1795 2 0 0 2 0 0 0 0 0
1796 2 0 0 2 1 0 0 0 0
1797 2 0 0 0 0 0 0 0 0
1799 2 0 0 0 0 0 0 0 0
1800 2 0 0 0 0 0 0 0 0
1801 2 0 0 0 0 0 0 0 0
1805 2 0 0 0 0 0 0 0 0
1806 2 0 0 0 0 0 0 0 0
1807 2 0 0 0 0 0 0 0 0
1808 2 0 0 0 0 0 0 0 0
1809 2 1 1 0 0 0 0 0 0
1810 2 0 0 0 0 0 0 0 0
1851 19 1 1 0 0 0 0 0 0
1852 19 0 0 19 1 0 0 0 0
1853 19 0 0 19 2 1 0 0 0
1854 19 0 0 0 0 0 0 0 0
1855 19 0 0 0 0 0 0 0 0
1857 19 0 0 0 0 0 0 0 0
1858 19 0 0 0 0 0 0 0 0
1859 19 1 1 0 0 0 0 0 0
1860 19 0 0 0 0 0 0 0 0
1861 19 0 0 0 0 0 0 0 0
1862 19 0 0 0 0 0 0 0 0
1863 19 0 0 0 0 0 0 0 0
1864 13 0 0 13 0 0 0 0 0
1868 13 0 0 0 0 0 0 0 0
1869 13 0 0 0 0 0 0 0 0
1870 13 0 0 0 0 0 0 0 0
1876 13 0 0 0 0 0 0 0 0
1877 13 0 0 0 0 0 0 0 0
1878 26 0 0 0 0 0 0 0 0
1882 13 1 1 0 0 0 0 0 0
1883 13 0 0 0 0 0 0 0 0
1886 13 0 0 13 2 2 0 0 0
1887 13 0 0 13 3 1 0 0 0
1888 13 0 0 0 0 0 0 0 0
1890 13 0 0 0 0 0 0 0 0
1891 13 0 0 0 0 0 0 0 0
1892 13 0 0 0 0 0 0 0 0
1896 13 0 0 0 0 0 0 0 0
1897 13 0 0 0 0 0 0 0 0
1898 13 0 0 0 0 0 0 0 0
1899 13 0 0 0 0 0 0 0 0
1900 13 0 0 0 0 0 0 0 0
1901 13 1 1 0 0 0 0 0 0
1908 2 0 0 0 0 0 0 0 0
1909 2 0 0 0 0 0 0 0 0
1911 2 0 0 0 0 0 0 0 0
1912 2 0 0 0 0 0 0 0 0
1914 2 0 0 2 0 0 0 0 0
1915 2 0 0 2 0 0 0 0 0
1916 2 0 0 0 0 0 0 0 0
1918 2 0 0 0 0 0 0 0 0
1919 2 0 0 0 0 0 0 0 0
1920 2 0 0 0 0 0 0 0 0
1924 2 0 0 0 0 0 0 0 0
1925 2 0 0 0 0 0 0 0 0
1926 2 0 0 0 0 0 0 0 0
1927 2 0 0 0 0 0 0 0 0
1928 2 1 1 0 0 0 0 0 0
1929 2 0 0 0 0 0 0 0 0
1942 1 0 0 0 0 0 0 0 0
1943 1 0 0 0 0 0 0 0 0
1944 1 0 0 0 0 0 0 0 0
1945 1 0 0 0 0 0 0 0 0
1952 1 0 0 0 0 0 0 0 0
1953 1 0 0 0 0 0 0 0 0
1954 1 0 0 0 0 0 0 0 0
1970 37 1 1 0 0 0 0 0 0
1971 37 0 0 37 2 0 0 0 0
1972 37 0 0 37 3 1 0 0 0
1973 37 0 0 0 0 0 0 0 0
1974 37 0 0 0 0 0 0 0 0
1976 37 0 0 0 0 0 0 0 0
1977 37 0 0 0 0 0 0 0 0
1978 37 1 1 0 0 0 0 0 0
1979 37 0 0 0 0 0 0 0 0
1980 37 0 0 0 0 0 0 0 0
1981 37 0 0 0 0 0 0 0 0
1982 37 0 0 0 0 0 0 0 0
1984 10 0 0 10 0 0 0 0 0
1988 10 0 0 0 0 0 0 0 0
1989 10 0 0 0 0 0 0 0 0
1990 10 0 0 0 0 0 0 0 0
1996 10 0 0 0 0 0 0 0 0
1997 10 0 0 0 0 0 0 0 0
1999 20 0 0 0 0 0 0 0 0
2003 15 1 1 0 0 0 0 0 0
2004 15 0 0 0 0 0 0 0 0
2007 15 0 0 15 3 2 0 0 0
2008 15 0 0 15 7 5 0 0 0
2009 15 0 0 0 0 0 0 0 0
2011 15 0 0 0 0 0 0 0 0
2012 15 0 0 0 0 0 0 0 0
2013 15 0 0 0 0 0 0 0 0
2017 15 0 0 0 0 0 0 0 0
2018 15 0 0 0 0 0 0 0 0
2019 15 0 0 0 0 0 0 0 0
2020 15 0 0 0 0 0 0 0 0
2021 15 0 0 0 0 0 0 0 0
2022 15 1 1 0 0 0 0 0 0
2029 6 0 0 0 0 0 0 0 0
2030 6 0 0 0 0 0 0 0 0
2032 6 0 0 0 0 0 0 0 0
2033 6 0 0 0 0 0 0 0 0
2035 6 0 0 6 0 0 0 0 0
2036 6 0 0 6 0 0 0 0 0
2037 6 0 0 0 0 0 0 0 0
2039 6 0 0 0 0 0 0 0 0
2040 6 0 0 0 0 0 0 0 0
2041 6 0 0 0 0 0 0 0 0
2045 6 0 0 0 0 0 0 0 0
2046 6 0 0 0 0 0 0 0 0
2047 6 0 0 0 0 0 0 0 0
2048 6 0 0 0 0 0 0 0 0
2049 6 1 1 0 0 0 0 0 0
2050 6 0 0 0 0 0 0 0 0
2057 5 0 0 0 0 0 0 0 0
2058 5 0 0 0 0 0 0 0 0
2059 5 0 0 0 0 0 0 0 0
2093 236 0 0 0 0 0 0 0 0
2095 388 1 1 0 0 0 0 0 0
2096 388 0 0 0 0 0 0 0 0
2097 388 0 0 0 0 0 0 0 0
2098 388 0 0 0 0 0 0 0 0
2099 274 0 0 0 0 0 0 0 0
2104 2583 1 1 0 0 0 0 0 0
2110 2583 0 0 2583 0 0 0 0 0
2111 2583 0 0 2583 0 0 0 0 0
2119 2583 0 0 0 0 0 0 0 0
2120 2583 0 0 2583 0 0 0 0 0
fn=strncmp
98 1 1 1 0 0 0 0 0 0
125 1 0 0 0 0 0 0 0 0
126 1 0 0 0 0 0 0 0 0
127 1 0 0 0 0 0 0 0 0
128 1 0 0 0 0 0 0 0 0
129 1 0 0 0 0 0 0 0 0
131 1 0 0 0 0 0 0 0 0
132 1 0 0 0 0 0 0 0 0
134 1 1 1 0 0 0 0 0 0
135 1 0 0 0 0 0 0 0 0
156 1 0 0 0 0 0 0 0 0
157 1 0 0 0 0 0 0 0 0
158 1 0 0 0 0 0 0 0 0
159 1 0 0 0 0 0 0 0 0
160 1 0 0 1 0 0 0 0 0
161 1 0 0 1 0 0 0 0 0
162 1 0 0 1 0 0 0 0 0
163 1 0 0 1 0 0 0 0 0
180 1 0 0 0 0 0 0 0 0
181 1 0 0 0 0 0 0 0 0
182 1 0 0 0 0 0 0 0 0
183 1 0 0 0 0 0 0 0 0
184 1 0 0 0 0 0 0 0 0
185 1 0 0 0 0 0 0 0 0
186 1 1 1 0 0 0 0 0 0
2104 1 1 1 0 0 0 0 0 0
2107 1 0 0 0 0 0 0 0 0
2108 1 0 0 0 0 0 0 0 0
2110 1 0 0 1 0 0 0 0 0
2111 1 0 0 1 0 0 0 0 0
2119 1 0 0 0 0 0 0 0 0
2120 1 0 0 1 0 0 0 0 0
fl=./string/../sysdeps/x86_64/multiarch/../multiarch/strlen-sse2.S
fn=strlen
57 35 1 1 0 0 0 0 0 0
101 35 0 0 0 0 0 0 0 0
102 35 0 0 0 0 0 0 0 0
103 35 0 0 0 0 0 0 0 0
104 35 0 0 0 0 0 0 0 0
105 35 0 0 0 0 0 0 0 0
106 35 0 0 0 0 0 0 0 0
107 35 0 0 0 0 0 0 0 0
109 35 0 0 0 0 0 0 0 0
111 35 0 0 0 0 0 0 0 0
142 34 0 0 34 2 2 0 0 0
143 34 0 0 0 0 0 0 0 0
144 34 0 0 0 0 0 0 0 0
145 34 0 0 0 0 0 0 0 0
146 34 0 0 0 0 0 0 0 0
147 17 0 0 0 0 0 0 0 0
149 17 0 0 17 0 0 0 0 0
153 17 1 1 0 0 0 0 0 0
154 17 0 0 17 0 0 0 0 0
155 17 0 0 17 0 0 0 0 0
156 17 0 0 17 2 2 0 0 0
157 17 0 0 0 0 0 0 0 0
158 17 0 0 0 0 0 0 0 0
159 17 0 0 0 0 0 0 0 0
160 17 0 0 0 0 0 0 0 0
161 17 0 0 0 0 0 0 0 0
162 17 0 0 0 0 0 0 0 0
163 17 0 0 0 0 0 0 0 0
164 17 0 0 0 0 0 0 0 0
169 136 1 1 17 0 0 0 0 0
173 1 0 0 0 0 0 0 0 0
174 14 1 1 4 0 0 0 0 0
175 8 0 0 1 0 0 0 0 0
fl=./string/../sysdeps/x86_64/multiarch/ifunc-avx2.h
fn=memrchr
38 4 0 0 0 0 0 0 0 0
40 3 0 0 2 0 0 0 0 0
41 2 0 0 1 0 0 0 0 0
42 3 1 1 1 0 0 0 0 0
45 2 0 0 0 0 0 0 0 0
46 2 0 0 0 0 0 0 0 0
49 3 0 0 0 0 0 0 0 0
52 6 0 0 0 0 0 0 0 0
fn=rindex
38 4 0 0 0 0 0 0 0 0
40 3 0 0 2 0 0 0 0 0
41 2 1 1 1 0 0 0 0 0
42 3 0 0 1 0 0 0 0 0
45 2 0 0 0 0 0 0 0 0
46 2 0 0 0 0 0 0 0 0
49 3 0 0 0 0 0 0 0 0
52 6 1 1 0 0 0 0 0 0
fn=strchrnul
38 4 0 0 0 0 0 0 0 0
40 3 0 0 2 0 0 0 0 0
41 2 1 1 1 0 0 0 0 0
42 3 0 0 1 0 0 0 0 0
45 2 0 0 0 0 0 0 0 0
46 2 0 0 0 0 0 0 0 0
49 3 0 0 0 0 0 0 0 0
52 6 0 0 0 0 0 0 0 0
fn=strlen
38 8 0 0 0 0 0 0 0 0
40 6 0 0 4 2 0 0 0 0
41 4 0 0 2 0 0 0 0 0
42 6 1 1 2 1 0 0 0 0
45 4 0 0 0 0 0 0 0 0
46 4 0 0 0 0 0 0 0 0
49 6 0 0 0 0 0 0 0 0
52 12 0 0 0 0 0 0 0 0
fn=strnlen
38 8 0 0 0 0 0 0 0 0
40 6 0 0 4 1 0 0 0 0
41 4 1 1 2 0 0 0 0 0
42 6 0 0 2 0 0 0 0 0
45 4 0 0 0 0 0 0 0 0
46 4 0 0 0 0 0 0 0 0
49 6 0 0 0 0 0 0 0 0
52 12 1 1 0 0 0 0 0 0
fl=./string/../sysdeps/x86_64/multiarch/ifunc-evex.h
fn=memchr
37 8 0 0 0 0 0 0 0 0
38 6 1 1 4 0 0 0 0 0
39 6 0 0 2 0 0 0 0 0
42 4 0 0 0 0 0 0 0 0
43 4 0 0 0 0 0 0 0 0
45 4 0 0 0 0 0 0 0 0
51 6 0 0 0 0 0 0 0 0
54 8 0 0 0 0 0 0 0 0
fl=./string/../sysdeps/x86_64/multiarch/ifunc-memcmp.h
fn=bcmp
34 5 1 1 2 0 0 0 0 0
35 2 0 0 1 0 0 0 0 0
36 2 0 0 0 0 0 0 0 0
37 3 0 0 1 0 0 0 0 0
40 2 0 0 0 0 0 0 0 0
41 2 0 0 0 0 0 0 0 0
44 3 0 0 0 0 0 0 0 0
47 4 0 0 0 0 0 0 0 0
fl=./string/../sysdeps/x86_64/multiarch/ifunc-memmove.h
fn=memcpy@@GLIBC_2.14
56 4 0 0 0 0 0 0 0 0
57 6 0 0 4 0 0 0 0 0
60 6 1 1 2 0 0 0 0 0
61 4 1 1 0 0 0 0 0 0
74 4 0 0 0 0 0 0 0 0
77 4 0 0 0 0 0 0 0 0
85 4 0 0 0 0 0 0 0 0
93 4 0 0 0 0 0 0 0 0
96 10 1 1 2 0 0 0 0 0
fn=memmove
56 2 0 0 0 0 0 0 0 0
57 3 0 0 2 0 0 0 0 0
60 3 0 0 1 0 0 0 0 0
61 2 1 1 0 0 0 0 0 0
74 2 0 0 0 0 0 0 0 0
77 2 0 0 0 0 0 0 0 0
85 2 0 0 0 0 0 0 0 0
93 2 1 1 0 0 0 0 0 0
96 5 2 2 1 0 0 0 0 0
fn=mempcpy
56 2 0 0 0 0 0 0 0 0
57 3 0 0 2 0 0 0 0 0
60 3 1 1 1 0 0 0 0 0
61 2 1 1 0 0 0 0 0 0
74 2 0 0 0 0 0 0 0 0
77 2 0 0 0 0 0 0 0 0
85 2 0 0 0 0 0 0 0 0
93 2 0 0 0 0 0 0 0 0
96 5 1 1 1 0 0 0 0 0
fl=./string/../sysdeps/x86_64/multiarch/ifunc-memset.h
fn=memset
54 5 0 0 2 0 0 0 0 0
57 3 0 0 1 0 0 0 0 0
58 2 1 1 0 0 0 0 0 0
64 2 1 1 0 0 0 0 0 0
73 2 0 0 0 0 0 0 0 0
75 2 0 0 0 0 0 0 0 0
85 2 0 0 0 0 0 0 0 0
93 2 0 0 0 0 0 0 0 0
96 5 0 0 1 0 0 0 0 0
fl=./string/../sysdeps/x86_64/multiarch/ifunc-sse4_2.h
fn=strcspn
36 5 0 0 2 0 0 0 0 0
fn=strpbrk
36 5 1 1 2 1 0 0 0 0
fn=strspn
36 5 1 1 2 0 0 0 0 0
fl=./string/../sysdeps/x86_64/multiarch/ifunc-strcasecmp.h
fn=strcasecmp
36 4 0 0 0 0 0 0 0 0
37 2 0 0 2 0 0 0 0 0
38 3 1 1 1 0 0 0 0 0
41 2 0 0 0 0 0 0 0 0
42 2 0 0 0 0 0 0 0 0
45 3 0 0 0 0 0 0 0 0
48 5 1 1 0 0 0 0 0 0
fn=strcasecmp_l
36 4 0 0 0 0 0 0 0 0
37 2 1 1 2 0 0 0 0 0
38 3 1 1 1 0 0 0 0 0
41 2 0 0 0 0 0 0 0 0
42 2 0 0 0 0 0 0 0 0
45 3 0 0 0 0 0 0 0 0
48 5 0 0 0 0 0 0 0 0
fn=strncasecmp
36 4 0 0 0 0 0 0 0 0
37 2 0 0 2 0 0 0 0 0
38 3 1 1 1 0 0 0 0 0
41 2 0 0 0 0 0 0 0 0
42 2 0 0 0 0 0 0 0 0
45 3 0 0 0 0 0 0 0 0
48 5 0 0 0 0 0 0 0 0
fn=strncasecmp_l
36 4 0 0 0 0 0 0 0 0
37 2 1 1 2 0 0 0 0 0
38 3 1 1 1 0 0 0 0 0
41 2 0 0 0 0 0 0 0 0
42 2 0 0 0 0 0 0 0 0
45 3 0 0 0 0 0 0 0 0
48 5 0 0 0 0 0 0 0 0
fl=./string/../sysdeps/x86_64/multiarch/ifunc-strcpy.h
fn=stpcpy
38 4 0 0 2 0 0 0 0 0
39 3 0 0 1 0 0 0 0 0
42 2 0 0 0 0 0 0 0 0
43 2 0 0 0 0 0 0 0 0
46 3 0 0 0 0 0 0 0 0
49 3 0 0 0 0 0 0 0 0
fn=strcat
38 4 0 0 2 0 0 0 0 0
39 3 1 1 1 0 0 0 0 0
42 2 0 0 0 0 0 0 0 0
43 2 0 0 0 0 0 0 0 0
46 3 0 0 0 0 0 0 0 0
49 3 0 0 0 0 0 0 0 0
fn=strcpy
38 4 0 0 2 0 0 0 0 0
39 3 1 1 1 0 0 0 0 0
42 2 0 0 0 0 0 0 0 0
43 2 0 0 0 0 0 0 0 0
46 3 0 0 0 0 0 0 0 0
49 3 0 0 0 0 0 0 0 0
fl=./string/../sysdeps/x86_64/multiarch/ifunc-strncpy.h
fn=stpncpy
35 5 1 1 2 0 0 0 0 0
36 3 0 0 1 0 0 0 0 0
39 2 0 0 0 0 0 0 0 0
40 2 0 0 0 0 0 0 0 0
43 3 0 0 0 0 0 0 0 0
46 4 0 0 0 0 0 0 0 0
fn=strncpy
35 5 0 0 2 0 0 0 0 0
36 3 0 0 1 0 0 0 0 0
39 2 0 0 0 0 0 0 0 0
40 2 0 0 0 0 0 0 0 0
43 3 0 0 0 0 0 0 0 0
46 4 0 0 0 0 0 0 0 0
fl=./string/../sysdeps/x86_64/multiarch/memchr-avx2.S
fn=__memchr_avx2
61 1 1 1 0 0 0 0 0 0
68 1 0 0 0 0 0 0 0 0
70 1 0 0 0 0 0 0 0 0
73 1 0 0 0 0 0 0 0 0
74 1 0 0 0 0 0 0 0 0
76 1 0 0 0 0 0 0 0 0
77 1 0 0 0 0 0 0 0 0
78 1 0 0 0 0 0 0 0 0
79 1 0 0 0 0 0 0 0 0
82 1 0 0 1 0 0 0 0 0
83 1 0 0 0 0 0 0 0 0
86 1 0 0 0 0 0 0 0 0
87 1 0 0 0 0 0 0 0 0
101 1 1 1 0 0 0 0 0 0
106 1 0 0 0 0 0 0 0 0
113 1 0 0 0 0 0 0 0 0
114 1 0 0 0 0 0 0 0 0
115 1 0 0 0 0 0 0 0 0
116 1 0 0 1 0 0 0 0 0
fl=./string/../sysdeps/x86_64/multiarch/memchr.c
fn=memchr
29 4 1 1 2 0 0 0 0 0
fl=./string/../sysdeps/x86_64/multiarch/memcmp-avx2-movbe.S
fn=__memcmp_avx2_movbe
73 49 1 1 0 0 0 0 0 0
80 49 0 0 0 0 0 0 0 0
81 49 0 0 0 0 0 0 0 0
156 39 1 1 0 0 0 0 0 0
166 39 0 0 39 0 0 0 0 0
167 39 0 0 39 0 0 0 0 0
168 39 0 0 0 0 0 0 0 0
171 78 0 0 39 0 0 0 0 0
401 49 1 1 0 0 0 0 0 0
402 49 0 0 0 0 0 0 0 0
407 49 0 0 0 0 0 0 0 0
408 49 0 0 0 0 0 0 0 0
409 49 0 0 0 0 0 0 0 0
410 49 0 0 0 0 0 0 0 0
411 49 0 0 0 0 0 0 0 0
414 49 0 0 49 0 0 0 0 0
415 49 0 0 49 0 0 0 0 0
416 49 0 0 0 0 0 0 0 0
417 49 0 0 0 0 0 0 0 0
420 49 0 0 0 0 0 0 0 0
421 49 0 0 0 0 0 0 0 0
422 10 0 0 0 0 0 0 0 0
423 20 0 0 10 0 0 0 0 0
fl=./string/../sysdeps/x86_64/multiarch/memcmp.c
fn=bcmp
29 4 2 2 1 0 0 0 0 0
fl=./string/../sysdeps/x86_64/multiarch/memcmpeq.c
fn=memcpy@@GLIBC_2.14
29 2 1 1 0 0 0 0 0 0
fl=./string/../sysdeps/x86_64/multiarch/memmove-vec-unaligned-erms.S
fn=__memcpy_avx_unaligned_erms
255 1182132 1 1 0 0 0 0 0 0
256 1182132 0 0 0 0 0 0 0 0
262 1182132 0 0 0 0 0 0 0 0
263 1182132 0 0 0 0 0 0 0 0
305 1182132 0 0 0 0 0 0 0 0
306 1182132 0 0 0 0 0 0 0 0
308 1181275 0 0 0 0 0 0 0 0
309 1181275 0 0 0 0 0 0 0 0
311 1180891 0 0 0 0 0 0 0 0
315 1180891 0 0 0 0 0 0 0 0
316 1180102 0 0 0 0 0 0 0 0
317 1180102 0 0 0 0 0 0 0 0
318 1180102 0 0 1180102 0 0 0 0 0
319 1180102 0 0 0 0 0 0 0 0
320 56715 0 0 56715 0 0 0 0 0
321 56715 0 0 0 0 0 56715 27 0
323 1180102 0 0 0 0 0 1180102 193 63
325 1180102 0 0 1180102 0 0 0 0 0
331 789 0 0 789 0 0 0 0 0
332 789 0 0 789 0 0 0 0 0
333 789 0 0 0 0 0 789 1 0
334 789 0 0 0 0 0 789 0 0
335 789 0 0 789 0 0 0 0 0
342 857 1 1 857 1 1 0 0 0
343 857 0 0 857 0 0 0 0 0
344 857 0 0 0 0 0 857 0 0
345 857 0 0 0 0 0 857 0 0
347 857 0 0 857 0 0 0 0 0
364 384 1 1 384 0 0 0 0 0
365 384 0 0 384 0 0 0 0 0
366 384 0 0 0 0 0 384 0 0
367 384 0 0 0 0 0 384 0 0
368 384 0 0 384 0 0 0 0 0
fn=memcpy
210 48 1 1 0 0 0 0 0 0
211 48 0 0 0 0 0 0 0 0
217 164 0 0 0 0 0 0 0 0
218 164 0 0 0 0 0 0 0 0
220 67 0 0 67 11 1 0 0 0
221 67 0 0 0 0 0 0 0 0
222 67 0 0 0 0 0 0 0 0
224 42 0 0 42 1 0 0 0 0
225 42 0 0 0 0 0 42 27 27
226 42 0 0 0 0 0 42 3 3
228 42 0 0 42 0 0 0 0 0
308 97 2 1 0 0 0 0 0 0
309 97 0 0 0 0 0 0 0 0
311 72 0 0 0 0 0 0 0 0
315 72 0 0 0 0 0 0 0 0
316 72 0 0 0 0 0 0 0 0
317 72 0 0 0 0 0 0 0 0
318 1 0 0 1 1 1 0 0 0
319 1 0 0 0 0 0 0 0 0
323 1 0 0 0 0 0 1 1 1
325 72 0 0 72 0 0 0 0 0
364 25 1 1 25 1 0 0 0 0
365 25 0 0 25 0 0 0 0 0
366 25 0 0 0 0 0 25 7 7
367 25 0 0 0 0 0 25 0 0
368 25 0 0 25 0 0 0 0 0
375 19 0 0 19 0 0 0 0 0
376 19 0 0 19 0 0 0 0 0
377 19 0 0 0 0 0 19 3 3
378 19 0 0 0 0 0 19 3 3
379 19 0 0 0 0 0 19 5 5
380 19 0 0 0 0 0 19 0 0
381 19 0 0 19 0 0 0 0 0
392 25 1 0 0 0 0 0 0 0
393 25 0 0 0 0 0 0 0 0
395 24 0 0 24 2 0 0 0 0
396 24 2 1 0 0 0 0 0 0
397 24 0 0 0 0 0 0 0 0
399 5 0 0 5 1 0 0 0 0
400 5 0 0 5 1 0 0 0 0
401 5 0 0 5 3 0 0 0 0
402 5 0 0 5 0 0 0 0 0
403 5 0 0 5 0 0 0 0 0
404 5 0 0 5 0 0 0 0 0
405 5 0 0 0 0 0 5 2 2
406 5 0 0 0 0 0 5 0 0
407 5 0 0 0 0 0 5 2 2
408 5 0 0 0 0 0 5 1 1
409 5 0 0 0 0 0 5 4 3
410 5 0 0 0 0 0 5 0 0
411 5 0 0 0 0 0 5 0 0
412 5 1 1 0 0 0 5 0 0
413 5 0 0 5 0 0 0 0 0
417 1 0 0 0 0 0 0 0 0
418 1 0 0 0 0 0 0 0 0
422 1 0 0 0 0 0 0 0 0
424 1 0 0 0 0 0 0 0 0
440 1 0 0 0 0 0 0 0 0
443 1 0 0 0 0 0 0 0 0
445 1 0 0 0 0 0 0 0 0
447 1 0 0 0 0 0 0 0 0
451 1 0 0 0 0 0 0 0 0
452 1 0 0 0 0 0 0 0 0
461 1 0 0 1 1 1 0 0 0
462 1 0 0 1 0 0 0 0 0
464 1 0 0 0 0 0 0 0 0
466 1 0 0 0 0 0 0 0 0
467 1 0 0 1 0 0 0 0 0
468 1 1 1 1 1 1 0 0 0
471 1 0 0 0 0 0 0 0 0
473 1 0 0 0 0 0 0 0 0
475 1 0 0 0 0 0 0 0 0
477 1 0 0 0 0 0 0 0 0
483 3 0 0 3 0 0 0 0 0
484 3 0 0 3 2 2 0 0 0
485 3 0 0 3 0 0 0 0 0
486 3 0 0 3 0 0 0 0 0
487 3 0 0 0 0 0 0 0 0
488 3 0 0 0 0 0 3 1 1
489 3 0 0 0 0 0 3 0 0
490 3 0 0 0 0 0 3 0 0
491 3 0 0 0 0 0 3 3 3
492 3 0 0 0 0 0 0 0 0
493 3 0 0 0 0 0 0 0 0
494 3 0 0 0 0 0 0 0 0
496 1 1 1 0 0 0 1 1 1
497 1 0 0 0 0 0 1 0 0
498 1 0 0 0 0 0 1 0 0
499 1 0 0 0 0 0 1 0 0
501 1 0 0 0 0 0 1 0 0
505 1 0 0 1 0 0 0 0 0
fn=mempcpy
197 116 1 0 0 0 0 0 0 0
198 116 0 0 0 0 0 0 0 0
199 116 0 0 0 0 0 0 0 0
200 116 0 0 0 0 0 0 0 0
fl=./string/../sysdeps/x86_64/multiarch/memmove.c
fn=memmove
29 1 1 1 0 0 0 0 0 0
fl=./string/../sysdeps/x86_64/multiarch/mempcpy.c
fn=mempcpy
33 1 0 0 0 0 0 0 0 0
fl=./string/../sysdeps/x86_64/multiarch/memrchr.c
fn=memrchr
29 3 1 1 1 0 0 0 0 0
fl=./string/../sysdeps/x86_64/multiarch/memset-vec-unaligned-erms.S
fn=__memset_avx2_unaligned_erms
158 62 2 1 0 0 0 0 0 0
159 124 0 0 0 0 0 0 0 0
164 62 0 0 0 0 0 0 0 0
165 62 0 0 0 0 0 0 0 0
166 22 0 0 0 0 0 0 0 0
167 22 0 0 0 0 0 0 0 0
168 22 0 0 0 0 0 0 0 0
181 1 0 0 0 0 0 1 0 0
182 1 0 0 0 0 0 1 0 0
184 2 0 0 1 0 0 0 0 0
237 22 2 1 22 2 0 0 0 0
238 22 0 0 0 0 0 0 0 0
244 22 0 0 0 0 0 22 12 12
245 22 0 0 0 0 0 22 10 10
257 22 0 0 0 0 0 0 0 0
260 22 0 0 0 0 0 0 0 0
261 22 0 0 0 0 0 0 0 0
273 21 0 0 0 0 0 21 11 11
274 21 0 0 0 0 0 21 10 10
287 21 0 0 0 0 0 0 0 0
288 21 0 0 0 0 0 0 0 0
290 21 0 0 0 0 0 0 0 0
293 21 0 0 0 0 0 0 0 0
296 21 0 0 0 0 0 0 0 0
299 21 1 1 0 0 0 21 6 6
300 21 0 0 0 0 0 21 10 10
301 21 0 0 0 0 0 21 11 11
302 21 0 0 0 0 0 21 10 10
303 21 0 0 0 0 0 0 0 0
304 21 0 0 0 0 0 0 0 0
305 42 0 0 0 0 0 0 0 0
308 21 0 0 0 0 0 21 0 0
309 21 0 0 0 0 0 21 11 11
310 21 0 0 0 0 0 21 0 0
311 21 0 0 0 0 0 21 0 0
314 42 0 0 21 0 0 0 0 0
337 40 2 1 0 0 0 0 0 0
346 40 0 0 0 0 0 0 0 0
347 40 0 0 0 0 0 0 0 0
352 40 0 0 0 0 0 0 0 0
353 40 0 0 0 0 0 0 0 0
354 40 0 0 0 0 0 0 0 0
355 40 0 0 0 0 0 0 0 0
356 40 0 0 0 0 0 0 0 0
357 40 0 0 0 0 0 0 0 0
358 40 0 0 0 0 0 0 0 0
359 39 0 0 0 0 0 39 0 0
361 40 0 0 40 0 0 0 0 0
fl=./string/../sysdeps/x86_64/multiarch/memset.c
fn=memset
29 1 1 1 0 0 0 0 0 0
fl=./string/../sysdeps/x86_64/multiarch/stpcpy.c
fn=stpcpy
33 3 1 1 1 0 0 0 0 0
fl=./string/../sysdeps/x86_64/multiarch/stpncpy.c
fn=stpncpy
31 3 2 2 1 0 0 0 0 0
fl=./string/../sysdeps/x86_64/multiarch/strcasecmp.c
fn=strcasecmp
31 3 0 0 1 0 0 0 0 0
fl=./string/../sysdeps/x86_64/multiarch/strcasecmp_l.c
fn=strcasecmp_l
31 3 0 0 1 0 0 0 0 0
fl=./string/../sysdeps/x86_64/multiarch/strcat.c
fn=strcat
29 3 1 1 1 0 0 0 0 0
fl=./string/../sysdeps/x86_64/multiarch/strchr-avx2.S
fn=__strchr_avx2
53 1 1 1 0 0 0 0 0 0
55 1 0 0 0 0 0 0 0 0
56 1 0 0 0 0 0 0 0 0
57 1 0 0 0 0 0 0 0 0
58 1 0 0 0 0 0 0 0 0
59 1 0 0 0 0 0 0 0 0
62 1 0 0 0 0 0 0 0 0
63 1 1 1 0 0 0 0 0 0
67 1 0 0 1 0 0 0 0 0
68 1 0 0 0 0 0 0 0 0
69 1 0 0 0 0 0 0 0 0
70 1 0 0 0 0 0 0 0 0
71 1 0 0 0 0 0 0 0 0
72 1 0 0 0 0 0 0 0 0
73 1 0 0 0 0 0 0 0 0
74 1 0 0 0 0 0 0 0 0
77 1 0 0 1 0 0 0 0 0
85 1 0 0 0 0 0 0 0 0
93 1 0 0 0 0 0 0 0 0
94 2 0 0 1 0 0 0 0 0
fn=__strchrnul_avx2
53 788015 1 1 0 0 0 0 0 0
55 788015 0 0 0 0 0 0 0 0
56 788015 0 0 0 0 0 0 0 0
57 788015 0 0 0 0 0 0 0 0
58 788015 0 0 0 0 0 0 0 0
59 788015 0 0 0 0 0 0 0 0
62 788015 0 0 0 0 0 0 0 0
63 788015 1 1 0 0 0 0 0 0
67 788015 0 0 788015 161 3 0 0 0
68 788015 0 0 0 0 0 0 0 0
69 788015 0 0 0 0 0 0 0 0
70 788015 0 0 0 0 0 0 0 0
71 788015 0 0 0 0 0 0 0 0
72 788015 0 0 0 0 0 0 0 0
73 788015 0 0 0 0 0 0 0 0
74 788015 0 0 0 0 0 0 0 0
87 788015 0 0 0 0 0 0 0 0
89 1576030 0 0 788015 0 0 0 0 0
fl=./string/../sysdeps/x86_64/multiarch/strchr.c
fn=index
42 4 0 0 0 0 0 0 0 0
43 2 0 0 2 0 0 0 0 0
44 3 1 1 1 0 0 0 0 0
47 2 0 0 0 0 0 0 0 0
48 2 1 1 0 0 0 0 0 0
51 3 0 0 0 0 0 0 0 0
54 3 0 0 0 0 0 0 0 0
65 3 1 1 1 0 0 0 0 0
fl=./string/../sysdeps/x86_64/multiarch/strchrnul.c
fn=strchrnul
31 3 0 0 1 0 0 0 0 0
fl=./string/../sysdeps/x86_64/multiarch/strcmp-avx2.S
fn=__strncmp_avx2
206 126 1 1 0 0 0 0 0 0
230 126 0 0 0 0 0 0 0 0
235 126 0 0 0 0 0 0 0 0
249 126 0 0 0 0 0 0 0 0
274 126 0 0 0 0 0 0 0 0
275 126 0 0 0 0 0 0 0 0
276 126 0 0 0 0 0 0 0 0
278 126 0 0 0 0 0 0 0 0
279 126 1 1 0 0 0 0 0 0
283 109 0 0 109 33 3 0 0 0
287 109 0 0 109 4 1 0 0 0
289 109 0 0 0 0 0 0 0 0
291 109 0 0 0 0 0 0 0 0
294 109 0 0 0 0 0 0 0 0
296 109 0 0 0 0 0 0 0 0
297 109 0 0 0 0 0 0 0 0
308 109 0 0 0 0 0 0 0 0
318 109 0 0 109 0 0 0 0 0
319 109 0 0 109 0 0 0 0 0
322 109 0 0 0 0 0 0 0 0
326 218 0 0 109 0 0 0 0 0
331 109 0 0 0 0 0 0 0 0
332 109 0 0 0 0 0 0 0 0
333 109 0 0 0 0 0 0 0 0
957 59 1 1 0 0 0 0 0 0
958 59 0 0 0 0 0 0 0 0
959 59 0 0 0 0 0 0 0 0
960 59 0 0 0 0 0 0 0 0
962 59 0 0 0 0 0 0 0 0
965 59 0 0 0 0 0 0 0 0
966 59 0 0 0 0 0 0 0 0
970 36 1 1 0 0 0 0 0 0
971 36 0 0 0 0 0 0 0 0
980 7 0 0 0 0 0 0 0 0
984 7 0 0 0 0 0 0 0 0
985 7 0 0 0 0 0 0 0 0
993 17 0 0 17 1 0 0 0 0
994 17 0 0 17 0 0 0 0 0
995 17 0 0 0 0 0 0 0 0
996 17 0 0 0 0 0 0 0 0
997 17 0 0 0 0 0 0 0 0
998 17 0 0 0 0 0 0 0 0
1000 17 0 0 0 0 0 0 0 0
1047 17 1 1 17 0 0 0 0 0
1048 17 0 0 17 0 0 0 0 0
1051 17 0 0 0 0 0 0 0 0
1052 17 0 0 0 0 0 0 0 0
1053 17 0 0 0 0 0 0 0 0
1056 34 0 0 17 0 0 0 0 0
1063 17 1 1 0 0 0 0 0 0
1064 17 0 0 0 0 0 0 0 0
1065 17 0 0 0 0 0 0 0 0
1066 17 0 0 0 0 0 0 0 0
1076 23 0 0 0 0 0 0 0 0
1077 23 0 0 0 0 0 0 0 0
1080 10 0 0 0 0 0 0 0 0
1081 10 0 0 0 0 0 0 0 0
1082 10 0 0 0 0 0 0 0 0
1083 10 0 0 0 0 0 0 0 0
1089 10 1 1 0 0 0 0 0 0
1091 10 0 0 0 0 0 0 0 0
1094 10 0 0 0 0 0 0 0 0
1095 10 0 0 0 0 0 0 0 0
fl=./string/../sysdeps/x86_64/multiarch/strcmp.c
fn=strcmp
47 4 1 1 0 0 0 0 0 0
48 2 0 0 2 0 0 0 0 0
49 3 0 0 1 0 0 0 0 0
52 2 0 0 0 0 0 0 0 0
53 2 0 0 0 0 0 0 0 0
56 3 0 0 0 0 0 0 0 0
59 3 0 0 0 0 0 0 0 0
79 3 2 2 1 0 0 0 0 0
fl=./string/../sysdeps/x86_64/multiarch/strcpy.c
fn=strcpy
29 3 1 1 1 0 0 0 0 0
fl=./string/../sysdeps/x86_64/multiarch/strcspn.c
fn=strcspn
29 2 1 1 1 0 0 0 0 0
fl=./string/../sysdeps/x86_64/multiarch/strlen-avx2.S
fn=__strlen_avx2
52 465 1 1 0 0 0 0 0 0
65 465 0 0 0 0 0 0 0 0
66 465 0 0 0 0 0 0 0 0
67 465 0 0 0 0 0 0 0 0
70 465 0 0 0 0 0 0 0 0
72 465 0 0 0 0 0 0 0 0
73 465 0 0 0 0 0 0 0 0
76 465 0 0 465 12 11 0 0 0
77 465 0 0 0 0 0 0 0 0
85 465 0 0 0 0 0 0 0 0
86 465 0 0 0 0 0 0 0 0
87 465 0 0 0 0 0 0 0 0
92 930 0 0 465 0 0 0 0 0
fl=./string/../sysdeps/x86_64/multiarch/strlen.c
fn=strlen
29 6 1 1 2 0 0 0 0 0
fl=./string/../sysdeps/x86_64/multiarch/strncase.c
fn=strncasecmp
31 3 1 1 1 0 0 0 0 0
fl=./string/../sysdeps/x86_64/multiarch/strncase_l.c
fn=strncasecmp_l
31 3 1 1 1 0 0 0 0 0
fl=./string/../sysdeps/x86_64/multiarch/strncmp.c
fn=strncmp
43 8 0 0 0 0 0 0 0 0
44 4 1 1 4 1 0 0 0 0
45 6 1 1 2 0 0 0 0 0
48 4 0 0 0 0 0 0 0 0
49 4 0 0 0 0 0 0 0 0
52 6 0 0 0 0 0 0 0 0
55 10 0 0 0 0 0 0 0 0
67 6 1 1 2 0 0 0 0 0
fl=./string/../sysdeps/x86_64/multiarch/strncpy.c
fn=strncpy
29 3 2 2 1 0 0 0 0 0
fl=./string/../sysdeps/x86_64/multiarch/strnlen.c
fn=strnlen
31 6 1 1 2 0 0 0 0 0
fl=./string/../sysdeps/x86_64/multiarch/strpbrk.c
fn=strpbrk
29 2 0 0 1 0 0 0 0 0
fl=./string/../sysdeps/x86_64/multiarch/strrchr-avx2.S
fn=__strrchr_avx2
53 1 1 1 0 0 0 0 0 0
54 1 0 0 0 0 0 0 0 0
55 1 0 0 0 0 0 0 0 0
57 1 0 0 0 0 0 0 0 0
58 1 1 1 0 0 0 0 0 0
62 1 0 0 0 0 0 0 0 0
63 1 0 0 0 0 0 0 0 0
64 1 0 0 0 0 0 0 0 0
67 1 0 0 1 1 0 0 0 0
69 1 0 0 0 0 0 0 0 0
70 1 0 0 0 0 0 0 0 0
71 1 0 0 0 0 0 0 0 0
72 1 0 0 0 0 0 0 0 0
75 1 0 0 0 0 0 0 0 0
76 1 0 0 0 0 0 0 0 0
78 1 0 0 0 0 0 0 0 0
79 1 0 0 0 0 0 0 0 0
80 1 0 0 0 0 0 0 0 0
81 1 0 0 0 0 0 0 0 0
82 1 0 0 0 0 0 0 0 0
91 2 0 0 1 0 0 0 0 0
fl=./string/../sysdeps/x86_64/multiarch/strrchr.c
fn=rindex
28 3 0 0 1 0 0 0 0 0
fl=./string/../sysdeps/x86_64/multiarch/strspn.c
fn=strspn
29 2 1 1 1 0 0 0 0 0
fl=./string/./string/strdup.c
fn=strdup
40 42 1 1 0 0 0 21 0 0
41 14 0 0 0 0 0 7 0 0
44 14 1 1 0 0 0 0 0 0
47 28 0 0 0 0 0 0 0 0
48 21 0 0 21 0 0 0 0 0
fl=./wcsmbs/../sysdeps/x86_64/multiarch/ifunc-avx2.h
fn=wcschr
38 8 1 1 0 0 0 0 0 0
40 6 0 0 4 0 0 0 0 0
41 4 0 0 2 0 0 0 0 0
42 6 0 0 2 0 0 0 0 0
45 4 0 0 0 0 0 0 0 0
46 4 0 0 0 0 0 0 0 0
49 6 0 0 0 0 0 0 0 0
52 12 1 1 0 0 0 0 0 0
fn=wcscmp
38 4 0 0 0 0 0 0 0 0
40 3 0 0 2 0 0 0 0 0
41 2 1 1 1 0 0 0 0 0
42 3 0 0 1 0 0 0 0 0
45 2 0 0 0 0 0 0 0 0
46 2 0 0 0 0 0 0 0 0
49 3 0 0 0 0 0 0 0 0
52 6 1 1 0 0 0 0 0 0
fl=./wcsmbs/../sysdeps/x86_64/multiarch/ifunc-evex.h
fn=wmemchr
37 8 0 0 0 0 0 0 0 0
38 6 1 1 4 0 0 0 0 0
39 6 0 0 2 0 0 0 0 0
42 4 0 0 0 0 0 0 0 0
43 4 1 1 0 0 0 0 0 0
45 4 0 0 0 0 0 0 0 0
51 6 0 0 0 0 0 0 0 0
54 8 0 0 0 0 0 0 0 0
fl=./wcsmbs/../sysdeps/x86_64/multiarch/ifunc-memcmp.h
fn=wmemcmp
34 5 1 1 2 0 0 0 0 0
35 2 0 0 1 0 0 0 0 0
36 2 0 0 0 0 0 0 0 0
37 3 0 0 1 0 0 0 0 0
40 2 0 0 0 0 0 0 0 0
41 2 0 0 0 0 0 0 0 0
44 3 0 0 0 0 0 0 0 0
47 4 0 0 0 0 0 0 0 0
fl=./wcsmbs/../sysdeps/x86_64/multiarch/ifunc-wcs.h
fn=wcpncpy
39 4 1 1 0 0 0 0 0 0
40 3 0 0 2 0 0 0 0 0
41 3 0 0 1 0 0 0 0 0
44 2 0 0 0 0 0 0 0 0
45 3 0 0 0 0 0 0 0 0
48 4 0 0 0 0 0 0 0 0
fn=wcscat
39 4 0 0 0 0 0 0 0 0
40 3 0 0 2 0 0 0 0 0
41 3 0 0 1 0 0 0 0 0
44 2 0 0 0 0 0 0 0 0
45 3 0 0 0 0 0 0 0 0
48 4 0 0 0 0 0 0 0 0
fn=wcsncpy
39 4 0 0 0 0 0 0 0 0
40 3 0 0 2 0 0 0 0 0
41 3 0 0 1 0 0 0 0 0
44 2 0 0 0 0 0 0 0 0
45 3 0 0 0 0 0 0 0 0
48 4 0 0 0 0 0 0 0 0
fl=./wcsmbs/../sysdeps/x86_64/multiarch/ifunc-wcslen.h
fn=wcslen
40 4 0 0 0 0 0 0 0 0
41 2 0 0 2 0 0 0 0 0
42 3 1 1 1 0 0 0 0 0
45 2 0 0 0 0 0 0 0 0
46 2 0 0 0 0 0 0 0 0
49 3 0 0 0 0 0 0 0 0
52 3 0 0 0 0 0 0 0 0
fn=wcsnlen
40 4 0 0 0 0 0 0 0 0
41 2 1 1 2 0 0 0 0 0
42 3 0 0 1 0 0 0 0 0
45 2 1 1 0 0 0 0 0 0
46 2 0 0 0 0 0 0 0 0
49 3 0 0 0 0 0 0 0 0
52 3 0 0 0 0 0 0 0 0
fl=./wcsmbs/../sysdeps/x86_64/multiarch/ifunc-wmemset.h
fn=wmemset
36 10 0 0 4 0 0 0 0 0
37 6 1 1 2 0 0 0 0 0
fl=./wcsmbs/../sysdeps/x86_64/multiarch/wcpcpy.c
fn=wcpncpy
31 1 1 1 0 0 0 0 0 0
fl=./wcsmbs/../sysdeps/x86_64/multiarch/wcpncpy.c
fn=wcpncpy
31 1 0 0 1 0 0 0 0 0
fl=./wcsmbs/../sysdeps/x86_64/multiarch/wcscat.c
fn=wcscat
31 2 1 1 1 0 0 0 0 0
fn=wcschr
31 2 1 1 0 0 0 0 0 0
fl=./wcsmbs/../sysdeps/x86_64/multiarch/wcschr.c
fn=wcschr
31 4 0 0 2 0 0 0 0 0
fl=./wcsmbs/../sysdeps/x86_64/multiarch/wcscmp.c
fn=wcscmp
30 3 1 1 1 0 0 0 0 0
fl=./wcsmbs/../sysdeps/x86_64/multiarch/wcscpy.c
fn=wcscpy
42 4 0 0 0 0 0 0 0 0
43 2 1 1 2 0 0 0 0 0
44 3 0 0 1 0 0 0 0 0
46 2 1 1 0 0 0 0 0 0
47 3 0 0 0 0 0 0 0 0
50 3 0 0 0 0 0 0 0 0
60 2 1 1 1 0 0 0 0 0
fl=./wcsmbs/../sysdeps/x86_64/multiarch/wcslen.c
fn=wcslen
29 3 2 2 1 0 0 0 0 0
fl=./wcsmbs/../sysdeps/x86_64/multiarch/wcsncpy.c
fn=wcsncpy
31 2 1 1 1 0 0 0 0 0
fl=./wcsmbs/../sysdeps/x86_64/multiarch/wcsnlen.c
fn=wcsnlen
30 3 1 1 1 0 0 0 0 0
fl=./wcsmbs/../sysdeps/x86_64/multiarch/wmemchr.c
fn=wmemchr
31 4 1 1 2 0 0 0 0 0
fl=./wcsmbs/../sysdeps/x86_64/multiarch/wmemcmp.c
fn=wmemcmp
29 4 1 1 1 0 0 0 0 0
fl=./wcsmbs/../sysdeps/x86_64/multiarch/wmemset.c
fn=wmemset
31 4 1 1 2 0 0 0 0 0
fl=./wcsmbs/./wcsmbs/btowc.c
fn=btowc
32 2560 1 1 256 0 0 1280 0 0
37 1792 1 1 0 0 0 0 0 0
42 512 0 0 0 0 0 0 0 0
46 384 0 0 384 1 0 0 0 0
47 256 1 1 256 2 0 0 0 0
48 256 0 0 128 1 0 0 0 0
52 512 0 0 128 0 0 0 0 0
55 1152 0 0 384 0 0 128 0 0
94 1792 1 1 1408 0 0 0 0 0
fl=./wcsmbs/./wcsmbs/wctob.c
fn=wctob
30 1280 1 1 128 0 0 640 0 0
39 384 0 0 0 0 0 0 0 0
44 256 0 0 0 0 0 0 0 0
45 128 0 0 0 0 0 0 0 0
79 1152 1 1 896 0 0 0 0 0
fl=./wcsmbs/./wcsmbsload.h
fn=btowc
69 128 0 0 128 1 0 0 0 0
70 384 0 0 128 1 0 0 0 0
fl=./wctype/./wctype/wctype_l.c
fn=wctype_l
26 110 1 1 0 0 0 60 0 0
29 20 1 1 0 0 0 10 0 0
32 30 0 0 20 1 0 10 0 0
33 68 0 0 0 0 0 0 0 0
35 174 0 0 0 0 0 58 0 0
37 410 1 1 0 0 0 49 0 0
40 48 0 0 0 0 0 0 0 0
41 96 0 0 48 0 0 0 0 0
45 20 0 0 20 1 0 0 0 0
46 10 0 0 10 2 0 0 0 0
47 80 0 0 70 0 0 0 0 0
fl=/build/gcc-13-fG75Ri/gcc-13-13.3.0/build/x86_64-linux-gnu/libgcc/../../../src/libgcc/config/i386/crtfastmath.c
fn=set_fast_math
84 3 0 0 0 0 0 1 0 0
94 1 0 0 0 0 0 1 0 0
96 2 0 0 2 0 0 0 0 0
98 2 0 0 2 0 0 0 0 0
fl=???
fn=(below main)
0 12 1 1 2 1 0 3 0 0
fn=???
0 139187541 445 424 23631922 391 11 3282 248 113
fn=Eigen::MatrixBase<Eigen::CwiseBinaryOp<Eigen::internal::scalar_difference_op<double, double>, Eigen::Matrix<double, 3, 1, 0, 3, 1> const, Eigen::Matrix<double, 3, 1, 0, 3, 1> const> >::normalized() const
0 27 3 3 9 0 0 4 0 0
fn=Eigen::MatrixBase<Eigen::Matrix<double, 3, 1, 0, 3, 1> >::normalized() const
0 38 1 1 6 0 0 4 0 0
fn=GOMP_loop_dynamic_next
0 768 1 1 0 0 0 0 0 0
fn=GOMP_loop_dynamic_start
0 681 5 5 161 0 0 182 21 21
fn=GOMP_loop_end_nowait
0 44 1 1 0 0 0 0 0 0
fn=GOMP_parallel
0 39 3 3 8 2 0 9 0 0
fn=_GLOBAL__sub_I_spheres
0 20 3 3 5 2 2 8 3 3
fn=__cpu_indicator_init
0 367 40 40 48 2 1 14 0 0
fn=__cxa_get_globals
0 16 1 1 4 0 0 4 0 0
fn=__gnu_cxx::stdio_sync_filebuf<char, std::char_traits<char> >::sync()
0 15 1 1 5 2 0 0 0 0
fn=__gnu_cxx::stdio_sync_filebuf<wchar_t, std::char_traits<wchar_t> >::sync()
0 15 1 1 5 2 0 0 0 0
fn=main
0 8061106 20 20 3538989 73738 4 1179701 1 0
fn=main._omp_fn.0
0 157471714 49 49 56690443 74410 73751 17619694 259 105
fn=radiance(Ray const&, int, unsigned short*)
0 106489866 54 54 29628132 1 0 14302219 867 111
fn=std::__cxx11::messages<char>::messages(unsigned long)
0 21 2 2 5 1 0 9 0 0
fn=std::__cxx11::messages<wchar_t>::messages(unsigned long)
0 21 1 1 5 1 0 9 1 1
fn=std::__cxx11::moneypunct<char, false>::_M_initialize_moneypunct(__locale_struct*, char const*)
0 114 6 6 38 2 1 31 0 0
fn=std::__cxx11::moneypunct<char, true>::_M_initialize_moneypunct(__locale_struct*, char const*)
0 115 5 5 38 0 0 31 0 0
fn=std::__cxx11::moneypunct<wchar_t, false>::_M_initialize_moneypunct(__locale_struct*, char const*)
0 109 5 5 30 0 0 31 0 0
fn=std::__cxx11::moneypunct<wchar_t, true>::_M_initialize_moneypunct(__locale_struct*, char const*)
0 109 6 6 30 0 0 31 0 0
fn=std::__cxx11::numpunct<char>::_M_initialize_numpunct(__locale_struct*)
0 417 5 5 138 5 3 76 0 0
fn=std::__cxx11::numpunct<wchar_t>::_M_initialize_numpunct(__locale_struct*)
0 353 5 5 75 1 1 75 3 3
fn=std::__timepunct<char>::_M_initialize_timepunct(__locale_struct*)
0 132 13 13 27 3 0 30 0 0
fn=std::__timepunct<char>::__timepunct(std::__timepunct_cache<char>*, unsigned long)
0 24 2 2 5 0 0 10 0 0
fn=std::__timepunct<wchar_t>::_M_initialize_timepunct(__locale_struct*)
0 129 13 13 26 2 0 29 0 0
fn=std::__timepunct<wchar_t>::__timepunct(std::__timepunct_cache<wchar_t>*, unsigned long)
0 24 2 2 5 1 0 10 1 1
fn=std::basic_ios<char, std::char_traits<char> >::_M_cache_locale(std::locale const&)
0 128 3 3 64 1 0 36 0 0
fn=std::basic_ios<char, std::char_traits<char> >::init(std::basic_streambuf<char, std::char_traits<char> >*)
0 96 2 2 16 0 0 40 0 0
fn=std::basic_ios<wchar_t, std::char_traits<wchar_t> >::_M_cache_locale(std::locale const&)
0 128 2 2 64 0 0 36 0 0
fn=std::basic_ios<wchar_t, std::char_traits<wchar_t> >::init(std::basic_streambuf<wchar_t, std::char_traits<wchar_t> >*)
0 96 2 2 16 0 0 44 0 0
fn=std::basic_ostream<wchar_t, std::char_traits<wchar_t> >::flush()
0 174 4 4 83 10 0 26 0 0
fn=std::basic_ostream<wchar_t, std::char_traits<wchar_t> >::sentry::sentry(std::basic_ostream<wchar_t, std::char_traits<wchar_t> >&)
0 97 2 2 35 1 0 25 0 0
fn=std::codecvt<char, char, __mbstate_t>::codecvt(unsigned long)
0 19 2 2 5 1 0 7 1 1
fn=std::codecvt<wchar_t, char, __mbstate_t>::codecvt(unsigned long)
0 19 2 2 5 0 0 7 2 2
fn=std::ctype<char>::ctype(unsigned short const*, bool, unsigned long)
0 121 5 5 9 2 0 80 9 9
fn=std::ctype<wchar_t>::_M_convert_to_wmask(unsigned short) const
0 146 6 6 12 0 0 0 0 0
fn=std::ctype<wchar_t>::_M_initialize_ctype()
0 2736 5 5 6 0 0 811 20 20
fn=std::ctype<wchar_t>::ctype(unsigned long)
0 21 2 2 4 0 0 8 1 1
fn=std::error_category::error_category()
0 10 1 1 4 0 0 2 0 0
fn=std::error_category::~error_category()
0 4 0 0 2 0 0 0 0 0
fn=std::future_category()
0 3 1 1 1 0 0 0 0 0
fn=std::ios_base::Init::Init()
0 272 29 29 51 14 1 146 17 3
fn=std::ios_base::Init::~Init()
0 25 3 3 12 8 0 7 0 0
fn=std::ios_base::_M_init()
0 224 3 3 64 1 1 72 0 0
fn=std::ios_base::ios_base()
0 480 3 3 8 0 0 192 30 21
fn=std::locale::_Impl::_Impl(unsigned long)
0 673 56 56 89 39 1 385 50 49
fn=std::locale::_Impl::_M_install_facet(std::locale::id const*, std::locale::facet const*)
0 12192 6 6 3584 1 0 288 0 0
fn=std::locale::facet::_S_create_c_locale(__locale_struct*&, char const*, __locale_struct*)
0 14 1 1 3 0 0 4 0 0
fn=std::locale::facet::_S_get_c_locale()
0 210 1 1 56 0 0 42 0 0
fn=std::locale::facet::_S_get_c_name()
0 21 1 1 7 0 0 0 0 0
fn=std::locale::id::_M_id() const
0 948 2 2 316 8 7 96 0 0
fn=std::locale::locale()
0 484 3 3 154 0 0 154 2 1
fn=std::locale::locale(std::locale::_Impl*)
0 3 1 1 1 0 0 1 1 0
fn=std::locale::operator=(std::locale const&)
0 184 2 2 64 0 0 32 0 0
fn=std::locale::~locale()
0 96 2 2 40 0 0 16 0 0
fn=std::messages<char>::messages(unsigned long)
0 21 2 2 5 0 0 9 1 1
fn=std::messages<wchar_t>::messages(unsigned long)
0 21 2 2 5 0 0 9 0 0
fn=std::moneypunct<char, false>::_M_initialize_moneypunct(__locale_struct*, char const*)
0 114 4 4 38 0 0 31 1 0
fn=std::moneypunct<char, true>::_M_initialize_moneypunct(__locale_struct*, char const*)
0 115 6 6 38 0 0 31 1 0
fn=std::moneypunct<wchar_t, false>::_M_initialize_moneypunct(__locale_struct*, char const*)
0 109 5 5 30 0 0 31 0 0
fn=std::moneypunct<wchar_t, true>::_M_initialize_moneypunct(__locale_struct*, char const*)
0 109 6 6 30 0 0 31 0 0
fn=std::numpunct<char>::_M_initialize_numpunct(__locale_struct*)
0 417 5 5 138 0 0 76 0 0
fn=std::numpunct<wchar_t>::_M_initialize_numpunct(__locale_struct*)
0 353 5 5 75 0 0 75 0 0
fn=std::ostream::flush()
0 174 3 3 83 10 0 26 0 0
fn=std::ostream::sentry::sentry(std::ostream&)
0 97 3 3 35 0 0 25 0 0
fn=std::uncaught_exception()
0 18 1 1 6 1 0 4 0 0
fn=std::vector<Triangle, std::allocator<Triangle> >::~vector()
0 5 2 1 2 1 0 0 0 0
summary: 832513736 2894 2798 211097718 166522 81914 93127497 6316 3225
