desc: I1 cache:         65536 B, 64 B, 8-way associative
desc: D1 cache:         32768 B, 64 B, 8-way associative
desc: LL cache:         25165824 B, 64 B, 12-way associative
cmd: ./main_class 1 objects/spheres_cow.txt
events: Ir I1mr ILmr Dr D1mr DLmr Dw D1mw DLmw 
fl=./csu/../csu/libc-start.c
fn=__libc_start_main@@GLIBC_2.34
128 2 1 1 2 1 0 0 0 0
134 3 0 0 1 1 0 0 0 0
135 7 0 0 3 1 0 2 0 0
138 1 0 0 1 1 0 0 0 0
139 2 1 1 0 0 0 0 0 0
142 3 0 0 2 1 0 0 0 0
143 2 0 0 2 0 0 0 0 0
144 16 0 0 3 0 0 1 0 0
145 8 1 1 2 1 0 4 0 0
242 13 1 1 0 0 0 7 0 0
311 3 0 0 0 0 0 0 0 0
312 3 0 0 0 0 0 1 0 0
337 6 1 1 2 1 0 1 0 0
340 2 0 0 0 0 0 0 0 0
343 2 0 0 2 0 0 0 0 0
350 2 0 0 1 0 0 1 0 0
352 2 0 0 0 0 0 0 0 0
360 4 0 0 1 0 0 1 0 0
fl=./csu/../sysdeps/nptl/libc_start_call_main.h
fn=(below main)
29 9 1 1 1 0 0 5 0 0
44 3 1 1 0 0 0 1 0 0
46 2 0 0 0 0 0 0 0 0
51 2 0 0 1 1 0 1 0 0
52 2 0 0 1 1 0 1 0 0
55 2 0 0 0 0 0 1 0 0
58 6 1 1 5 0 0 1 0 0
74 2 1 0 0 0 0 1 0 0
fl=./csu/./csu/init-first.c
fn=_init_first
46 6 1 1 0 0 0 2 0 0
51 2 0 0 1 0 0 0 0 0
55 5 1 1 4 2 1 0 0 0
61 1 0 0 0 0 0 1 1 0
62 1 0 0 0 0 0 1 0 0
63 2 0 0 1 1 0 1 1 1
71 2 0 0 0 0 0 0 0 0
72 3 0 0 2 0 0 0 0 0
fl=./ctype/./ctype/ctype-info.c
fn=__ctype_init
29 22 2 1 0 0 0 0 0 0
31 154 2 1 110 6 0 22 0 0
33 88 0 0 44 1 0 22 0 0
35 88 0 0 44 0 0 22 0 0
36 22 0 0 22 0 0 0 0 0
fl=./debug/../sysdeps/x86_64/multiarch/ifunc-memmove.h
fn=__memcpy_chk
56 2 0 0 0 0 0 0 0 0
57 3 1 1 2 0 0 0 0 0
60 3 0 0 1 0 0 0 0 0
61 2 1 1 0 0 0 0 0 0
74 2 0 0 0 0 0 0 0 0
77 2 0 0 0 0 0 0 0 0
85 2 0 0 0 0 0 0 0 0
93 2 1 1 0 0 0 0 0 0
96 5 2 2 1 0 0 0 0 0
fn=__memmove_chk
56 2 0 0 0 0 0 0 0 0
57 3 0 0 2 0 0 0 0 0
60 3 0 0 1 0 0 0 0 0
61 2 1 1 0 0 0 0 0 0
74 2 0 0 0 0 0 0 0 0
77 2 1 1 0 0 0 0 0 0
85 2 0 0 0 0 0 0 0 0
93 2 0 0 0 0 0 0 0 0
96 5 0 0 1 0 0 0 0 0
fn=__mempcpy_chk
56 2 0 0 0 0 0 0 0 0
57 3 1 1 2 0 0 0 0 0
60 3 0 0 1 0 0 0 0 0
61 2 1 1 0 0 0 0 0 0
74 2 0 0 0 0 0 0 0 0
77 2 0 0 0 0 0 0 0 0
85 2 0 0 0 0 0 0 0 0
93 2 1 1 0 0 0 0 0 0
96 5 2 2 1 0 0 0 0 0
fl=./debug/../sysdeps/x86_64/multiarch/ifunc-memset.h
fn=__memset_chk
54 5 0 0 2 0 0 0 0 0
57 3 0 0 1 0 0 0 0 0
58 2 1 1 0 0 0 0 0 0
64 2 1 1 0 0 0 0 0 0
73 2 0 0 0 0 0 0 0 0
75 2 0 0 0 0 0 0 0 0
85 2 0 0 0 0 0 0 0 0
93 2 0 0 0 0 0 0 0 0
96 5 0 0 1 0 0 0 0 0
fl=./debug/../sysdeps/x86_64/multiarch/memcpy_chk.c
fn=__memcpy_chk
29 1 1 1 0 0 0 0 0 0
fl=./debug/../sysdeps/x86_64/multiarch/memmove_chk.c
fn=__memmove_chk
29 1 0 0 0 0 0 0 0 0
fl=./debug/../sysdeps/x86_64/multiarch/mempcpy_chk.c
fn=__mempcpy_chk
29 1 1 1 0 0 0 0 0 0
fl=./debug/../sysdeps/x86_64/multiarch/memset_chk.c
fn=__memset_chk
29 1 0 0 0 0 0 0 0 0
fl=./debug/./debug/fprintf_chk.c
fn=__fprintf_chk
25 2760988 2 2 196994 0 0 988042 42 42
28 787976 0 0 0 0 0 0 0 0
32 1181964 1 1 0 0 0 787976 0 0
33 393988 0 0 0 0 0 196994 0 0
37 984970 1 1 787976 21 0 0 0 0
fl=./elf/../bits/stdlib-bsearch.h
fn=intel_check_word.constprop.0
27 96 0 0 0 0 0 0 0 0
28 48 0 0 0 0 0 0 0 0
29 744 0 0 0 0 0 0 0 0
31 648 0 0 0 0 0 0 0 0
32 348 0 0 0 0 0 0 0 0
35 264 0 0 0 0 0 0 0 0
37 120 1 1 0 0 0 0 0 0
fl=./elf/../elf/dl-tls.c
fn=_dl_add_to_slotinfo
1017 36 1 1 0 0 0 20 0 0
1023 4 0 0 4 0 0 0 0 0
1026 4 0 0 4 1 0 0 0 0
1027 4 0 0 0 0 0 0 0 0
1031 12 1 1 4 2 0 0 0 0
1065 8 0 0 0 0 0 0 0 0
1068 8 0 0 0 0 0 4 1 0
1069 12 0 0 4 0 0 4 0 0
1072 24 1 1 24 0 0 0 0 0
fn=_dl_allocate_tls
365 21 0 0 21 0 0 0 0 0
369 21 0 0 0 0 0 0 0 0
370 21 0 0 0 0 0 0 0 0
371 42 0 0 0 0 0 0 0 0
374 21 0 0 0 0 0 21 0 0
380 63 1 1 21 0 0 21 0 0
530 42 0 0 0 0 0 0 0 0
531 21 0 0 0 0 0 0 0 0
534 42 0 0 21 0 0 21 0 0
537 63 0 0 42 0 0 0 0 0
549 21 0 0 21 1 0 0 0 0
554 588 1 1 105 1 0 0 0 0
560 210 2 2 0 0 0 0 0 0
563 252 0 0 84 1 0 0 0 0
564 168 0 0 0 0 0 0 0 0
570 252 1 1 168 0 0 0 0 0
571 168 0 0 0 0 0 0 0 0
573 441 0 0 105 5 0 84 0 0
576 168 0 0 0 0 0 0 0 0
577 168 0 0 84 0 0 0 0 0
580 168 0 0 0 0 0 0 0 0
581 336 1 1 168 4 0 0 0 0
583 168 0 0 0 0 0 0 0 0
584 168 0 0 84 0 0 0 0 0
593 84 0 0 0 0 0 84 0 0
603 1092 0 0 252 0 0 420 0 0
609 252 0 0 252 0 0 0 0 0
615 42 0 0 21 0 0 21 0 0
618 21 0 0 0 0 0 21 0 0
620 21 0 0 21 0 0 0 0 0
626 210 2 2 0 0 0 147 0 0
627 42 0 0 0 0 0 0 0 0
630 168 0 0 147 0 0 0 0 0
fn=_dl_allocate_tls_init
523 11 1 1 0 0 0 8 0 0
524 2 0 0 0 0 0 0 0 0
528 2 0 0 1 1 0 1 0 0
531 1 0 0 0 0 0 0 0 0
534 2 1 1 1 1 0 1 0 0
537 3 0 0 2 1 0 0 0 0
549 1 0 0 1 0 0 0 0 0
554 32 1 1 5 1 0 1 0 0
560 11 1 1 0 0 0 0 0 0
563 12 0 0 4 1 0 0 0 0
564 8 0 0 0 0 0 0 0 0
570 12 1 1 8 0 0 0 0 0
571 8 0 0 0 0 0 0 0 0
573 31 0 0 12 5 0 4 1 1
576 8 0 0 0 0 0 0 0 0
577 8 0 0 4 0 0 0 0 0
580 8 1 1 0 0 0 0 0 0
581 16 0 0 8 4 0 0 0 0
583 8 0 0 0 0 0 0 0 0
584 8 0 0 4 0 0 0 0 0
593 4 0 0 0 0 0 4 0 0
601 8 0 0 4 0 0 0 0 0
603 40 0 0 8 0 0 12 0 0
609 4 0 0 4 0 0 0 0 0
615 2 0 0 1 0 0 1 0 0
618 2 0 0 1 0 0 1 0 0
621 9 0 0 8 0 0 0 0 0
fn=_dl_allocate_tls_storage
365 1 0 0 1 0 0 0 0 0
369 1 1 1 0 0 0 0 0 0
370 1 0 0 0 0 0 0 0 0
371 2 0 0 0 0 0 0 0 0
374 1 0 0 0 0 0 1 1 1
380 2 0 0 0 0 0 1 0 0
417 7 2 2 0 0 0 4 0 0
419 1 0 0 1 0 0 0 0 0
430 1 0 0 1 0 0 0 0 0
431 1 0 0 0 0 0 0 0 0
432 2 0 0 0 0 0 0 0 0
440 6 0 0 0 0 0 0 0 0
441 1 1 1 0 0 0 0 0 0
445 305 0 0 0 0 0 297 37 37
464 1 0 0 0 0 0 1 1 1
470 7 0 0 5 0 0 0 0 0
fn=_dl_assign_tls_modid
125 16 1 1 0 0 0 4 0 0
128 8 0 0 4 0 0 0 0 0
141 4 0 0 4 0 0 0 0 0
181 4 0 0 0 0 0 0 0 0
183 4 1 1 0 0 0 4 0 0
186 4 0 0 0 0 0 4 0 0
187 8 0 0 8 0 0 0 0 0
fn=_dl_count_modids
192 1 1 1 0 0 0 0 0 0
194 2 0 0 1 0 0 0 0 0
195 1 0 0 1 0 0 0 0 0
210 2 0 0 1 0 0 0 0 0
fn=_dl_determine_tlsoffset
216 9 1 1 0 0 0 6 0 0
217 1 0 0 0 0 0 0 0 0
218 1 0 0 0 0 0 0 0 0
219 1 0 0 0 0 0 0 0 0
222 4 0 0 1 0 0 1 0 0
225 2 0 0 1 0 0 0 0 0
259 1 0 0 0 0 0 0 0 0
261 32 1 1 9 0 0 0 0 0
263 11 1 1 5 0 0 1 0 0
265 12 1 1 4 2 0 0 0 0
266 8 0 0 4 0 0 0 0 0
268 8 0 0 0 0 0 0 0 0
270 20 0 0 4 0 0 0 0 0
272 8 1 1 0 0 0 0 0 0
275 2 0 0 0 0 0 0 0 0
277 1 0 0 0 0 0 0 0 0
281 5 0 0 0 0 0 4 0 0
282 1 0 0 0 0 0 0 0 0
286 24 0 0 0 0 0 0 0 0
288 6 0 0 0 0 0 0 0 0
289 3 0 0 0 0 0 0 0 0
291 1 0 0 0 0 0 0 0 0
292 2 0 0 0 0 0 0 0 0
294 3 0 0 0 0 0 0 0 0
301 1 0 0 0 0 0 1 0 0
302 7 1 1 1 0 0 0 0 0
304 2 0 0 0 0 0 1 0 0
354 1 0 0 0 0 0 1 0 0
355 8 0 0 7 0 0 0 0 0
fn=_dl_tls_static_surplus_init
83 3 0 0 0 0 0 0 0 0
97 8 1 1 0 0 0 4 0 0
100 6 0 0 1 0 0 1 0 0
101 5 0 0 1 0 0 1 0 0
102 3 0 0 0 0 0 0 0 0
104 4 1 1 0 0 0 0 0 0
107 1 0 0 0 0 0 0 0 0
109 1 0 0 0 0 0 1 0 0
111 3 0 0 0 0 0 1 1 0
112 6 0 0 5 0 0 0 0 0
fl=./elf/../include/list.h
fn=__tls_init_tp
43 2 1 1 1 1 0 1 0 0
44 2 0 0 0 0 0 1 0 0
45 1 0 0 0 0 0 1 0 0
47 1 0 0 0 0 0 1 0 0
fl=./elf/../include/rtld-malloc.h
fn=__minimal_calloc
56 19 0 0 19 0 0 0 0 0
fn=_dl_allocate_tls
44 42 0 0 21 1 0 21 0 0
fn=_dl_allocate_tls_storage
44 2 0 0 1 0 0 1 0 0
56 1 0 0 1 0 0 1 0 0
fn=_dl_check_map_versions
44 21 1 1 7 0 0 7 0 0
fn=_dl_find_object_init
56 2 0 0 1 0 0 1 0 0
fn=_dl_important_hwcaps
56 4 0 0 2 0 0 2 0 0
fn=_dl_init_paths
56 5 0 0 3 0 0 3 0 0
fn=_dl_map_object_deps
56 14 0 0 7 0 0 7 0 0
fn=_dl_new_object
44 21 0 0 7 0 0 7 0 0
56 18 1 1 6 0 0 6 0 0
fn=do_lookup_x
44 13 0 0 3 0 0 6 0 0
fn=fillin_rpath.isra.0
50 2 1 1 2 0 0 1 0 0
51 1 0 0 0 0 0 0 0 0
56 2 0 0 1 0 0 1 0 0
fn=init_tls
44 2 0 0 1 0 0 1 0 0
fl=./elf/../include/scratch_buffer.h
fn=_dl_map_object_deps
77 2 0 0 0 0 0 1 1 1
78 1 0 0 0 0 0 1 0 0
85 3 1 1 1 0 0 0 0 0
131 24 1 1 0 0 0 12 0 0
fl=./elf/../misc/sbrk.c
fn=sbrk
37 6 1 1 0 0 0 3 0 0
40 1 0 0 1 0 0 0 0 0
58 2 0 0 0 0 0 0 0 0
62 2 0 0 0 0 0 0 0 0
78 5 1 1 4 0 0 0 0 0
fl=./elf/../nptl/nptl-stack.h
fn=__libc_early_init
61 8 0 0 2 1 0 0 0 0
fl=./elf/../sysdeps/generic/_itoa.h
fn=_dl_check_map_versions
76 45 0 0 15 0 0 30 0 0
fl=./elf/../sysdeps/generic/dl-cache.h
fn=_dl_load_cache_lookup
125 5 1 1 5 0 0 0 0 0
194 1 0 0 1 0 0 0 0 0
195 5 0 0 0 0 0 0 0 0
fl=./elf/../sysdeps/generic/dl-call_tls_init_tp.h
fn=init_tls
31 8 0 0 0 0 0 2 0 0
33 1 0 0 0 0 0 1 0 0
fl=./elf/../sysdeps/generic/dl-debug.h
fn=dl_main
29 4 0 0 2 0 0 0 0 0
30 1 0 0 0 0 0 1 0 0
fl=./elf/../sysdeps/generic/dl-hash.h
fn=__rtld_malloc_init_real
43 1 0 0 0 0 0 0 0 0
44 1 0 0 0 0 0 0 0 0
45 19 0 0 6 1 1 0 0 0
48 18 0 0 0 0 0 0 0 0
62 24 0 0 0 0 0 0 0 0
67 1 0 0 0 0 0 0 0 0
72 1 0 0 0 0 0 1 0 0
fl=./elf/../sysdeps/generic/dl-new-hash.h
fn=_dl_lookup_symbol_x
69 1990 0 0 0 0 0 0 0 0
70 3980 0 0 0 0 0 0 0 0
74 42483 0 0 42483 1534 1255 0 0 0
77 84966 0 0 0 0 0 0 0 0
80 41484 0 0 41484 500 431 0 0 0
81 82968 0 0 0 0 0 0 0 0
87 991 2 1 0 0 0 0 0 0
88 991 0 0 0 0 0 0 0 0
89 1982 0 0 0 0 0 0 0 0
90 991 0 0 0 0 0 0 0 0
99 40493 0 0 0 0 0 0 0 0
101 40493 0 0 0 0 0 0 0 0
102 80986 0 0 0 0 0 0 0 0
104 40493 2 1 0 0 0 0 0 0
105 40493 0 0 0 0 0 0 0 0
fl=./elf/../sysdeps/generic/dl-protected.h
fn=do_lookup_x
29 7884 0 0 0 0 0 0 0 0
fl=./elf/../sysdeps/generic/ldsodefs.h
fn=_dl_relocate_object
79 70 1 1 34 1 0 0 0 0
140 10488 0 0 3496 0 0 0 0 0
fn=_dl_start
79 6 1 1 3 0 0 0 0 0
fn=do_lookup_x
139 3942 0 0 1971 0 0 0 0 0
140 5913 0 0 0 0 0 0 0 0
fl=./elf/../sysdeps/nptl/dl-mutex.c
fn=__rtld_mutex_init
30 7 1 1 0 0 0 4 0 0
37 1 0 0 1 0 0 0 0 0
40 7 0 0 0 0 0 1 0 0
44 2 1 1 0 0 0 0 0 0
45 9 0 0 3 0 0 1 0 0
47 6 0 0 0 0 0 1 0 0
51 2 1 1 0 0 0 0 0 0
52 7 0 0 3 0 0 1 0 0
53 6 0 0 5 0 0 0 0 0
fl=./elf/../sysdeps/nptl/dl-tls_init_tp.c
fn=__tls_init_tp
68 5 0 0 0 0 0 2 0 0
69 1 0 0 1 0 0 0 0 0
72 1 0 0 0 0 0 0 0 0
75 4 0 0 0 0 0 1 0 0
76 2 0 0 0 0 0 1 0 0
77 1 1 1 0 0 0 1 0 0
82 2 0 0 1 0 0 1 0 0
87 4 0 0 0 0 0 1 0 0
90 1 0 0 0 0 0 1 0 0
93 3 0 0 0 0 0 0 0 0
105 4 1 1 0 0 0 1 0 0
121 3 0 0 2 1 0 1 0 0
128 2 0 0 1 0 0 1 0 0
129 3 0 0 3 0 0 0 0 0
fn=__tls_pre_init_tp
53 3 1 1 0 0 0 0 0 0
56 10 1 1 0 0 0 3 1 1
61 2 0 0 0 0 0 1 0 0
62 1 1 1 0 0 0 1 0 0
64 1 0 0 1 0 0 0 0 0
fn=rtld_mutex_dummy
42 180 0 0 0 0 0 0 0 0
44 360 0 0 180 0 0 0 0 0
fl=./elf/../sysdeps/nptl/pthread_early_init.h
fn=__libc_early_init
33 6 0 0 0 0 0 1 0 0
34 1 0 0 1 0 0 0 0 0
38 5 1 1 0 0 0 0 0 0
45 2 0 0 2 0 0 0 0 0
46 1 1 1 0 0 0 0 0 0
48 2 0 0 0 0 0 0 0 0
52 5 0 0 0 0 0 1 0 0
53 1 0 0 0 0 0 1 1 1
54 1 0 0 0 0 0 1 1 1
56 1 0 0 0 0 0 1 0 0
fl=./elf/../sysdeps/posix/dl-fileid.h
fn=_dl_map_object_from_fd
37 24 0 0 0 0 0 6 1 1
40 24 0 0 18 0 0 6 0 0
49 84 0 0 42 1 1 0 0 0
fl=./elf/../sysdeps/unix/sysv/linux/brk.c
fn=brk
36 1 1 1 0 0 0 0 0 0
37 1 0 0 0 0 0 1 1 1
38 2 0 0 0 0 0 0 0 0
44 1 0 0 0 0 0 0 0 0
45 1 0 0 1 0 0 0 0 0
fl=./elf/../sysdeps/unix/sysv/linux/brk_call.h
fn=brk
24 2 0 0 0 0 0 0 0 0
fl=./elf/../sysdeps/unix/sysv/linux/dl-osinfo.h
fn=dl_main
39 2 0 0 1 1 0 0 0 0
52 1 0 0 1 0 0 0 0 0
fl=./elf/../sysdeps/unix/sysv/linux/dl-parse_auxv.h
fn=_dl_sysdep_parse_arguments
32 2 0 0 0 0 0 1 0 0
33 1 0 0 0 0 0 1 0 0
34 1 0 0 0 0 0 1 0 0
41 93 1 1 24 6 6 0 0 0
42 44 0 0 0 0 0 0 0 0
43 44 0 0 22 0 0 22 0 0
45 1 0 0 0 0 0 1 0 0
46 2 0 0 1 0 0 1 0 0
47 2 0 0 1 0 0 1 0 0
48 2 0 0 1 0 0 1 0 0
49 1 0 0 0 0 0 1 0 0
51 2 1 1 1 0 0 1 0 0
52 2 0 0 1 0 0 1 1 1
53 2 0 0 1 0 0 1 0 0
54 2 1 1 1 0 0 1 0 0
56 2 0 0 1 0 0 1 0 0
fl=./elf/../sysdeps/unix/sysv/linux/dl-sysdep.c
fn=_dl_sysdep_parse_arguments
78 7 1 1 0 0 0 4 0 0
79 2 0 0 1 1 1 1 1 1
80 2 0 0 0 0 0 1 0 0
81 3 0 0 0 0 0 1 1 1
82 62 0 0 0 0 0 0 0 0
83 127 1 1 63 8 8 0 0 0
86 2 1 1 0 0 0 1 1 1
90 56 0 0 0 0 0 52 7 7
93 5 0 0 3 0 0 1 0 0
94 2 0 0 1 0 0 1 0 0
95 3 1 1 2 0 0 1 0 0
96 6 0 0 5 0 0 0 0 0
fn=_dl_sysdep_start
102 6 1 1 0 0 0 2 0 0
103 1 0 0 0 0 0 1 0 0
106 2 0 0 0 0 0 1 1 1
110 2 0 0 1 0 0 1 0 0
113 1 0 0 0 0 0 1 0 0
115 2 0 0 0 0 0 1 0 0
122 3 1 1 1 0 0 0 0 0
123 2 0 0 0 0 0 2 0 0
125 5 0 0 0 0 0 1 0 0
137 3 0 0 1 0 0 0 0 0
140 5 1 1 3 0 0 1 0 0
143 4 0 0 4 1 0 0 0 0
fn=_dl_sysdep_start_cleanup
147 1 1 1 0 0 0 0 0 0
148 1 0 0 1 0 0 0 0 0
fl=./elf/../sysdeps/unix/sysv/linux/dl-vdso-setup.h
fn=dl_main
30 1 0 0 0 0 0 1 0 0
33 1 1 1 0 0 0 1 0 0
36 1 0 0 0 0 0 1 0 0
39 1 0 0 0 0 0 1 0 0
45 1 0 0 0 0 0 1 0 0
fl=./elf/../sysdeps/unix/sysv/linux/dl-vdso.h
fn=dl_main
40 2 1 1 1 0 0 0 0 0
41 5 0 0 0 0 0 2 0 0
55 2 0 0 0 0 0 0 0 0
fl=./elf/../sysdeps/unix/sysv/linux/rseq-internal.h
fn=__tls_init_tp
32 3 0 0 1 0 0 0 0 0
34 7 1 1 0 0 0 0 0 0
37 2 0 0 0 0 0 0 0 0
40 1 0 0 0 0 0 1 0 0
fl=./elf/../sysdeps/unix/sysv/linux/x86/dl-hwcap2.h
fn=update_active.constprop.0
25 2 0 0 1 0 0 0 0 0
fl=./elf/../sysdeps/unix/sysv/linux/x86/dl-minsigstacksize.h
fn=get_common_indices.constprop.0
24 2 2 2 1 0 0 0 0 0
27 2 0 0 1 0 0 0 0 0
28 2 0 0 1 0 0 0 0 0
65 3 0 0 0 0 0 0 0 0
72 1 0 0 0 0 0 0 0 0
74 1 0 0 0 0 0 1 0 0
fl=./elf/../sysdeps/x86/cpu-features.c
fn=get_common_indices.constprop.0
398 3 1 1 0 0 0 2 0 0
402 4 0 0 0 0 0 0 0 0
405 5 0 0 0 0 0 3 0 0
409 1 0 0 0 0 0 1 0 0
410 4 0 0 0 0 0 1 0 0
411 4 1 1 0 0 0 1 0 0
412 4 0 0 0 0 0 1 0 0
413 3 0 0 0 0 0 1 0 0
414 2 0 0 1 0 0 0 0 0
421 2 0 0 1 0 0 0 0 0
423 9 0 0 0 0 0 4 1 1
428 8 2 2 0 0 0 4 1 1
435 2 0 0 1 0 0 0 0 0
436 7 0 0 0 0 0 4 1 1
442 2 0 0 1 0 0 0 0 0
457 3 0 0 3 0 0 0 0 0
fn=init_cpu_features.constprop.0
376 3 0 0 0 0 0 0 0 0
377 2 0 0 0 0 0 0 0 0
378 6 0 0 0 0 0 4 0 0
383 2 1 1 0 0 0 0 0 0
384 6 1 1 0 0 0 4 0 0
389 2 0 0 0 0 0 0 0 0
390 7 1 1 0 0 0 4 0 0
682 8 1 1 0 0 0 6 0 0
685 1 0 0 0 0 0 1 0 0
686 1 1 1 0 0 0 1 0 0
687 1 0 0 0 0 0 1 0 0
690 1 0 0 0 0 0 1 1 1
699 3 0 0 0 0 0 1 0 0
702 6 1 1 0 0 0 0 0 0
703 1 0 0 0 0 0 0 0 0
706 2 0 0 0 0 0 1 0 0
708 6 2 2 0 0 0 1 0 0
713 1 0 0 0 0 0 1 0 0
715 3 0 0 1 0 0 0 0 0
717 9 2 2 3 1 1 1 0 0
721 7 0 0 1 1 1 0 0 0
774 3 0 0 2 0 0 0 0 0
781 2 1 1 0 0 0 1 0 0
799 1 1 1 0 0 0 1 0 0
832 2 0 0 0 0 0 0 0 0
866 4 1 1 0 0 0 0 0 0
869 2 0 0 0 0 0 1 0 0
870 1 1 1 0 0 0 0 0 0
878 2 1 1 1 0 0 0 0 0
885 2 0 0 1 0 0 0 0 0
887 2 0 0 0 0 0 1 0 0
891 2 0 0 0 0 0 0 0 0
897 2 0 0 1 0 0 0 0 0
899 1 1 1 0 0 0 0 0 0
1001 3 1 1 1 0 0 0 0 0
1002 2 0 0 0 0 0 1 0 0
1005 2 0 0 0 0 0 0 0 0
1006 2 0 0 0 0 0 1 0 0
1012 1 0 0 0 0 0 1 0 0
1013 1 0 0 0 0 0 1 0 0
1014 1 0 0 0 0 0 1 0 0
1015 2 1 1 1 0 0 1 0 0
1019 4 0 0 0 0 0 1 0 0
1022 4 0 0 0 0 0 1 0 0
1028 3 0 0 1 0 0 0 0 0
1041 2 0 0 0 0 0 0 0 0
1042 4 1 1 1 0 0 0 0 0
1081 1 0 0 0 0 0 1 0 0
1082 2 1 1 1 0 0 0 0 0
1086 3 0 0 1 0 0 0 0 0
1103 2 1 1 0 0 0 0 0 0
1104 2 0 0 0 0 0 0 0 0
1106 3 0 0 0 0 0 0 0 0
1107 2 0 0 1 0 0 0 0 0
1109 3 0 0 0 0 0 0 0 0
1110 2 0 0 0 0 0 0 0 0
1113 2 0 0 0 0 0 1 0 0
1127 4 0 0 0 0 0 1 0 0
1129 4 0 0 0 0 0 1 0 0
1135 4 0 0 0 0 0 1 0 0
1142 8 0 0 7 0 0 0 0 0
fn=update_active.constprop.0
72 8 2 2 0 0 0 6 0 0
76 1 0 0 1 0 0 0 0 0
84 3 1 1 1 0 0 0 0 0
85 3 0 0 0 0 0 0 0 0
86 1 0 0 1 0 0 0 0 0
94 4 0 0 1 0 0 1 0 0
95 1 0 0 1 0 0 0 0 0
103 4 0 0 1 0 0 1 0 0
104 1 0 0 1 0 0 0 0 0
109 4 0 0 0 0 0 1 0 0
112 4 0 0 1 0 0 1 0 0
113 1 0 0 1 0 0 0 0 0
116 5 1 1 1 0 0 2 1 1
117 2 1 1 1 0 0 1 0 0
121 5 0 0 1 0 0 2 0 0
122 3 0 0 2 0 0 0 0 0
123 3 1 1 2 0 0 0 0 0
124 2 0 0 1 0 0 1 0 0
128 5 0 0 1 0 0 1 0 0
129 5 1 1 2 0 0 1 0 0
130 3 0 0 2 1 1 0 0 0
132 2 0 0 0 0 0 0 0 0
133 4 0 0 0 0 0 1 0 0
147 2 0 0 0 0 0 0 0 0
151 7 2 2 0 0 0 4 0 0
152 4 0 0 0 0 0 1 0 0
154 3 0 0 0 0 0 0 0 0
158 4 1 1 0 0 0 1 0 0
161 1 0 0 0 0 0 0 0 0
164 2 0 0 0 0 0 0 0 0
166 2 0 0 0 0 0 1 0 0
170 1 0 0 0 0 0 0 0 0
171 1 1 1 1 1 1 0 0 0
178 4 1 1 1 0 0 1 0 0
180 5 0 0 1 0 0 1 0 0
186 4 0 0 0 0 0 1 0 0
188 5 1 1 2 0 0 1 0 0
190 4 0 0 0 0 0 2 0 0
195 5 0 0 0 0 0 1 0 0
244 3 0 0 1 0 0 0 0 0
245 3 0 0 1 0 0 0 0 0
261 4 1 1 0 0 0 0 0 0
277 2 0 0 0 0 0 0 0 0
281 2 0 0 0 0 0 1 0 0
282 1 1 1 1 0 0 0 0 0
285 4 0 0 1 0 0 1 0 0
289 2 0 0 0 0 0 0 0 0
293 3 1 1 0 0 0 0 0 0
294 2 0 0 0 0 0 0 0 0
296 1 0 0 0 0 0 0 0 0
297 1 0 0 0 0 0 0 0 0
300 2 0 0 0 0 0 1 0 0
302 1 0 0 0 0 0 1 0 0
305 2 0 0 0 0 0 0 0 0
356 5 1 1 0 0 0 0 0 0
360 3 1 1 1 0 0 0 0 0
369 1 0 0 0 0 0 1 0 0
370 8 0 0 7 0 0 0 0 0
fl=./elf/../sysdeps/x86/dl-cacheinfo.h
fn=get_common_cache_info.constprop.0
571 11 1 1 0 0 0 6 0 0
586 1 0 0 1 0 0 0 0 0
587 1 0 0 1 0 0 0 0 0
588 2 0 0 1 0 0 1 0 0
589 1 1 1 1 0 0 0 0 0
590 2 0 0 1 0 0 1 0 0
596 3 0 0 0 0 0 1 0 0
598 7 1 1 3 0 0 2 0 0
601 2 0 0 0 0 0 0 0 0
613 1 0 0 0 0 0 0 0 0
618 3 1 1 1 0 0 0 0 0
622 2 0 0 0 0 0 0 0 0
627 5 1 1 1 0 0 0 0 0
630 24 2 2 0 0 0 5 0 0
637 8 0 0 0 0 0 0 0 0
640 26 0 0 0 0 0 0 0 0
645 2 1 1 0 0 0 0 0 0
649 3 0 0 0 0 0 0 0 0
650 2 0 0 0 0 0 0 0 0
654 2 0 0 0 0 0 0 0 0
658 3 0 0 0 0 0 0 0 0
661 4 0 0 0 0 0 1 0 0
662 1 0 0 0 0 0 0 0 0
667 4 0 0 0 0 0 0 0 0
673 4 0 0 0 0 0 0 0 0
681 6 0 0 0 0 0 0 0 0
683 2 0 0 0 0 0 0 0 0
685 4 0 0 0 0 0 0 0 0
687 12 1 1 0 0 0 0 0 0
689 1 0 0 0 0 0 0 0 0
690 1 0 0 0 0 0 0 0 0
691 9 0 0 1 0 0 0 0 0
693 4 1 1 0 0 0 0 0 0
696 7 1 1 4 0 0 0 0 0
701 1 0 0 0 0 0 0 0 0
703 4 1 1 0 0 0 0 0 0
704 3 0 0 0 0 0 0 0 0
705 1 0 0 0 0 0 0 0 0
708 2 0 0 0 0 0 0 0 0
711 2 1 1 0 0 0 0 0 0
718 1 0 0 0 0 0 0 0 0
720 4 0 0 0 0 0 0 0 0
721 1 0 0 0 0 0 0 0 0
726 2 0 0 0 0 0 0 0 0
731 2 0 0 0 0 0 0 0 0
732 1 0 0 0 0 0 0 0 0
733 2 0 0 0 0 0 0 0 0
734 1 0 0 0 0 0 0 0 0
759 3 0 0 0 0 0 0 0 0
770 5 0 0 1 0 0 0 0 0
771 5 0 0 0 0 0 1 0 0
775 2 1 1 1 0 0 0 0 0
782 1 0 0 0 0 0 1 0 0
783 2 0 0 1 0 0 1 0 0
784 1 0 0 0 0 0 1 0 0
785 7 0 0 7 0 0 0 0 0
fn=handle_intel.constprop.0
250 108 0 0 0 0 0 72 0 0
255 24 1 1 12 0 0 0 0 0
261 12 0 0 0 0 0 12 0 0
262 12 0 0 0 0 0 12 0 0
267 48 0 0 0 0 0 12 0 0
271 24 0 0 0 0 0 0 0 0
276 24 1 1 0 0 0 0 0 0
279 60 0 0 0 0 0 12 0 0
281 24 0 0 0 0 0 0 0 0
284 60 1 1 0 0 0 12 0 0
286 24 0 0 0 0 0 0 0 0
305 96 0 0 84 0 0 0 0 0
fn=init_cpu_features.constprop.0
792 1 0 0 0 0 0 1 0 0
793 1 0 0 0 0 0 1 0 0
795 1 0 0 0 0 0 1 0 0
809 2 0 0 0 0 0 0 0 0
811 3 1 1 0 0 0 2 0 0
812 3 1 1 0 0 0 1 0 0
813 3 0 0 0 0 0 2 0 0
814 2 0 0 0 0 0 2 0 0
817 3 0 0 0 0 0 2 0 0
819 3 1 1 0 0 0 2 0 0
820 2 0 0 1 0 0 1 0 0
822 3 0 0 0 0 0 2 0 0
824 3 0 0 0 0 0 2 0 0
825 1 0 0 0 0 0 1 0 0
827 3 0 0 0 0 0 2 0 0
829 3 1 1 0 0 0 2 0 0
830 2 0 0 1 0 0 1 0 0
832 3 0 0 0 0 0 2 0 0
834 3 0 0 0 0 0 1 0 0
836 3 1 1 0 0 0 2 0 0
838 5 0 0 1 0 0 1 0 0
894 2 1 1 1 0 0 1 1 1
895 2 0 0 1 0 0 1 0 0
896 2 0 0 1 0 0 1 0 0
897 2 1 1 1 0 0 1 0 0
898 2 0 0 1 0 0 1 0 0
899 2 0 0 1 0 0 1 0 0
900 1 0 0 0 0 0 1 1 1
901 1 0 0 0 0 0 1 0 0
902 1 0 0 0 0 0 1 0 0
903 1 1 1 0 0 0 1 0 0
904 1 0 0 0 0 0 1 0 0
905 1 0 0 0 0 0 1 0 0
907 1 0 0 1 0 0 0 0 0
910 3 0 0 0 0 0 0 0 0
924 3 0 0 1 0 0 0 0 0
925 7 1 1 5 0 0 2 0 0
930 2 0 0 0 0 0 0 0 0
931 6 0 0 2 0 0 0 0 0
932 2 0 0 0 0 0 0 0 0
939 3 0 0 1 0 0 0 0 0
959 6 1 1 0 0 0 0 0 0
968 2 0 0 0 0 0 0 0 0
969 2 0 0 0 0 0 0 0 0
974 12 2 2 0 0 0 0 0 0
987 5 0 0 2 0 0 1 0 0
995 7 1 1 1 0 0 1 0 0
997 2 0 0 0 0 0 0 0 0
1000 5 0 0 1 0 0 1 0 0
1002 2 0 0 0 0 0 0 0 0
1005 5 1 1 1 0 0 1 0 0
1006 5 0 0 0 0 0 1 0 0
1010 6 0 0 1 0 0 2 0 0
1011 3 0 0 1 0 0 0 0 0
1017 7 0 0 1 0 0 3 0 0
1020 11 2 2 2 0 0 5 0 0
1021 10 1 1 2 0 0 5 0 0
1022 13 2 2 2 0 0 6 0 0
1025 10 0 0 1 0 0 5 0 0
1027 10 1 1 1 0 0 5 0 0
1040 4 0 0 3 0 0 0 0 0
1042 2 0 0 1 0 0 1 0 0
1043 2 1 1 1 0 0 1 0 0
1044 1 0 0 0 0 0 1 0 0
1045 1 0 0 0 0 0 1 0 0
1046 1 1 1 0 0 0 1 0 0
1047 1 0 0 0 0 0 1 0 0
fn=intel_check_word.constprop.0
110 648 1 1 324 6 6 0 0 0
113 324 0 0 0 0 0 0 0 0
119 216 0 0 0 0 0 96 0 0
123 48 1 1 0 0 0 0 0 0
125 12 0 0 0 0 0 0 0 0
129 120 1 1 0 0 0 0 0 0
131 144 0 0 0 0 0 0 0 0
133 60 0 0 0 0 0 0 0 0
135 120 0 0 0 0 0 0 0 0
143 120 1 1 0 0 0 0 0 0
152 12 0 0 0 0 0 0 0 0
155 138 1 1 0 0 0 0 0 0
158 99 0 0 0 0 0 0 0 0
162 58 0 0 0 0 0 0 0 0
164 189 1 1 0 0 0 0 0 0
167 120 0 0 0 0 0 0 0 0
168 72 0 0 0 0 0 0 0 0
169 60 0 0 0 0 0 0 0 0
170 48 0 0 0 0 0 0 0 0
172 11 1 1 0 0 0 0 0 0
174 22 0 0 0 0 0 0 0 0
176 12 1 1 0 0 0 0 0 0
177 16 0 0 0 0 0 0 0 0
178 12 0 0 0 0 0 0 0 0
179 20 0 0 0 0 0 0 0 0
180 14 1 1 0 0 0 0 0 0
181 12 0 0 0 0 0 0 0 0
183 8 0 0 0 0 0 0 0 0
184 12 0 0 0 0 0 0 0 0
187 21 0 0 0 0 0 0 0 0
190 2 0 0 0 0 0 0 0 0
194 192 0 0 0 0 0 0 0 0
202 168 1 1 48 0 0 0 0 0
216 48 0 0 0 0 0 0 0 0
246 144 0 0 120 0 0 0 0 0
fl=./elf/../sysdeps/x86/dl-get-cpu-features.c
fn=__x86_cpu_features
39 3 0 0 1 1 0 0 0 0
71 3 1 1 1 0 0 0 0 0
fn=_dl_x86_init_cpu_features
37 1 1 1 0 0 0 0 0 0
39 3 0 0 1 0 0 0 0 0
41 1 0 0 0 0 0 0 0 0
fl=./elf/../sysdeps/x86/dl-isa-level.h
fn=_dl_load_cache_lookup
28 30 0 0 10 0 0 10 0 0
fl=./elf/../sysdeps/x86/dl-procinfo.h
fn=_dl_load_cache_lookup
39 10 1 1 0 0 0 0 0 0
42 35 0 0 0 0 0 10 1 1
fl=./elf/../sysdeps/x86/dl-prop.h
fn=_dl_map_object_from_fd
149 24 0 0 12 0 0 0 0 0
fn=_dl_process_pt_gnu_property
95 40 1 1 0 0 0 0 0 0
102 20 0 0 0 0 0 0 0 0
115 20 0 0 0 0 0 0 0 0
118 10 0 0 10 2 2 0 0 0
252 6 1 1 0 0 0 0 0 0
253 3 0 0 0 0 0 3 0 0
254 14 0 0 0 0 0 0 0 0
255 7 0 0 0 0 0 7 0 0
257 40 0 0 10 0 0 10 0 0
258 4 0 0 4 0 0 0 0 0
260 10 0 0 3 0 0 0 0 0
fn=dl_main
36 2 0 0 2 0 0 0 0 0
37 27 1 1 0 0 0 0 0 0
40 11 0 0 11 1 0 0 0 0
49 46 1 1 15 0 0 0 0 0
53 38 0 0 8 1 0 0 0 0
71 2 0 0 1 0 0 1 0 0
149 4 0 0 2 0 0 0 0 0
235 4 1 1 4 0 0 0 0 0
236 2 0 0 2 0 0 0 0 0
fl=./elf/../sysdeps/x86/get-isa-level.h
fn=_dl_hwcaps_subdirs_active
30 4 0 0 0 0 0 0 0 0
31 1 0 0 1 0 0 0 0 0
32 3 0 0 1 0 0 0 0 0
36 3 0 0 0 0 0 0 0 0
39 4 1 1 1 0 0 0 0 0
40 4 0 0 1 0 0 0 0 0
45 4 0 0 0 0 0 0 0 0
48 2 0 0 0 0 0 0 0 0
51 5 0 0 1 0 0 0 0 0
53 4 1 1 0 0 0 0 0 0
54 2 0 0 0 0 0 0 0 0
55 2 0 0 0 0 0 0 0 0
58 4 0 0 0 0 0 0 0 0
fn=update_active.constprop.0
28 1 0 0 0 0 0 0 0 0
30 4 0 0 0 0 0 0 0 0
31 1 0 0 1 0 0 0 0 0
32 3 0 0 0 0 0 0 0 0
36 3 0 0 0 0 0 0 0 0
38 1 0 0 0 0 0 0 0 0
39 2 1 1 0 0 0 0 0 0
40 4 1 1 1 0 0 0 0 0
45 4 0 0 0 0 0 0 0 0
47 1 0 0 0 0 0 0 0 0
48 2 0 0 0 0 0 0 0 0
51 5 1 1 1 0 0 0 0 0
53 4 0 0 0 0 0 0 0 0
54 2 0 0 0 0 0 0 0 0
55 2 0 0 0 0 0 0 0 0
57 1 0 0 0 0 0 0 0 0
58 4 0 0 0 0 0 0 0 0
fl=./elf/../sysdeps/x86_64/dl-cet.c
fn=_dl_cet_check
145 2 0 0 1 1 0 0 0 0
157 2 0 0 1 0 0 0 0 0
173 1 1 1 0 0 0 0 0 0
179 1 0 0 0 0 0 1 0 0
275 2 0 0 0 0 0 0 0 0
276 1 0 0 0 0 0 1 0 0
277 2 0 0 1 0 0 0 0 0
282 4 0 0 1 0 0 1 0 0
283 3 0 0 0 0 0 1 0 0
285 2 0 0 1 0 0 1 0 0
293 5 1 1 1 0 0 0 0 0
296 1 0 0 0 0 0 1 0 0
300 2 0 0 0 0 0 0 0 0
301 1 0 0 0 0 0 1 0 0
302 2 0 0 0 0 0 0 0 0
303 2 1 1 0 0 0 0 0 0
304 2 0 0 0 0 0 1 0 0
305 2 0 0 0 0 0 0 0 0
308 1 0 0 0 0 0 1 0 0
310 1 0 0 0 0 0 1 0 0
313 2 0 0 0 0 0 0 0 0
361 8 1 1 0 0 0 4 0 0
363 6 0 0 5 0 0 0 0 0
fn=_dl_cet_setup_features
331 1 1 1 0 0 0 0 0 0
334 2 0 0 0 0 0 0 0 0
350 1 0 0 1 0 0 0 0 0
fl=./elf/../sysdeps/x86_64/dl-hwcaps-subdirs.c
fn=_dl_hwcaps_subdirs_active
29 1 1 1 0 0 0 0 0 0
38 3 0 0 0 0 0 0 0 0
43 1 0 0 0 0 0 0 0 0
48 1 0 0 0 0 0 0 0 0
52 1 0 0 1 0 0 0 0 0
fl=./elf/../sysdeps/x86_64/dl-irel.h
fn=_dl_fixup
32 4 1 1 0 0 0 4 0 0
fl=./elf/../sysdeps/x86_64/dl-machine.h
fn=_dl_fixup
234 117 0 0 0 0 0 117 0 0
fn=_dl_relocate_object
81 36 0 0 5 0 0 0 0 0
87 12 1 1 9 3 0 0 0 0
91 9 0 0 3 3 3 0 0 0
97 3 0 0 0 0 0 3 0 0
108 9 0 0 3 0 0 0 0 0
129 6 0 0 3 0 0 0 0 0
132 6 0 0 0 0 0 3 0 0
134 12 0 0 3 1 0 0 0 0
267 7032 2 2 0 0 0 0 0 0
274 7032 0 0 0 0 0 0 0 0
278 7032 0 0 0 0 0 0 0 0
287 28489 3 3 10695 6 1 0 0 0
290 7042 1 1 3477 0 0 0 0 0
291 136 0 0 0 0 0 0 0 0
292 13988 0 0 0 0 0 0 0 0
295 10 1 1 0 0 0 0 0 0
296 15 0 0 5 0 0 0 0 0
307 10 1 1 0 0 0 10 0 0
314 25 1 1 10 0 0 5 0 0
317 21096 1 1 3516 7 3 0 0 0
320 76 0 0 0 0 0 76 0 0
323 76 0 0 0 0 0 0 0 0
346 8 1 1 0 0 0 0 0 0
347 12 0 0 8 3 0 4 3 2
352 6 0 0 2 0 0 0 0 0
354 4 0 0 4 0 0 0 0 0
363 4 0 0 2 0 0 2 1 0
393 40 1 1 0 0 0 24 0 0
400 60 1 1 20 0 0 0 0 0
402 80 0 0 20 1 0 0 0 0
406 60 1 1 40 4 4 0 0 0
415 40 0 0 20 0 0 20 7 7
423 9738 1 1 6262 354 354 3476 1185 447
436 7 0 0 0 0 0 4 0 0
460 42 1 1 14 0 0 0 0 0
464 56 0 0 14 0 0 28 0 0
465 56 1 1 28 1 0 0 0 0
466 70 0 0 42 0 0 0 0 0
467 28 1 1 0 0 0 0 0 0
476 136 1 1 136 0 0 0 0 0
478 68 0 0 0 0 0 68 0 0
479 68 0 0 0 0 0 68 3 1
498 3438 0 0 1146 142 142 0 0 0
499 1146 0 0 0 0 0 1146 307 300
503 2292 0 0 0 0 0 0 0 0
504 2292 0 0 1146 143 143 0 0 0
514 2456 0 0 1228 0 0 0 0 0
518 2456 0 0 0 0 0 0 0 0
521 3684 0 0 1228 0 0 0 0 0
522 1228 0 0 1228 153 153 0 0 0
730 16 0 0 0 0 0 0 0 0
734 8 1 1 4 4 0 0 0 0
fn=_dl_start
55 1 0 0 0 0 0 0 0 0
278 9 0 0 0 0 0 0 0 0
287 27 0 0 9 3 3 1 0 0
290 6 0 0 3 0 0 0 0 0
291 12 0 0 0 0 0 0 0 0
317 8 0 0 0 0 0 0 0 0
323 2 0 0 0 0 0 2 1 1
fn=_dl_sysdep_start
220 1 0 0 0 0 0 1 0 0
fl=./elf/../sysdeps/x86_64/dl-runtime.h
fn=_dl_fixup
28 117 0 0 0 0 0 0 0 0
fl=./elf/../sysdeps/x86_64/dl-trampoline.h
fn=_dl_runtime_resolve_xsave
71 117 1 1 0 0 0 0 0 0
76 117 0 0 0 0 0 117 0 0
79 117 0 0 0 0 0 0 0 0
81 117 0 0 0 0 0 0 0 0
91 117 0 0 117 2 0 0 0 0
97 117 0 0 0 0 0 117 2 0
98 117 0 0 0 0 0 117 0 0
99 117 1 1 0 0 0 117 0 0
100 117 0 0 0 0 0 117 0 0
101 117 0 0 0 0 0 117 0 0
102 117 0 0 0 0 0 117 0 0
103 117 0 0 0 0 0 117 0 0
107 117 0 0 0 0 0 0 0 0
108 117 0 0 0 0 0 0 0 0
111 117 0 0 0 0 0 117 4 0
112 117 0 0 0 0 0 117 0 0
114 117 0 0 0 0 0 117 0 0
115 117 0 0 0 0 0 117 0 0
116 117 2 1 0 0 0 117 0 0
117 117 0 0 0 0 0 117 0 0
118 117 0 0 0 0 0 117 0 0
119 117 0 0 0 0 0 117 0 0
121 117 0 0 117 0 0 3861 20 0
128 117 0 0 117 0 0 0 0 0
129 117 0 0 117 0 0 0 0 0
130 117 0 0 0 0 0 117 3 0
131 117 0 0 0 0 0 0 0 0
136 117 0 0 0 0 0 0 0 0
137 117 0 0 0 0 0 0 0 0
138 117 0 0 4212 0 0 0 0 0
140 117 2 1 117 0 0 0 0 0
141 117 0 0 117 0 0 0 0 0
142 117 0 0 117 0 0 0 0 0
143 117 0 0 117 0 0 0 0 0
144 117 0 0 117 0 0 0 0 0
145 117 0 0 117 0 0 0 0 0
146 117 0 0 117 0 0 0 0 0
148 117 0 0 0 0 0 0 0 0
150 117 0 0 117 0 0 0 0 0
154 117 0 0 0 0 0 0 0 0
156 117 0 0 0 0 0 0 0 0
fl=./elf/../sysdeps/x86_64/tls_get_addr.S
fn=__tls_get_addr
29 10 3 1 0 0 0 0 0 0
30 10 0 0 10 0 0 0 0 0
31 10 0 0 10 3 0 0 0 0
33 10 0 0 10 3 0 0 0 0
34 10 0 0 0 0 0 0 0 0
35 10 0 0 10 1 0 0 0 0
38 10 0 0 0 0 0 0 0 0
39 10 3 1 10 0 0 0 0 0
43 10 0 0 0 0 0 0 0 0
44 10 0 0 0 0 0 0 0 0
45 10 0 0 10 0 0 0 0 0
46 10 0 0 10 0 0 0 0 0
fl=./elf/./dl-find_object.h
fn=_dl_find_object_from_map
95 16 1 1 8 3 0 8 2 0
96 16 1 1 8 0 0 8 0 0
97 8 0 0 0 0 0 8 4 4
103 40 0 0 16 7 0 0 0 0
104 232 0 0 0 0 0 0 0 0
105 160 1 1 80 67 8 0 0 0
107 24 0 0 16 4 0 8 0 0
112 8 0 0 8 0 0 0 0 0
fl=./elf/./dl-hwcaps.h
fn=_dl_important_hwcaps
43 9 1 1 0 0 0 6 0 0
45 7 0 0 0 0 0 6 0 0
46 1 0 0 0 0 0 0 0 0
77 8 0 0 3 0 0 5 0 0
78 8 1 1 3 0 0 5 0 0
79 7 2 2 0 0 0 2 0 0
fl=./elf/./dl-load.h
fn=_dl_map_object_from_fd
91 48 0 0 24 0 0 0 0 0
92 20 1 1 10 0 0 0 0 0
93 25 1 1 5 0 0 0 0 0
94 20 0 0 5 0 0 0 0 0
96 20 0 0 0 0 0 5 0 0
fl=./elf/./dl-main.h
fn=dl_main
109 5 1 1 4 0 0 1 0 0
fl=./elf/./dl-map-segments.h
fn=_dl_map_object_from_fd
28 18 0 0 6 0 0 0 0 0
29 54 1 1 18 0 0 12 1 1
81 6 0 0 6 0 0 0 0 0
101 6 0 0 0 0 0 6 0 0
102 18 0 0 6 0 0 0 0 0
105 18 0 0 6 0 0 6 0 0
106 12 0 0 0 0 0 6 0 0
108 12 1 1 6 0 0 0 0 0
125 6 1 1 6 0 0 0 0 0
135 144 1 1 24 0 0 0 0 0
137 72 0 0 36 0 0 0 0 0
139 180 0 0 72 0 0 18 0 0
149 96 0 0 48 0 0 0 0 0
155 12 1 1 6 0 0 0 0 0
156 6 0 0 0 0 0 0 0 0
157 18 0 0 6 0 0 0 0 0
158 12 0 0 0 0 0 0 0 0
160 12 0 0 0 0 0 0 0 0
165 12 0 0 0 0 0 0 0 0
168 18 0 0 6 0 0 0 0 0
176 42 0 0 6 0 0 12 0 0
182 12 0 0 0 0 0 0 0 0
186 16 2 2 2 0 0 2 0 0
189 4 0 0 0 0 0 0 0 0
194 24 1 1 0 0 0 0 0 0
fl=./elf/./dl-sym-post.h
fn=lookup_malloc_symbol
41 8 0 0 0 0 0 0 0 0
53 12 0 0 4 0 0 0 0 0
fl=./elf/./dl-tunable-types.h
fn=__GI___tunable_set_val
84 5 0 0 0 0 0 0 0 0
fl=./elf/./elf/dl-audit.c
fn=_dl_audit_activity_map
29 7 1 1 0 0 0 5 0 0
30 1 0 0 1 0 0 0 0 0
31 3 0 0 1 0 0 0 0 0
37 6 1 1 6 0 0 0 0 0
fn=_dl_audit_activity_nsid
41 3 2 1 0 0 0 0 0 0
45 12 0 0 3 1 0 0 0 0
46 3 0 0 3 1 0 0 0 0
47 15 2 1 3 0 0 0 0 0
fn=_dl_audit_objclose
97 8 1 1 0 0 0 0 0 0
98 32 0 0 16 0 0 0 0 0
fn=_dl_audit_objopen
77 6 1 1 0 0 0 0 0 0
78 24 0 0 12 0 0 0 0 0
fn=_dl_audit_preinit
118 1 1 1 0 0 0 0 0 0
119 4 0 0 2 1 0 0 0 0
fl=./elf/./elf/dl-cache.c
fn=_dl_cache_libcmp
357 112 1 1 0 0 0 0 0 0
358 670 1 1 56 0 0 0 0 0
360 906 0 0 0 0 0 0 0 0
362 312 1 1 0 0 0 0 0 0
368 20 0 0 0 0 0 0 0 0
369 15 0 0 0 0 0 0 0 0
370 266 0 0 251 0 0 0 0 0
372 266 0 0 251 2 2 0 0 0
374 10 0 0 0 0 0 0 0 0
380 594 0 0 0 0 0 0 0 0
382 594 0 0 0 0 0 0 0 0
383 153 1 1 51 0 0 0 0 0
386 246 0 0 0 0 0 0 0 0
387 246 0 0 0 0 0 0 0 0
390 71 0 0 61 40 40 0 0 0
fn=_dl_load_cache_lookup
191 102 0 0 0 0 0 0 0 0
205 5 0 0 5 0 0 0 0 0
208 40 2 2 5 0 0 15 0 0
210 50 0 0 15 0 0 15 0 0
211 10 1 1 0 0 0 0 0 0
213 25 0 0 0 0 0 5 0 0
220 117 0 0 5 0 0 0 0 0
222 305 1 1 10 0 0 15 0 0
223 102 0 0 51 32 32 0 0 0
227 153 1 1 51 0 0 0 0 0
231 153 0 0 51 0 0 51 0 0
232 102 0 0 0 0 0 0 0 0
240 20 0 0 0 0 0 0 0 0
242 10 0 0 5 0 0 0 0 0
245 10 0 0 0 0 0 0 0 0
247 30 0 0 0 0 0 5 0 0
249 5 0 0 0 0 0 0 0 0
259 10 0 0 5 0 0 0 0 0
269 15 1 1 10 0 0 0 0 0
270 20 0 0 5 0 0 0 0 0
286 35 1 1 0 0 0 0 0 0
295 10 0 0 5 0 0 0 0 0
298 10 0 0 5 0 0 0 0 0
301 5 0 0 0 0 0 0 0 0
302 15 1 1 5 0 0 0 0 0
330 10 0 0 0 0 0 5 0 0
346 46 0 0 0 0 0 0 0 0
347 23 1 1 0 0 0 0 0 0
349 23 0 0 0 0 0 0 0 0
403 50 1 1 0 0 0 35 0 0
405 10 0 0 5 0 0 0 0 0
408 15 1 1 5 0 0 0 0 0
411 5 1 1 0 0 0 1 0 0
419 5 1 1 1 0 0 0 0 0
420 8 1 1 3 1 1 0 0 0
423 6 1 1 0 0 0 0 0 0
424 1 0 0 1 0 0 0 0 0
431 1 1 1 0 0 0 1 0 0
432 2 0 0 0 0 0 1 0 0
477 12 0 0 4 0 0 0 0 0
482 15 0 0 5 0 0 0 0 0
485 15 0 0 5 0 0 5 0 0
500 10 0 0 5 0 0 0 0 0
512 15 0 0 5 0 0 5 0 0
513 75 1 1 5 0 0 0 0 0
514 20 1 1 5 0 0 5 0 0
515 5 0 0 0 0 0 5 0 0
516 40 0 0 35 0 0 0 0 0
fn=_dl_unload_cache
525 3 1 1 0 0 0 1 0 0
526 4 0 0 1 1 0 0 0 0
528 2 0 0 1 0 0 1 0 0
529 1 0 0 0 0 0 1 0 0
533 1 0 0 0 0 0 1 1 0
535 2 1 1 2 0 0 0 0 0
fl=./elf/./elf/dl-call-libc-early-init.c
fn=_dl_call_libc_early_init
27 7 1 1 0 0 0 3 0 0
29 2 0 0 0 0 0 0 0 0
33 5 0 0 0 0 0 1 0 0
37 2 0 0 0 0 0 0 0 0
39 4 1 1 3 0 0 0 0 0
40 2 0 0 0 0 0 0 0 0
41 3 0 0 3 0 0 0 0 0
fl=./elf/./elf/dl-call_fini.c
fn=_dl_call_fini
24 64 1 1 0 0 0 32 0 0
28 16 0 0 8 0 0 0 0 0
32 8 1 1 8 0 0 0 0 0
34 8 0 0 8 8 0 0 0 0
35 16 0 0 0 0 0 0 0 0
38 12 0 0 12 6 0 0 0 0
39 18 0 0 12 2 0 0 0 0
42 64 0 0 0 0 0 0 0 0
43 10 0 0 10 6 0 10 0 0
47 8 1 1 8 6 0 0 0 0
48 16 0 0 0 0 0 0 0 0
49 18 0 0 12 4 0 0 0 0
50 42 0 0 34 0 0 0 0 0
fl=./elf/./elf/dl-catch.c
fn=_dl_catch_error
254 12 1 1 0 0 0 4 0 0
256 2 0 0 0 0 0 1 0 0
257 2 0 0 1 0 0 1 0 0
258 2 0 0 1 0 0 1 0 0
259 2 0 0 1 0 0 1 0 0
261 6 1 1 5 0 0 0 0 0
fn=_dl_catch_exception
58 48 0 0 16 1 1 0 0 0
59 32 1 1 16 0 0 16 0 0
69 32 0 0 16 0 0 0 0 0
70 80 0 0 16 0 0 32 0 0
204 128 1 1 0 0 0 80 3 3
207 32 0 0 0 0 0 0 0 0
214 16 0 0 0 0 0 0 0 0
228 16 1 1 0 0 0 16 1 1
229 32 0 0 0 0 0 16 0 0
235 96 1 1 0 0 0 16 0 0
237 48 0 0 32 0 0 16 0 0
239 64 0 0 16 0 0 32 0 0
248 48 0 0 48 0 0 0 0 0
fn=_dl_receive_error
58 2 1 1 1 0 0 0 0 0
59 1 0 0 1 0 0 0 0 0
69 2 0 0 1 0 0 0 0 0
70 2 0 0 0 0 0 2 0 0
186 7 1 1 0 0 0 3 0 0
188 1 0 0 1 0 0 0 0 0
192 1 0 0 0 0 0 1 0 0
194 1 0 0 0 0 0 1 0 0
197 1 0 0 0 0 0 1 0 0
198 4 0 0 4 0 0 0 0 0
fl=./elf/./elf/dl-debug.c
fn=_dl_debug_initialize
56 3 1 1 0 0 0 0 0 0
57 1 1 1 0 0 0 0 0 0
59 2 0 0 0 0 0 0 0 0
61 2 0 0 0 0 0 0 0 0
63 3 0 0 1 1 1 0 0 0
64 1 0 0 0 0 0 1 0 0
85 3 0 0 1 0 0 0 0 0
90 3 1 1 1 1 1 1 0 0
91 2 0 0 0 0 0 1 0 0
92 1 0 0 0 0 0 1 0 0
95 3 0 0 2 0 0 0 0 0
96 6 1 1 1 0 0 1 0 0
99 2 0 0 0 0 0 0 0 0
107 2 0 0 1 0 0 0 0 0
fn=_dl_debug_state
116 2 1 1 0 0 0 0 0 0
117 2 0 0 2 0 0 0 0 0
fn=_dl_debug_update
38 7 0 0 0 0 0 0 0 0
40 14 0 0 0 0 0 0 0 0
41 7 0 0 0 0 0 0 0 0
44 14 1 1 7 1 0 0 0 0
48 7 0 0 7 0 0 0 0 0
fl=./elf/./elf/dl-deps.c
fn=_dl_map_object_deps
128 3 0 0 0 0 0 2 1 1
129 5 1 1 0 0 0 2 0 0
130 6 0 0 0 0 0 1 0 0
132 3 0 0 0 0 0 1 0 0
136 8 1 1 2 0 0 2 0 0
143 13 1 1 0 0 0 8 1 1
144 20 2 2 1 1 1 0 0 0
160 9 1 1 0 0 0 0 0 0
161 1 0 0 1 0 0 0 0 0
164 1 1 1 0 0 0 1 0 0
182 1 0 0 1 0 0 0 0 0
183 6 0 0 4 0 0 0 0 0
184 1 0 0 0 0 0 1 0 0
188 17 0 0 8 0 0 1 0 0
190 32 1 1 0 0 0 18 0 0
193 8 0 0 0 0 0 8 0 0
197 24 1 1 8 3 0 0 0 0
198 53 1 1 23 0 0 0 0 0
201 24 0 0 6 0 0 0 0 0
205 12 0 0 6 0 0 0 0 0
208 24 0 0 12 3 1 0 0 0
210 24 1 1 18 0 0 0 0 0
215 6 1 1 0 0 0 6 0 0
216 6 0 0 0 0 0 6 1 1
217 12 0 0 6 0 0 6 0 0
218 12 0 0 6 0 0 6 0 0
219 6 0 0 0 0 0 6 0 0
221 754 0 0 202 15 0 0 0 0
222 356 0 0 0 0 0 0 0 0
228 140 1 1 30 0 0 19 0 0
230 15 0 0 0 0 0 15 0 0
232 60 1 1 0 0 0 15 0 0
233 30 0 0 15 0 0 0 0 0
242 15 0 0 15 0 0 0 0 0
244 30 1 1 15 0 0 0 0 0
249 42 1 1 6 0 0 0 0 0
252 6 0 0 0 0 0 6 0 0
253 6 0 0 0 0 0 6 0 0
254 6 0 0 0 0 0 6 0 0
255 12 0 0 6 0 0 6 0 0
256 6 0 0 0 0 0 6 0 0
257 6 0 0 6 0 0 0 0 0
259 24 0 0 6 0 0 6 0 0
263 45 0 0 15 0 0 0 0 0
264 30 0 0 0 0 0 10 1 1
266 489 1 1 0 0 0 0 0 0
417 16 1 1 0 0 0 0 0 0
419 30 0 0 0 0 0 18 0 0
422 12 0 0 0 0 0 0 0 0
423 24 1 1 12 0 0 0 0 0
429 6 0 0 0 0 0 6 1 1
430 30 0 0 0 0 0 12 0 0
431 30 0 0 0 0 0 6 0 0
434 6 0 0 0 0 0 6 0 0
435 12 0 0 12 0 0 0 0 0
439 24 1 1 8 0 0 0 0 0
441 8 0 0 8 0 0 0 0 0
442 37 0 0 7 0 0 0 0 0
448 5 1 1 1 0 0 0 0 0
449 1 0 0 0 0 0 1 0 0
452 4 0 0 1 0 0 1 0 0
463 5 1 1 1 0 0 2 0 0
465 4 0 0 2 0 0 0 0 0
470 5 1 1 2 0 0 1 0 0
471 1 0 0 0 0 0 1 0 0
472 2 0 0 0 0 0 0 0 0
474 28 0 0 8 0 0 0 0 0
478 8 1 1 8 0 0 0 0 0
483 16 0 0 0 0 0 0 0 0
485 24 0 0 0 0 0 8 2 2
490 8 0 0 8 0 0 0 0 0
494 2 1 1 0 0 0 0 0 0
495 3 0 0 1 0 0 0 0 0
532 2 1 1 0 0 0 0 0 0
533 2 0 0 0 0 0 0 0 0
547 9 1 1 2 0 0 3 0 0
552 9 1 1 1 0 0 2 0 0
553 5 1 1 2 0 0 1 0 0
557 1 0 0 0 0 0 1 0 0
559 2 0 0 1 0 0 1 0 0
560 1 0 0 1 0 0 0 0 0
561 3 0 0 1 0 0 0 0 0
568 3 1 1 1 0 0 0 0 0
571 2 0 0 0 0 0 0 0 0
574 8 0 0 7 1 0 0 0 0
fn=openaux
61 90 0 0 0 0 0 30 0 0
64 165 0 0 60 0 0 30 1 1
65 15 0 0 15 0 0 0 0 0
68 15 1 1 15 0 0 0 0 0
69 45 0 0 45 0 0 0 0 0
fl=./elf/./elf/dl-environ.c
fn=_dl_next_ld_env_entry
28 3 1 1 0 0 0 0 0 0
29 3 0 0 3 0 0 0 0 0
32 190 0 0 64 0 0 0 0 0
34 124 0 0 62 0 0 0 0 0
35 18 0 0 9 0 0 0 0 0
37 2 0 0 0 0 0 0 0 0
40 4 0 0 0 0 0 2 0 0
42 2 0 0 2 0 0 0 0 0
45 60 0 0 0 0 0 0 0 0
fl=./elf/./elf/dl-find_object.c
fn=_dl_find_object_init
561 5 1 1 0 0 0 3 0 0
564 1 0 0 1 1 0 0 0 0
566 2 0 0 1 0 0 0 0 0
567 3 1 1 0 0 0 1 0 0
579 2 1 1 0 0 0 1 0 0
580 3 0 0 1 0 0 1 0 0
582 2 0 0 0 0 0 0 0 0
585 2 0 0 0 0 0 0 0 0
590 1 1 1 0 0 0 1 0 0
591 1 0 0 0 0 0 1 0 0
594 3 0 0 1 0 0 0 0 0
596 2 1 1 0 0 0 1 0 0
599 6 1 1 3 0 0 1 0 0
601 1 0 0 0 0 0 0 0 0
604 4 0 0 4 0 0 0 0 0
fn=_dlfo_process_initial
474 8 0 0 0 0 0 4 0 0
475 2 0 0 2 0 0 0 0 0
477 2 0 0 0 0 0 0 0 0
478 4 1 1 2 0 0 0 0 0
504 24 1 1 4 1 0 0 0 0
505 38 0 0 2 0 0 0 0 0
506 16 0 0 16 0 0 0 0 0
508 60 1 1 14 1 0 0 0 0
511 56 0 0 14 1 0 0 0 0
513 42 1 1 14 1 1 0 0 0
515 14 0 0 0 0 0 7 0 0
516 14 0 0 0 0 0 0 0 0
517 28 0 0 0 0 0 0 0 0
529 2 0 0 0 0 0 2 0 0
531 8 0 0 6 0 0 0 0 0
fn=_dlfo_sort_mappings
536 1 1 1 0 0 0 0 0 0
537 2 0 0 0 0 0 0 0 0
540 28 1 1 6 0 0 0 0 0
544 12 0 0 6 0 0 0 0 0
545 93 1 1 0 0 0 0 0 0
546 105 0 0 21 0 0 0 0 0
548 6 0 0 0 0 0 0 0 0
549 6 0 0 0 0 0 0 0 0
553 24 0 0 12 0 0 0 0 0
554 30 0 0 12 0 0 12 0 0
555 12 0 0 0 0 0 12 0 0
557 1 0 0 1 0 0 0 0 0
fl=./elf/./elf/dl-fini.c
fn=_dl_fini
26 11 1 1 0 0 0 7 1 0
43 1 0 0 0 0 0 0 0 0
46 13 1 1 1 1 0 0 0 0
49 2 0 0 1 1 0 1 0 0
51 1 1 1 1 1 0 0 0 0
54 2 0 0 0 0 0 0 0 0
56 5 0 0 2 1 0 0 0 0
61 1 0 0 0 0 0 1 0 0
63 4 0 0 0 0 0 2 0 0
68 18 3 3 2 0 0 0 0 0
73 28 0 0 9 1 0 0 0 0
75 16 0 0 8 8 0 0 0 0
77 16 0 0 0 0 0 0 0 0
79 16 0 0 0 0 0 8 1 0
80 8 0 0 0 0 0 8 8 0
81 8 0 0 0 0 0 0 0 0
85 8 1 1 8 7 0 0 0 0
87 6 0 0 0 0 0 0 0 0
88 6 0 0 0 0 0 0 0 0
94 6 1 1 0 0 0 2 0 0
103 2 0 0 1 0 0 1 0 0
108 46 1 1 17 0 0 0 0 0
110 8 0 0 8 0 0 0 0 0
112 16 0 0 8 0 0 0 0 0
114 32 1 1 0 0 0 24 0 0
117 16 0 0 0 0 0 8 0 0
122 8 0 0 8 0 0 0 0 0
126 5 0 0 1 0 0 1 0 0
132 6 0 0 2 0 0 1 0 0
134 1 0 0 0 0 0 0 0 0
138 2 0 0 1 0 0 0 0 0
145 8 0 0 7 0 0 0 0 0
fl=./elf/./elf/dl-hwcaps.c
fn=_dl_important_hwcaps
52 16 1 1 0 0 0 4 0 0
54 2 0 0 0 0 0 0 0 0
55 4 0 0 2 0 0 0 0 0
56 2 0 0 0 0 0 0 0 0
57 2 0 0 0 0 0 0 0 0
77 16 2 2 0 0 0 4 0 0
80 16 0 0 4 0 0 6 1 1
84 2 0 0 0 0 0 2 0 0
86 6 0 0 2 0 0 2 0 0
87 2 0 0 0 0 0 0 0 0
88 2 0 0 0 0 0 0 0 0
100 5 0 0 0 0 0 3 1 1
102 3 1 1 1 0 0 0 0 0
105 1 0 0 0 0 0 1 0 0
108 1 0 0 0 0 0 0 0 0
112 5 1 1 0 0 0 2 0 0
125 12 0 0 0 0 0 3 0 0
127 10 0 0 4 0 0 2 1 1
128 4 0 0 2 0 0 2 0 0
129 4 0 0 0 0 0 2 0 0
130 2 0 0 0 0 0 0 0 0
133 3 1 1 1 0 0 0 0 0
142 13 0 0 7 0 0 1 0 0
143 11 0 0 0 0 0 1 0 0
145 8 1 1 1 0 0 5 0 0
151 5 1 1 2 0 0 0 0 0
155 4 1 1 2 0 0 1 0 0
156 3 0 0 1 0 0 0 0 0
157 3 0 0 0 0 0 0 0 0
161 1 0 0 1 0 0 0 0 0
162 2 0 0 1 0 0 1 0 0
163 2 0 0 0 0 0 2 0 0
172 14 2 2 0 0 0 9 2 2
174 2 0 0 0 0 0 2 0 0
175 3 0 0 0 0 0 0 0 0
185 2 1 1 0 0 0 1 0 0
186 3 0 0 0 0 0 0 0 0
189 3 0 0 1 0 0 1 1 1
193 2 0 0 1 0 0 0 0 0
194 2 0 0 0 0 0 0 0 0
201 1 0 0 0 0 0 0 0 0
202 5 0 0 2 0 0 1 0 0
208 2 0 0 1 0 0 1 0 0
209 1 0 0 0 0 0 1 0 0
213 3 1 1 2 0 0 1 0 0
216 9 0 0 7 0 0 0 0 0
fl=./elf/./elf/dl-hwcaps_split.c
fn=_dl_hwcaps_split
25 5 1 1 0 0 0 3 0 0
26 3 0 0 1 0 0 0 0 0
27 1 0 0 0 0 0 0 0 0
47 4 1 1 4 0 0 0 0 0
fn=_dl_hwcaps_split_masked
26 44 1 1 11 0 0 0 0 0
30 24 1 1 12 0 0 12 0 0
34 78 1 1 18 1 1 0 0 0
35 12 0 0 0 0 0 6 0 0
36 24 0 0 0 0 0 0 0 0
41 36 0 0 0 0 0 9 0 0
42 18 0 0 0 0 0 0 0 0
43 12 1 1 0 0 0 3 0 0
45 6 0 0 0 0 0 0 0 0
51 110 1 1 0 0 0 66 1 1
55 5 0 0 0 0 0 0 0 0
56 18 0 0 9 0 0 9 0 0
57 27 0 0 0 0 0 9 0 0
58 24 0 0 6 0 0 0 0 0
60 6 0 0 0 0 0 0 0 0
62 88 1 1 77 0 0 0 0 0
67 12 0 0 0 0 0 0 0 0
fl=./elf/./elf/dl-init.c
fn=_dl_init
29 18 1 1 9 0 0 0 0 0
35 45 1 1 9 0 0 0 0 0
37 46 1 1 1 0 0 2 1 0
81 13 1 1 0 0 0 6 0 0
82 1 0 0 1 1 0 0 0 0
83 1 0 0 1 0 0 0 0 0
86 3 0 0 1 0 0 0 0 0
89 2 0 0 0 0 0 1 0 0
94 4 1 1 0 0 0 0 0 0
119 1 0 0 1 0 0 0 0 0
120 36 0 0 0 0 0 7 0 0
121 16 0 0 16 4 0 0 0 0
127 8 0 0 7 1 0 0 0 0
fn=call_init.part.0
26 96 2 2 0 0 0 48 1 0
43 24 0 0 8 0 0 8 0 0
46 24 0 0 16 9 0 0 0 0
47 2 1 1 0 0 0 0 0 0
51 14 0 0 7 0 0 0 0 0
59 21 1 1 7 5 0 0 0 0
60 30 0 0 10 5 0 5 0 0
63 7 0 0 7 6 0 0 0 0
64 14 0 0 0 0 0 0 0 0
70 18 0 0 12 5 0 0 0 0
72 12 0 0 12 0 0 0 0 0
73 134 1 1 0 0 0 0 0 0
74 104 0 0 26 7 0 26 0 0
76 64 0 0 56 2 0 0 0 0
fl=./elf/./elf/dl-load.c
fn=_dl_dst_count
238 135 1 1 0 0 0 90 2 2
241 30 0 0 0 0 0 15 0 0
244 30 0 0 0 0 0 0 0 0
245 15 0 0 0 0 0 0 0 0
264 135 1 1 105 0 0 0 0 0
fn=_dl_init_paths
706 13 2 2 0 0 0 8 0 0
720 4 0 0 0 0 0 2 1 1
725 1 0 0 0 0 0 1 0 0
727 3 1 1 0 0 0 0 0 0
734 3 0 0 0 0 0 0 0 0
735 2 0 0 1 0 0 0 0 0
739 4 0 0 0 0 0 1 1 1
741 4 1 1 2 0 0 0 0 0
747 1 0 0 0 0 0 1 0 0
748 1 0 0 0 0 0 1 0 0
756 8 1 1 0 0 0 4 0 0
758 8 0 0 0 0 0 4 2 2
759 4 0 0 0 0 0 4 0 0
761 5 0 0 0 0 0 4 1 1
762 7 0 0 3 1 1 4 1 1
763 4 0 0 0 0 0 0 0 0
766 13 0 0 3 1 1 0 0 0
767 10 1 1 1 0 0 1 0 0
768 18 0 0 4 0 0 5 0 0
770 32 2 2 6 0 0 5 0 0
776 1 0 0 0 0 0 1 0 0
777 1 0 0 0 0 0 1 0 0
782 1 0 0 1 0 0 0 0 0
785 3 0 0 0 0 0 0 0 0
787 4 1 1 1 0 0 0 0 0
789 3 0 0 1 0 0 0 0 0
806 1 0 0 0 0 0 1 0 0
808 3 1 1 1 0 0 0 0 0
822 2 1 1 0 0 0 1 0 0
825 5 1 1 2 0 0 0 0 0
827 23 4 4 2 0 0 2 0 0
831 2 0 0 0 0 0 0 0 0
832 60 1 1 15 0 0 0 0 0
833 14 0 0 0 0 0 0 0 0
834 28 0 0 0 0 0 0 0 0
836 1 0 0 0 0 0 1 0 0
837 1 0 0 0 0 0 0 0 0
838 2 0 0 0 0 0 0 0 0
844 6 0 0 1 0 0 1 0 0
847 3 0 0 2 0 0 0 0 0
853 1 0 0 0 0 0 1 0 0
857 8 0 0 7 0 0 0 0 0
fn=_dl_map_object
682 50 3 3 15 0 0 0 0 0
696 25 1 1 0 0 0 15 0 0
1967 192 2 2 0 0 0 144 5 5
1969 6 0 0 0 0 0 6 0 0
1975 32 0 0 0 0 0 0 0 0
1976 64 0 0 16 1 1 0 0 0
1979 383 1 1 85 0 0 32 0 0
1984 553 1 1 158 0 0 0 0 0
1986 395 0 0 0 0 0 79 2 2
1990 138 0 0 69 0 0 0 0 0
1991 207 0 0 69 0 0 0 0 0
1994 210 0 0 126 2 0 0 0 0
1995 126 1 1 42 0 0 0 0 0
1996 210 0 0 0 0 0 42 0 0
2010 24 1 1 6 0 0 0 0 0
2011 18 0 0 6 0 0 6 0 0
2019 18 0 0 6 0 0 0 0 0
2034 6 0 0 0 0 0 6 0 0
2036 30 0 0 0 0 0 6 0 0
2040 20 2 2 0 0 0 10 0 0
2042 10 0 0 5 0 0 0 0 0
2049 20 0 0 5 0 0 0 0 0
2053 5 1 1 5 0 0 0 0 0
2054 5 0 0 0 0 0 5 0 0
2058 15 1 1 5 0 0 0 0 0
2059 5 0 0 0 0 0 0 0 0
2073 25 2 2 20 0 0 0 0 0
2074 35 2 2 10 0 0 0 0 0
2075 5 0 0 0 0 0 0 0 0
2084 10 1 1 0 0 0 0 0 0
2099 10 1 1 5 0 0 0 0 0
2100 80 1 1 10 0 0 20 0 0
2106 15 1 1 0 0 0 0 0 0
2107 5 0 0 0 0 0 0 0 0
2115 5 1 1 0 0 0 5 0 0
2129 10 0 0 5 0 0 0 0 0
2131 15 0 0 5 0 0 0 0 0
2135 15 1 1 0 0 0 5 0 0
2137 10 0 0 0 0 0 0 0 0
2141 10 0 0 0 0 0 0 0 0
2149 10 0 0 5 0 0 0 0 0
2172 45 1 1 0 0 0 10 0 0
2176 15 0 0 5 0 0 0 0 0
2177 5 0 0 0 0 0 5 0 0
2194 10 0 0 5 0 0 0 0 0
2200 1 0 0 0 0 0 1 0 0
2201 4 0 0 0 0 0 1 0 0
2202 2 1 1 0 0 0 0 0 0
2203 2 0 0 0 0 0 0 0 0
2207 9 1 1 0 0 0 2 0 0
2210 3 0 0 1 0 0 0 0 0
2222 24 0 0 6 0 0 0 0 0
2267 12 0 0 6 0 0 6 0 0
2268 106 1 1 23 0 0 30 0 0
2270 150 1 1 118 0 0 0 0 0
fn=_dl_map_object_from_fd
944 84 2 2 0 0 0 60 2 2
959 24 0 0 6 0 0 6 0 0
989 123 1 1 39 0 0 0 0 0
990 54 1 1 27 0 0 0 0 0
1008 12 1 1 6 0 0 0 0 0
1036 24 1 1 6 0 0 6 0 0
1046 12 0 0 6 0 0 0 0 0
1053 48 1 1 30 0 0 6 0 0
1054 12 0 0 0 0 0 0 0 0
1065 12 0 0 6 0 0 6 6 6
1066 18 0 0 6 0 0 6 0 0
1067 12 0 0 6 0 0 6 0 0
1069 18 0 0 0 0 0 0 0 0
1070 24 1 1 12 0 0 0 0 0
1071 10 0 0 0 0 0 5 0 0
1074 17 2 2 1 0 0 1 0 0
1075 6 0 0 1 0 0 1 1 1
1086 6 0 0 0 0 0 6 0 0
1088 6 0 0 0 0 0 6 0 0
1090 132 2 2 12 0 0 6 0 0
1091 6 0 0 0 0 0 0 0 0
1092 6 0 0 0 0 0 6 0 0
1093 6 0 0 0 0 0 6 0 0
1094 6 0 0 0 0 0 0 0 0
1100 252 0 0 12 0 0 0 0 0
1101 606 3 3 72 11 11 0 0 0
1107 12 1 1 6 1 1 0 0 0
1114 16 0 0 10 0 0 6 0 0
1115 18 0 0 6 1 1 6 0 0
1116 60 1 1 12 0 0 6 0 0
1121 2 0 0 1 0 0 1 0 0
1122 1 0 0 0 0 0 0 0 0
1127 186 0 0 78 4 4 6 0 0
1135 120 1 1 24 0 0 0 0 0
1136 156 1 1 0 0 0 24 4 4
1137 120 1 1 24 2 2 24 0 0
1138 24 0 0 0 0 0 24 0 0
1139 48 0 0 24 0 0 24 0 0
1141 168 0 0 24 0 0 0 0 0
1143 48 0 0 0 0 0 24 5 5
1156 48 0 0 0 0 0 0 0 0
1157 90 0 0 36 0 0 18 0 0
1162 24 0 0 0 0 0 0 0 0
1163 246 0 0 48 0 0 48 3 3
1176 12 1 1 4 0 0 0 0 0
1180 16 0 0 0 0 0 4 4 4
1181 4 0 0 4 0 0 0 0 0
1185 20 0 0 0 0 0 4 2 2
1186 8 1 1 4 0 0 4 0 0
1189 4 0 0 0 0 0 4 2 2
1194 16 0 0 4 0 0 0 0 0
1209 12 1 1 6 0 0 6 0 0
1210 6 0 0 0 0 0 0 0 0
1213 18 0 0 12 2 2 6 2 2
1218 42 1 1 30 0 0 0 0 0
1228 114 1 1 0 0 0 0 0 0
1229 48 0 0 0 0 0 24 0 0
1235 12 0 0 0 0 0 0 0 0
1245 24 0 0 12 0 0 0 0 0
1252 42 1 1 18 0 0 6 0 0
1264 6 1 1 0 0 0 0 0 0
1268 24 1 1 12 0 0 0 0 0
1269 18 0 0 6 0 0 6 0 0
1275 18 1 1 3 0 0 0 0 0
1276 12 1 1 0 0 0 0 0 0
1278 12 0 0 0 0 0 0 0 0
1288 18 0 0 6 0 0 0 0 0
1307 18 0 0 6 0 0 6 0 0
1309 36 1 1 12 0 0 0 0 0
1361 18 0 0 6 2 2 0 0 0
1362 8 0 0 4 0 0 4 0 0
1368 204 1 1 18 0 0 0 0 0
1369 336 1 1 72 60 60 0 0 0
1375 96 0 0 0 0 0 6 0 0
1380 24 1 1 6 0 0 6 0 0
1393 12 1 1 6 0 0 0 0 0
1395 24 0 0 12 0 0 6 0 0
1397 12 0 0 6 0 0 0 0 0
1413 12 0 0 0 0 0 6 0 0
1417 12 0 0 6 0 0 0 0 0
1418 12 1 1 6 0 0 0 0 0
1435 12 0 0 6 0 0 0 0 0
1436 1 0 0 0 0 0 1 0 0
1439 12 0 0 6 0 0 6 0 0
1444 12 0 0 6 0 0 0 0 0
1449 12 0 0 6 0 0 0 0 0
1461 48 1 1 18 0 0 0 0 0
1462 18 1 1 6 0 0 0 0 0
1463 45 0 0 15 0 0 5 0 0
1464 15 0 0 5 0 0 0 0 0
1465 5 0 0 1 0 0 1 0 0
1471 12 0 0 6 0 0 0 0 0
1472 16 0 0 4 0 0 0 0 0
1477 8 0 0 0 0 0 4 0 0
1484 18 1 1 6 0 0 6 0 0
1487 12 0 0 6 0 0 0 0 0
1491 18 0 0 6 0 0 6 0 0
1492 18 0 0 6 0 0 0 0 0
1510 12 1 1 0 0 0 0 0 0
1514 42 1 1 18 0 0 0 0 0
1515 24 1 1 6 0 0 6 0 0
1519 54 1 1 42 0 0 0 0 0
fn=_dl_process_pt_gnu_property
868 21 1 1 0 0 0 0 0 0
869 14 0 0 14 0 0 0 0 0
870 7 0 0 7 0 0 0 0 0
876 14 0 0 7 0 0 0 0 0
882 35 0 0 0 0 0 0 0 0
885 21 1 1 7 6 6 0 0 0
886 14 0 0 7 1 1 0 0 0
887 14 0 0 7 0 0 0 0 0
890 21 0 0 7 0 0 0 0 0
891 21 1 1 0 0 0 0 0 0
895 7 0 0 0 0 0 0 0 0
896 14 0 0 0 0 0 0 0 0
900 20 1 1 10 0 0 0 0 0
901 10 0 0 10 0 0 0 0 0
904 20 0 0 0 0 0 0 0 0
907 10 0 0 0 0 0 0 0 0
908 40 0 0 0 0 0 0 0 0
918 21 0 0 0 0 0 0 0 0
920 28 0 0 0 0 0 0 0 0
fn=expand_dynamic_string_token
241 6 0 0 0 0 0 2 0 0
244 4 0 0 0 0 0 0 0 0
385 20 1 1 0 0 0 12 0 0
399 4 0 0 0 0 0 0 0 0
410 14 1 1 12 0 0 0 0 0
fn=fillin_rpath.isra.0
468 17 2 2 0 0 0 12 0 0
472 1 0 0 0 0 0 0 0 0
474 12 1 1 4 0 0 2 0 0
481 2 0 0 1 0 0 0 0 0
483 6 0 0 1 0 0 2 0 0
487 2 0 0 0 0 0 0 0 0
492 3 0 0 0 0 0 1 0 0
493 2 0 0 0 0 0 0 0 0
500 5 1 1 1 0 0 0 0 0
505 2 1 1 0 0 0 1 0 0
509 15 0 0 5 0 0 0 0 0
510 8 1 1 4 0 0 0 0 0
528 4 1 1 1 0 0 1 0 0
532 4 0 0 2 0 0 0 0 0
534 2 1 1 0 0 0 0 0 0
538 1 0 0 0 0 0 1 0 0
539 2 0 0 1 0 0 0 0 0
540 4 0 0 0 0 0 2 0 0
541 1 0 0 0 0 0 1 0 0
543 2 0 0 1 0 0 0 0 0
549 4 0 0 1 0 0 0 0 0
550 14 1 1 1 0 0 0 0 0
551 4 1 1 0 0 0 3 0 0
553 2 0 0 1 0 0 1 0 0
554 3 1 1 1 0 0 0 0 0
555 1 0 0 0 0 0 1 0 0
561 2 0 0 1 0 0 1 0 0
562 1 0 0 0 0 0 1 0 0
565 3 0 0 0 0 0 1 0 0
571 1 0 0 0 0 0 1 0 0
574 8 0 0 7 0 0 0 0 0
fn=open_path
1812 55 2 2 0 0 0 45 3 3
1813 10 0 0 5 0 0 5 0 0
1816 5 0 0 0 0 0 5 0 0
1817 5 0 0 0 0 0 5 0 0
1819 10 0 0 0 0 0 0 0 0
1822 10 0 0 0 0 0 0 0 0
1824 110 2 2 15 1 1 10 0 0
1827 10 0 0 10 0 0 0 0 0
1831 5 0 0 0 0 0 0 0 0
1835 30 0 0 5 0 0 5 0 0
1842 30 1 1 15 0 0 10 1 1
1843 110 1 1 30 0 0 10 0 0
1846 30 0 0 15 0 0 0 0 0
1851 77 1 1 42 0 0 14 0 0
1854 14 0 0 0 0 0 0 0 0
1860 21 0 0 7 0 0 0 0 0
1863 56 1 1 21 0 0 7 0 0
1865 21 0 0 7 0 0 0 0 0
1867 6 0 0 0 0 0 0 0 0
1872 6 1 1 0 0 0 0 0 0
1873 21 0 0 9 0 0 0 0 0
1879 9 1 1 3 0 0 3 0 0
1881 28 0 0 3 0 0 8 0 0
1882 2 0 0 1 0 0 0 0 0
1884 3 0 0 0 0 0 0 0 0
1891 46 3 3 10 0 0 14 0 0
1893 16 0 0 5 0 0 0 0 0
1937 40 1 1 10 0 0 5 1 1
1941 5 0 0 5 0 0 0 0 0
1943 20 0 0 15 0 0 0 0 0
1946 15 0 0 10 0 0 0 0 0
1960 45 1 1 35 0 0 0 0 0
fn=open_verify.constprop.0
1572 156 1 1 0 0 0 104 1 1
1604 39 0 0 13 0 0 0 0 0
1609 14 1 1 0 0 0 0 0 0
1623 65 0 0 0 0 0 13 2 2
1625 26 1 1 0 0 0 0 0 0
1633 6 0 0 0 0 0 6 0 0
1634 18 0 0 0 0 0 6 1 1
1639 36 0 0 0 0 0 6 0 0
1641 12 1 1 0 0 0 0 0 0
1643 12 0 0 6 0 0 6 0 0
1645 12 0 0 0 0 0 0 0 0
1651 12 0 0 0 0 0 0 0 0
1668 87 4 4 27 1 1 0 0 0
1749 12 0 0 6 0 0 0 0 0
1754 12 1 1 6 0 0 0 0 0
1760 24 0 0 6 0 0 0 0 0
1766 12 0 0 6 0 0 0 0 0
1772 24 0 0 6 1 1 0 0 0
1773 24 1 1 6 0 0 0 0 0
1777 16 3 3 1 0 0 0 0 0
1778 5 0 0 0 0 0 1 0 0
1799 117 0 0 91 0 0 0 0 0
fl=./elf/./elf/dl-lookup-direct.c
fn=_dl_lookup_direct
32 15 0 0 9 0 0 0 0 0
33 9 1 1 0 0 0 0 0 0
35 6 0 0 3 3 3 0 0 0
36 6 0 0 3 0 0 0 0 0
48 9 0 0 3 0 0 3 0 0
51 6 0 0 6 0 0 0 0 0
53 21 1 1 6 0 0 6 0 0
57 9 0 0 9 2 0 0 0 0
58 21 0 0 9 1 0 0 0 0
59 15 0 0 6 0 0 3 0 0
74 39 2 2 0 0 0 27 0 0
76 6 0 0 3 0 0 0 0 0
78 21 0 0 9 2 0 0 0 0
79 6 0 0 0 0 0 0 0 0
81 12 1 1 3 0 0 3 0 0
84 25 0 0 5 3 1 0 0 0
86 12 0 0 3 0 0 0 0 0
93 6 2 2 0 0 0 0 0 0
115 3 0 0 0 0 0 0 0 0
116 27 0 0 21 0 0 0 0 0
fl=./elf/./elf/dl-lookup.c
fn=_dl_lookup_symbol_x
772 25870 4 2 0 0 0 17910 14 1
774 3980 0 0 0 0 0 1990 0 0
775 7960 0 0 0 0 0 1990 0 0
778 1990 0 0 1990 3 0 0 0 0
782 7916 0 0 1968 0 0 0 0 0
785 3980 2 1 1990 0 0 0 0 0
787 3980 0 0 3980 8 0 0 0 0
791 27955 0 0 19 0 0 5970 0 0
792 33830 3 2 13930 0 0 13930 9 2
797 9950 0 0 3980 0 0 0 0 0
799 114 1 1 19 0 0 0 0 0
816 1990 0 0 0 0 0 1990 0 0
817 57 1 1 0 0 0 0 0 0
820 3980 0 0 1990 0 0 0 0 0
821 13781 0 0 1967 0 0 0 0 0
828 2047 1 1 1971 0 0 0 0 0
856 7884 1 1 1971 0 0 0 0 0
870 5913 0 0 1971 22 1 0 0 0
871 2 1 1 0 0 0 1 0 0
873 3942 0 0 1971 0 0 0 0 0
890 7884 0 0 1971 0 0 0 0 0
892 17910 2 1 13930 0 0 0 0 0
fn=check_match
70 29760 1 1 3968 161 88 11904 15 0
73 15872 1 1 3968 249 187 0 0 0
78 28 0 0 0 0 0 0 0 0
86 9890 0 0 0 0 0 0 0 0
89 5024 0 0 356 0 0 178 1 0
93 1978 1 1 1978 18 0 0 0 0
94 3956 0 0 0 0 0 0 0 0
96 3950 0 0 0 0 0 0 0 0
115 3950 0 0 3950 126 23 0 0 0
116 15800 1 1 5925 51 0 0 0 0
117 9835 2 2 3934 9 0 1967 2 1
118 16 0 0 8 0 0 0 0 0
119 16 0 0 0 0 0 0 0 0
144 6 0 0 0 0 0 0 0 0
146 18 0 0 6 3 1 0 0 0
147 12 0 0 0 0 0 0 0 0
150 2 0 0 0 0 0 0 0 0
151 7 0 0 3 0 0 1 0 0
153 3 0 0 1 0 0 1 0 0
161 1970 0 0 0 0 0 0 0 0
162 15872 0 0 13888 0 0 0 0 0
fn=do_lookup_x
170 300 1 1 2 0 0 0 0 0
171 307 1 1 76 0 0 2 0 0
172 940 1 1 250 50 49 0 0 0
174 98 0 0 0 0 0 0 0 0
175 294 0 0 0 0 0 0 0 0
176 530 2 2 2 0 0 0 0 0
179 152 0 0 0 0 0 152 0 0
180 152 0 0 0 0 0 152 0 0
181 82 0 0 0 0 0 82 21 11
182 152 0 0 0 0 0 152 24 24
183 70 0 0 0 0 0 0 0 0
222 492 1 1 164 0 0 328 0 0
224 738 0 0 82 2 0 246 0 0
226 164 0 0 82 2 1 0 0 0
227 82 0 0 82 0 0 0 0 0
228 328 0 0 164 0 0 0 0 0
230 2694 1 1 127 0 0 405 0 0
231 486 1 1 0 0 0 0 0 0
234 352 0 0 176 0 0 0 0 0
235 176 1 1 176 66 23 0 0 0
254 352 0 0 0 0 0 0 0 0
257 95 0 0 0 0 0 0 0 0
258 285 0 0 0 0 0 0 0 0
259 322 1 1 0 0 0 0 0 0
262 1377 2 2 648 0 0 0 0 0
269 12 1 1 0 0 0 8 0 0
272 4 0 0 0 0 0 0 0 0
279 298 1 1 6 0 0 2 0 0
280 276 0 0 92 5 2 0 0 0
281 350 1 1 210 7 0 0 0 0
285 20 1 1 6 0 0 6 0 0
286 2 0 0 0 0 0 2 0 0
287 2 0 0 0 0 0 0 0 0
288 4 1 1 2 0 0 2 0 0
289 8 0 0 6 0 0 2 0 0
300 3 0 0 2 0 0 0 0 0
302 2 1 1 0 0 0 0 0 0
305 1 0 0 0 0 0 1 0 0
306 1 0 0 0 0 0 1 0 0
307 2 0 0 1 0 0 1 0 0
310 164 0 0 0 0 0 0 0 0
311 492 0 0 164 0 0 0 0 0
318 328 0 0 82 0 0 0 0 0
329 574 1 1 246 0 0 82 0 0
331 164 0 0 164 0 0 82 0 0
333 246 0 0 164 0 0 82 0 0
334 164 0 0 0 0 0 82 0 0
347 27860 3 2 3980 0 0 19900 12 2
348 1990 0 0 1990 3 0 0 0 0
353 1990 0 0 0 0 0 0 0 0
354 1990 0 0 1990 0 0 0 0 0
358 13414 1 1 13414 40 0 0 0 0
361 13414 0 0 0 0 0 0 0 0
365 17494 0 0 2040 0 0 0 0 0
386 13386 1 1 6693 28 0 0 0 0
390 13386 0 0 6693 1 0 0 0 0
396 20079 0 0 6693 34 0 0 0 0
400 6693 0 0 0 0 0 6693 0 0
401 6693 0 0 0 0 0 6693 0 0
404 33465 0 0 20079 79 0 0 0 0
405 20079 2 1 13386 13 0 0 0 0
408 6693 0 0 6693 0 0 0 0 0
409 13386 0 0 0 0 0 0 0 0
411 6693 0 0 6693 1069 147 0 0 0
412 5970 0 0 0 0 0 1990 0 0
413 13386 0 0 13386 0 0 0 0 0
415 13930 2 1 1990 0 0 3980 0 0
416 26772 0 0 13386 0 0 0 0 0
419 46851 0 0 6693 0 0 0 0 0
422 4280 0 0 4280 1230 211 0 0 0
423 6420 1 1 2140 0 0 0 0 0
424 4280 0 0 0 0 0 0 0 0
426 4202 0 0 2101 0 0 0 0 0
429 25725 1 1 5145 1794 495 0 0 0
431 5952 0 0 1984 0 0 0 0 0
432 50887 2 2 14005 0 0 26611 17 3
433 3968 0 0 0 0 0 0 0 0
436 5952 0 0 0 0 0 0 0 0
439 9553 0 0 14 0 0 0 0 0
461 15760 2 1 11820 0 0 0 0 0
470 1049 2 2 918 0 0 0 0 0
472 2 0 0 0 0 0 0 0 0
476 3942 1 1 0 0 0 0 0 0
483 10524 0 0 1971 0 0 0 0 0
487 3810 2 1 1270 3 0 0 0 0
491 1 1 1 0 0 0 1 0 0
499 3778 0 0 1889 0 0 1889 0 0
500 1889 0 0 0 0 0 1889 0 0
501 1971 0 0 0 0 0 0 0 0
518 14208 0 0 0 0 0 0 0 0
521 19 0 0 0 0 0 0 0 0
522 15920 1 1 13930 0 0 0 0 0
fl=./elf/./elf/dl-minimal-malloc.c
fn=__minimal_calloc
80 95 1 1 0 0 0 0 0 0
84 19 0 0 0 0 0 0 0 0
87 19 0 0 0 0 0 0 0 0
88 57 0 0 0 0 0 0 0 0
fn=__minimal_free
97 3 1 1 0 0 0 0 0 0
99 12 0 0 6 0 0 0 0 0
fn=__minimal_malloc
36 376 2 2 0 0 0 188 2 2
37 141 0 0 47 4 1 0 0 0
42 3 1 1 0 0 0 1 0 0
43 2 1 1 1 0 0 0 0 0
44 2 0 0 0 0 0 0 0 0
48 187 0 0 46 0 0 47 0 0
51 317 0 0 0 0 0 0 0 0
56 12 0 0 3 0 0 0 0 0
57 12 0 0 0 0 0 0 0 0
59 3 1 1 0 0 0 0 0 0
60 24 0 0 0 0 0 3 0 0
62 6 0 0 0 0 0 0 0 0
64 12 0 0 0 0 0 3 0 0
65 9 0 0 3 0 0 0 0 0
67 8 0 0 0 0 0 3 0 0
70 48 1 1 1 0 0 47 0 0
71 51 0 0 0 0 0 47 0 0
73 282 0 0 235 0 0 0 0 0
fl=./elf/./elf/dl-minimal.c
fn=__rtld_malloc_init_real
76 10 1 1 0 0 0 6 0 0
86 2 1 1 0 0 0 1 0 0
87 1 0 0 0 0 0 1 0 0
89 1 0 0 0 0 0 1 0 0
91 6 1 1 0 0 0 1 0 0
92 5 0 0 0 0 0 1 0 0
93 5 0 0 0 0 0 1 0 0
94 4 1 1 0 0 0 1 0 0
99 1 0 0 0 0 0 1 0 0
100 1 0 0 0 0 0 1 0 0
101 1 0 0 0 0 0 1 0 0
102 1 0 0 0 0 0 1 0 0
103 8 0 0 7 0 0 0 0 0
fn=__rtld_malloc_init_stubs
42 1 1 1 0 0 0 0 0 0
43 2 1 1 0 0 0 1 1 1
44 2 0 0 0 0 0 1 0 0
45 2 0 0 0 0 0 1 0 0
46 2 0 0 0 0 0 1 0 0
47 1 0 0 1 0 0 0 0 0
fn=lookup_malloc_symbol
61 36 1 1 0 0 0 16 0 0
63 4 0 0 0 0 0 4 0 0
64 28 0 0 4 0 0 12 0 0
68 28 1 1 16 0 0 0 0 0
69 28 0 0 12 0 0 0 0 0
71 4 0 0 0 0 0 4 0 0
72 24 0 0 20 0 0 0 0 0
fn=strsep
239 2 1 1 0 0 0 0 0 0
242 4 0 0 2 1 1 0 0 0
244 2 0 0 2 0 0 0 0 0
245 4 0 0 0 0 0 0 0 0
247 2 0 0 0 0 0 0 0 0
249 47 1 1 15 0 0 0 0 0
251 28 0 0 0 0 0 0 0 0
254 56 0 0 28 0 0 0 0 0
256 84 0 0 28 0 0 0 0 0
264 14 0 0 0 0 0 0 0 0
267 1 0 0 0 0 0 1 0 0
271 4 0 0 2 0 0 0 0 0
fl=./elf/./elf/dl-misc.c
fn=_dl_higher_prime_number
87 2 0 0 0 0 0 0 0 0
124 2 0 0 0 0 0 0 0 0
125 2 0 0 0 0 0 0 0 0
127 26 1 1 0 0 0 0 0 0
129 80 0 0 0 0 0 0 0 0
130 30 0 0 10 4 2 0 0 0
131 6 0 0 0 0 0 0 0 0
133 7 0 0 0 0 0 0 0 0
145 2 0 0 2 0 0 0 0 0
146 2 0 0 2 0 0 0 0 0
fn=_dl_name_match_p
68 1218 1 1 0 0 0 522 1 1
69 696 0 0 174 0 0 174 1 1
70 25 0 0 0 0 0 0 0 0
72 174 0 0 174 0 0 0 0 0
74 686 0 0 0 0 0 0 0 0
75 970 1 1 194 0 0 194 0 0
80 169 0 0 169 0 0 0 0 0
82 149 0 0 0 0 0 0 0 0
83 696 0 0 696 0 0 0 0 0
fn=_dl_sysdep_read_whole_file
36 11 1 1 0 0 0 5 0 0
39 3 0 0 0 0 0 1 0 0
40 2 1 1 0 0 0 0 0 0
42 6 0 0 0 0 0 1 0 0
44 2 0 0 1 0 0 1 0 0
47 2 1 1 0 0 0 0 0 0
49 8 0 0 0 0 0 1 0 0
60 3 0 0 0 0 0 1 0 0
63 8 0 0 6 0 0 0 0 0
fl=./elf/./elf/dl-object.c
fn=_dl_add_to_namespace_list
31 63 1 1 0 0 0 28 1 0
33 21 0 0 7 0 0 7 0 0
35 62 1 1 7 0 0 0 0 0
38 108 0 0 27 0 0 0 0 0
40 6 0 0 0 0 0 6 0 0
42 6 0 0 0 0 0 6 0 0
45 2 1 1 0 0 0 1 0 0
46 21 0 0 7 0 0 0 0 0
47 14 0 0 7 0 0 7 0 0
48 14 0 0 0 0 0 7 0 0
50 14 0 0 7 0 0 0 0 0
51 35 0 0 28 0 0 0 0 0
fn=_dl_new_object
59 105 1 1 0 0 0 70 3 3
62 14 0 0 0 0 0 0 0 0
64 2 1 1 0 0 0 0 0 0
66 3 1 1 1 0 0 0 0 0
67 2 0 0 0 0 0 0 0 0
71 6 0 0 0 0 0 2 0 0
77 2 1 1 0 0 0 0 0 0
80 12 0 0 6 0 0 0 0 0
83 31 1 1 0 0 0 19 0 0
87 12 0 0 0 0 0 0 0 0
92 6 0 0 0 0 0 0 0 0
95 14 0 0 0 0 0 0 0 0
98 7 0 0 0 0 0 7 5 5
99 7 0 0 0 0 0 7 7 7
100 14 0 0 7 0 0 0 0 0
103 14 0 0 0 0 0 7 2 2
104 49 1 1 21 0 0 21 0 0
106 7 1 1 0 0 0 7 0 0
119 33 0 0 20 0 0 0 0 0
123 6 0 0 0 0 0 0 0 0
125 1 0 0 0 0 0 0 0 0
127 49 0 0 14 7 7 14 0 0
130 14 0 0 7 0 0 0 0 0
131 14 1 1 0 0 0 7 7 7
132 7 1 1 0 0 0 7 0 0
136 7 0 0 0 0 0 7 0 0
139 42 0 0 0 0 0 0 0 0
141 20 1 1 0 0 0 16 4 4
149 14 1 1 0 0 0 7 0 0
150 7 0 0 0 0 0 7 7 7
153 1 0 0 0 0 0 0 0 0
155 42 0 0 7 1 1 0 0 0
157 24 0 0 0 0 0 6 6 6
160 16 1 1 0 0 0 0 0 0
164 24 0 0 6 0 0 0 0 0
168 42 1 1 6 0 0 0 0 0
176 1 1 1 0 0 0 1 0 0
179 14 0 0 0 0 0 7 0 0
189 28 0 0 14 0 0 0 0 0
191 24 0 0 0 0 0 12 0 0
195 18 0 0 0 0 0 0 0 0
199 12 0 0 0 0 0 0 0 0
200 12 0 0 0 0 0 0 0 0
208 6 0 0 0 0 0 0 0 0
212 6 1 1 0 0 0 0 0 0
245 24 0 0 12 0 0 6 0 0
250 196 0 0 0 0 0 0 0 0
251 196 0 0 98 0 0 0 0 0
255 12 0 0 0 0 0 0 0 0
256 6 0 0 0 0 0 6 0 0
259 6 0 0 0 0 0 6 0 0
263 63 1 1 49 0 0 0 0 0
fl=./elf/./elf/dl-reloc.c
fn=_dl_relocate_object
170 14336 1 1 3584 1747 1364 0 0 0
171 6992 1 1 0 0 0 0 0 0
174 23759 1 1 3496 8 0 0 0 0
175 19516 2 2 1627 0 0 0 0 0
177 1627 0 0 1627 0 0 0 0 0
178 6506 1 1 1627 0 0 1627 0 0
182 3738 0 0 0 0 0 0 0 0
183 1869 0 0 0 0 0 1869 0 0
184 1869 0 0 0 0 0 1869 0 0
186 14958 2 2 7476 1 0 6 0 0
187 9315 1 1 1863 70 0 1863 0 0
188 3726 0 0 0 0 0 0 0 0
190 13194 2 2 3738 0 0 5659 2 0
193 1869 0 0 1869 0 0 0 0 0
194 13083 1 1 5607 0 0 1869 1 0
196 1627 1 1 1627 0 0 0 0 0
207 99 1 1 0 0 0 72 1 0
208 18 0 0 9 0 0 0 0 0
220 16 0 0 0 0 0 0 0 0
221 24 0 0 0 0 0 8 0 0
224 32 1 1 0 0 0 8 0 0
226 24 0 0 0 0 0 0 0 0
228 8 0 0 8 0 0 0 0 0
229 24 0 0 8 2 0 0 0 0
251 40 2 2 16 0 0 0 0 0
252 16 1 1 8 7 0 0 0 0
253 3 0 0 0 0 0 0 0 0
255 16 0 0 0 0 0 0 0 0
262 24 1 1 8 4 0 0 0 0
301 10345 9 9 1237 244 202 60 0 0
304 40 0 0 16 0 0 0 0 0
328 8 0 0 8 1 0 0 0 0
331 16 0 0 0 0 0 0 0 0
348 24 0 0 8 5 0 0 0 0
350 72 0 0 63 4 0 0 0 0
356 48 1 1 24 2 0 0 0 0
359 16 0 0 0 0 0 0 0 0
363 16 1 1 0 0 0 0 0 0
364 48 0 0 0 0 0 8 1 0
fl=./elf/./elf/dl-runtime.c
fn=_dl_fixup
46 1287 4 2 0 0 0 702 0 0
48 585 0 0 468 4 0 0 0 0
49 351 1 1 234 0 0 0 0 0
54 117 0 0 117 5 0 0 0 0
55 468 0 0 117 5 0 0 0 0
56 819 0 0 117 114 0 117 3 0
58 234 0 0 117 13 0 0 0 0
63 234 0 0 0 0 0 0 0 0
67 234 0 0 117 115 65 0 0 0
69 117 0 0 0 0 0 0 0 0
71 351 1 1 117 5 0 0 0 0
75 351 0 0 234 95 0 0 0 0
76 468 0 0 117 2 0 0 0 0
77 351 0 0 117 21 0 0 0 0
84 117 1 1 0 0 0 0 0 0
85 351 0 0 117 0 0 0 0 0
87 4 0 0 0 0 0 4 0 0
88 4 0 0 0 0 0 0 0 0
95 1287 0 0 234 5 0 351 0 0
99 585 1 1 351 0 0 0 0 0
100 16 0 0 8 0 0 0 0 0
109 1170 0 0 468 0 0 117 0 0
124 468 1 1 117 0 0 0 0 0
125 8 0 0 0 0 0 4 0 0
133 351 0 0 117 0 0 0 0 0
159 351 0 0 117 1 0 0 0 0
163 936 1 1 819 0 0 0 0 0
fl=./elf/./elf/dl-setup_hash.c
fn=_dl_setup_hash
25 16 1 1 0 0 0 0 0 0
28 24 1 1 8 0 0 0 0 0
31 24 0 0 16 0 0 0 0 0
32 16 0 0 8 7 7 8 1 1
33 8 0 0 8 0 0 0 0 0
34 8 0 0 8 0 0 0 0 0
36 24 0 0 0 0 0 0 0 0
37 8 0 0 0 0 0 8 0 0
38 24 1 1 8 0 0 8 0 0
40 8 0 0 0 0 0 8 0 0
41 16 0 0 0 0 0 0 0 0
43 8 0 0 0 0 0 8 0 0
45 24 0 0 0 0 0 8 0 0
50 8 0 0 8 0 0 0 0 0
fl=./elf/./elf/dl-sort-maps.c
fn=_dl_sort_maps
140 80 0 0 16 0 0 16 0 0
181 2 0 0 0 0 0 2 0 0
182 4 0 0 2 0 0 0 0 0
183 58 0 0 0 0 0 0 0 0
184 32 2 1 32 0 0 0 0 0
211 34 4 2 2 0 0 0 0 0
216 4 0 0 0 0 0 2 0 0
218 2 0 0 0 0 0 2 0 0
219 10 0 0 0 0 0 0 0 0
221 50 2 1 0 0 0 0 0 0
223 16 0 0 16 0 0 0 0 0
226 48 0 0 16 0 0 0 0 0
244 8 2 1 2 0 0 0 0 0
263 8 2 1 0 0 0 2 0 0
276 8 2 1 2 0 0 0 0 0
283 2 2 1 0 0 0 0 0 0
298 26 1 0 0 0 0 14 2 0
306 6 2 1 2 2 0 0 0 0
310 18 4 2 14 0 0 0 0 0
fn=_dl_sort_maps_init
289 4 2 2 0 0 0 1 0 0
290 4 0 0 0 0 0 1 0 0
291 1 0 0 0 0 0 1 0 0
292 3 0 0 1 0 0 0 0 0
293 2 0 0 2 0 0 0 0 0
fn=dfs_traversal.part.0
135 144 2 1 0 0 0 80 0 0
140 80 0 0 40 0 0 0 0 0
143 16 0 0 16 0 0 0 0 0
145 48 0 0 16 2 0 0 0 0
147 212 0 0 53 8 0 0 0 0
156 56 3 2 8 0 0 0 0 0
171 48 0 0 16 0 0 16 0 0
172 16 0 0 0 0 0 16 0 0
173 96 0 0 96 0 0 0 0 0
fl=./elf/./elf/dl-tunables.c
fn=__GI___tunable_set_val
72 50 1 1 5 0 0 0 0 0
82 5 0 0 5 0 0 0 0 0
93 40 1 1 10 0 0 0 0 0
94 25 0 0 10 0 0 0 0 0
97 10 0 0 0 0 0 0 0 0
100 35 0 0 0 0 0 0 0 0
104 10 0 0 0 0 0 0 0 0
111 10 0 0 0 0 0 0 0 0
112 10 0 0 0 0 0 0 0 0
115 25 1 1 0 0 0 5 0 0
116 5 0 0 0 0 0 5 0 0
117 5 0 0 0 0 0 5 0 0
118 5 0 0 0 0 0 5 0 0
153 30 1 1 0 0 0 10 0 0
157 15 0 0 15 0 0 0 0 0
fn=__GI___tunables_init
42 315 1 1 63 0 0 0 0 0
45 62 0 0 0 0 0 0 0 0
48 6237 0 0 891 33 33 0 0 0
52 124 0 0 0 0 0 0 0 0
56 248 1 1 0 0 0 0 0 0
128 1 0 0 0 0 0 0 0 0
261 10 2 2 0 0 0 6 0 0
267 4 0 0 1 0 0 0 0 0
281 10168 0 0 0 0 0 0 0 0
283 2 0 0 0 0 0 0 0 0
287 18414 1 1 5084 41 41 0 0 0
304 8 1 1 7 0 0 0 0 0
fn=__tunable_get_val
387 82 2 1 0 0 0 0 0 0
390 486 2 1 41 36 31 0 0 0
399 53 0 0 38 15 0 15 0 0
400 15 0 0 0 0 0 0 0 0
409 32 1 1 0 0 0 26 0 0
416 246 0 0 41 4 0 0 0 0
418 41 0 0 41 0 0 0 0 0
fl=./elf/./elf/dl-tunables.h
fn=__GI___tunable_set_val
141 10 0 0 0 0 0 0 0 0
142 10 1 1 0 0 0 0 0 0
151 5 0 0 0 0 0 0 0 0
fn=__GI___tunables_init
160 1222 1 1 800 1 1 0 0 0
161 2922 0 0 0 0 0 0 0 0
fl=./elf/./elf/dl-version.c
fn=_dl_check_all_versions
392 7 1 1 0 0 0 5 0 0
394 1 0 0 0 0 0 0 0 0
396 29 0 0 8 0 0 0 0 0
397 8 0 0 0 0 0 0 0 0
398 72 1 1 8 0 0 8 1 0
401 7 0 0 6 0 0 0 0 0
fn=_dl_check_map_versions
36 280 0 0 30 0 0 0 0 0
37 80 0 0 80 0 0 0 0 0
38 490 1 1 0 0 0 95 0 0
56 280 0 0 210 0 0 0 0 0
64 210 0 0 70 0 0 0 0 0
70 210 1 1 70 2 0 0 0 0
86 70 0 0 70 1 0 0 0 0
87 140 0 0 0 0 0 0 0 0
89 70 0 0 70 0 0 0 0 0
94 2698 0 0 1174 41 41 210 0 0
108 2348 0 0 1174 17 16 0 0 0
110 70 1 1 70 1 1 0 0 0
113 560 1 1 210 0 0 140 0 0
120 3312 1 1 1104 18 18 0 0 0
124 1104 0 0 0 0 0 0 0 0
155 80 0 0 0 0 0 48 0 0
156 8 0 0 0 0 0 8 0 0
164 14 1 1 0 0 0 8 0 0
170 24 0 0 8 0 0 0 0 0
172 40 1 1 16 1 0 0 0 0
174 8 0 0 8 2 0 0 0 0
175 8 0 0 8 0 0 0 0 0
177 16 0 0 0 0 0 0 0 0
180 18 1 1 12 1 0 0 0 0
184 48 0 0 6 6 6 30 0 0
198 9 0 0 0 0 0 0 0 0
200 45 1 1 30 0 0 0 0 0
208 45 0 0 15 0 0 0 0 0
213 45 0 0 15 6 6 0 0 0
215 55 0 0 0 0 0 0 0 0
217 280 1 1 140 16 16 70 0 0
218 525 1 1 392 1 0 0 0 0
221 140 0 0 70 0 0 70 0 0
224 210 0 0 140 0 0 0 0 0
225 5 0 0 1 0 0 1 0 0
228 32 1 1 16 0 0 15 0 0
231 280 0 0 70 0 0 0 0 0
234 210 0 0 70 0 0 0 0 0
239 55 0 0 0 0 0 0 0 0
243 45 0 0 15 0 0 0 0 0
248 9 0 0 0 0 0 0 0 0
257 35 2 2 18 0 0 0 0 0
260 12 0 0 12 0 0 0 0 0
263 702 0 0 177 12 12 6 0 0
266 525 0 0 171 5 5 6 0 0
270 165 0 0 0 0 0 0 0 0
274 21 1 1 7 0 0 0 0 0
279 7 0 0 0 0 0 7 3 0
280 28 1 1 7 0 0 7 0 0
281 21 0 0 7 0 0 0 0 0
291 7 0 0 0 0 0 7 0 0
294 37 0 0 22 4 0 7 4 0
296 14 0 0 0 0 0 0 0 0
299 24 1 1 12 0 0 0 0 0
301 9 0 0 0 0 0 0 0 0
303 45 0 0 15 0 0 0 0 0
306 210 1 1 70 0 0 0 0 0
308 280 0 0 0 0 0 0 0 0
310 350 0 0 70 0 0 70 0 0
311 140 0 0 0 0 0 70 24 24
312 210 0 0 70 0 0 70 4 4
313 210 0 0 70 0 0 70 1 1
316 210 0 0 70 0 0 0 0 0
321 55 0 0 0 0 0 0 0 0
324 45 0 0 15 0 0 0 0 0
329 9 1 1 0 0 0 0 0 0
334 14 0 0 0 0 0 0 0 0
337 12 0 0 6 0 0 0 0 0
341 165 0 0 165 0 0 0 0 0
343 342 0 0 171 0 0 0 0 0
347 165 0 0 165 0 0 0 0 0
348 825 0 0 165 0 0 165 42 42
349 495 0 0 165 0 0 165 0 0
350 165 0 0 0 0 0 165 22 22
353 513 0 0 171 0 0 0 0 0
357 165 0 0 0 0 0 0 0 0
365 12 0 0 0 0 0 0 0 0
366 12 1 1 6 0 0 0 0 0
367 12 0 0 6 3 0 0 0 0
368 4 0 0 2 0 0 0 0 0
370 4 1 1 3 0 0 0 0 0
372 124 0 0 32 0 0 0 0 0
373 60 1 1 0 0 0 0 0 0
375 2 0 0 1 0 0 0 0 0
376 7 0 0 0 0 0 1 0 0
387 72 1 1 64 0 0 0 0 0
fl=./elf/./elf/do-rel.h
fn=_dl_relocate_object
49 48 1 1 16 2 0 0 0 0
50 48 0 0 16 0 0 16 0 0
51 8 0 0 8 1 0 0 0 0
53 80 0 0 32 2 0 0 0 0
72 10 0 0 0 0 0 0 0 0
73 11 1 1 0 0 0 8 0 0
80 48 0 0 16 0 0 0 0 0
83 3708 1 1 0 0 0 3 0 0
85 4912 1 1 1228 462 462 0 0 0
96 18 0 0 3 1 0 0 0 0
97 6 0 0 0 0 0 0 0 0
114 39 1 1 0 0 0 0 0 0
123 3469 0 0 0 0 0 0 0 0
124 2292 0 0 1146 148 145 0 0 0
126 39 1 1 13 9 0 0 0 0
129 44 0 0 22 6 0 11 1 0
131 14373 1 1 3610 1 0 0 0 0
133 17890 0 0 10734 2197 1229 0 0 0
134 14312 0 0 3578 0 0 3578 0 0
135 10734 0 0 7156 1 0 3578 0 0
136 14312 0 0 3578 2 0 0 0 0
138 10734 1 1 0 0 0 0 0 0
141 272 0 0 68 0 0 68 0 0
142 68 1 1 0 0 0 68 0 0
143 68 0 0 0 0 0 0 0 0
147 3510 0 0 0 0 0 3510 0 0
150 10556 1 1 3510 0 0 0 0 0
151 228 2 2 76 1 0 0 0 0
164 28 1 1 14 2 0 0 0 0
165 285 0 0 9 0 0 6 0 0
166 252 1 1 84 0 0 0 0 0
169 204 0 0 136 0 0 0 0 0
171 272 0 0 68 0 0 68 0 0
172 68 0 0 68 0 0 0 0 0
173 136 0 0 68 0 0 0 0 0
180 31 1 1 9 0 0 0 0 0
182 42 1 1 12 2 2 6 0 0
183 12 0 0 12 0 0 0 0 0
185 18 0 0 0 0 0 0 0 0
193 6 0 0 0 0 0 6 0 0
196 18 0 0 6 0 0 0 0 0
211 7 1 1 4 0 0 0 0 0
fn=_dl_start
49 6 0 0 2 0 0 0 0 0
50 4 0 0 2 0 0 0 0 0
51 1 0 0 1 0 0 0 0 0
53 10 1 1 4 0 0 0 0 0
56 4 0 0 0 0 0 0 0 0
61 13 1 1 0 0 0 0 0 0
63 9 1 1 3 1 1 0 0 0
64 6 0 0 0 0 0 0 0 0
65 3 0 0 3 0 0 0 0 0
fl=./elf/./elf/get-dynamic-info.h
fn=_dl_map_object_from_fd
39 12 0 0 0 0 0 0 0 0
43 6 0 0 0 0 0 0 0 0
45 678 0 0 171 47 47 0 0 0
49 330 0 0 0 0 0 0 0 0
51 88 1 1 0 0 0 0 0 0
52 44 0 0 0 0 0 0 0 0
53 6 0 0 0 0 0 0 0 0
54 158 1 1 0 0 0 0 0 0
55 134 0 0 0 0 0 0 0 0
56 30 1 1 0 0 0 0 0 0
59 24 1 1 0 0 0 0 0 0
62 24 0 0 0 0 0 0 0 0
64 24 0 0 0 0 0 0 0 0
68 165 0 0 0 0 0 165 39 39
72 24 0 0 6 0 0 0 0 0
84 20 1 1 8 0 0 0 0 0
85 24 0 0 12 0 0 0 0 0
86 24 0 0 12 0 0 0 0 0
87 24 0 0 12 0 0 0 0 0
88 20 0 0 8 4 4 0 0 0
89 23 1 1 11 1 1 0 0 0
90 23 0 0 11 1 1 0 0 0
91 24 0 0 12 0 0 0 0 0
103 48 1 1 12 0 0 6 0 0
110 19 0 0 6 0 0 0 0 0
115 10 0 0 5 0 0 0 0 0
122 10 0 0 5 0 0 0 0 0
123 18 1 1 12 0 0 0 0 0
129 18 0 0 6 0 0 0 0 0
130 6 0 0 4 0 0 0 0 0
147 18 0 0 6 0 0 0 0 0
152 6 0 0 3 0 0 3 0 0
154 6 0 0 0 0 0 0 0 0
156 6 0 0 0 0 0 0 0 0
158 6 0 0 0 0 0 0 0 0
159 4 0 0 0 0 0 2 0 0
162 18 1 1 6 0 0 0 0 0
164 9 1 1 3 0 0 3 0 0
165 6 0 0 0 0 0 0 0 0
174 6 0 0 3 0 0 0 0 0
175 9 1 1 0 0 0 0 0 0
180 6 0 0 0 0 0 0 0 0
181 6 0 0 2 0 0 2 0 0
184 12 0 0 6 0 0 0 0 0
fl=./elf/./elf/libc-dl-profstub.c
fn=_dl_mcount_wrapper_check
36 128 1 1 0 0 0 0 0 0
37 384 0 0 256 0 0 0 0 0
38 128 0 0 128 0 0 0 0 0
fl=./elf/./elf/libc_early_init.c
fn=__libc_early_init
33 9 1 1 1 0 0 3 0 0
35 1 1 1 0 0 0 1 0 0
38 2 0 0 1 1 0 1 1 0
41 2 0 0 0 0 0 2 2 1
47 4 0 0 2 0 0 0 0 0
49 2 0 0 2 0 0 0 0 0
fl=./elf/./elf/rtld.c
fn=_dl_start
85 8 0 0 0 0 0 2 1 1
458 2 0 0 0 0 0 1 0 0
476 3 0 0 0 0 0 1 0 0
477 1 0 0 0 0 0 1 0 0
478 2 0 0 1 0 0 1 1 1
488 1 0 0 0 0 0 1 0 0
494 4 1 1 1 0 0 1 0 0
496 2 0 0 1 0 0 0 0 0
517 16 2 2 0 0 0 8 1 1
543 1 0 0 0 0 0 1 1 1
546 2 1 1 0 0 0 1 1 1
547 4 0 0 1 1 1 0 0 0
563 190 5 5 24 5 5 5 1 1
565 1 0 0 1 0 0 0 0 0
578 1 1 1 0 0 0 1 1 1
585 9 1 1 7 1 0 0 0 0
fn=dl_main
85 17 2 2 0 0 0 1 0 0
92 12 1 1 0 0 0 0 0 0
93 2 0 0 0 0 0 1 1 0
101 9 0 0 4 0 0 0 0 0
197 2 0 0 0 0 0 1 0 0
199 1 0 0 0 0 0 1 0 0
224 3 0 0 3 0 0 0 0 0
225 5 0 0 3 0 0 0 0 0
226 4 1 1 0 0 0 0 0 0
296 3 1 1 0 0 0 3 0 0
302 1 0 0 0 0 0 1 0 0
303 1 0 0 0 0 0 1 0 0
837 1 0 0 1 0 0 0 0 0
839 1 0 0 0 0 0 1 0 0
848 1 1 1 0 0 0 1 0 0
850 1 0 0 0 0 0 1 0 0
855 1 0 0 0 0 0 1 0 0
1115 1 0 0 1 0 0 0 0 0
1116 1 1 1 1 0 0 0 0 0
1118 1 0 0 0 0 0 1 0 0
1122 3 0 0 2 1 1 1 1 1
1124 1 0 0 1 0 0 0 0 0
1125 1 0 0 1 0 0 0 0 0
1140 1 0 0 0 0 0 0 0 0
1143 46 4 4 0 0 0 0 0 0
1144 117 1 1 22 6 6 0 0 0
1148 3 1 1 1 0 0 1 0 0
1153 3 0 0 2 0 0 1 0 0
1154 9 1 1 2 0 0 1 0 0
1163 2 0 0 0 0 0 1 0 0
1164 2 0 0 2 1 1 0 0 0
1166 1 0 0 0 0 0 1 0 0
1173 3 1 1 1 0 0 0 0 0
1191 2 0 0 0 0 0 1 0 0
1199 8 0 0 4 0 0 0 0 0
1200 17 0 0 5 1 1 0 0 0
1201 8 0 0 4 0 0 0 0 0
1202 1 0 0 0 0 0 1 0 0
1204 12 0 0 4 0 0 0 0 0
1205 14 0 0 0 0 0 0 0 0
1209 8 0 0 4 3 3 0 0 0
1210 8 0 0 4 0 0 0 0 0
1211 4 0 0 0 0 0 4 0 0
1215 12 0 0 0 0 0 0 0 0
1243 2 1 1 1 0 0 1 1 1
1247 3 0 0 2 1 1 1 0 0
1253 28 0 0 1 0 0 0 0 0
1254 61 0 0 13 0 0 0 0 0
1260 17 0 0 0 0 0 1 0 0
1266 4 0 0 2 1 1 0 0 0
1269 3 1 1 2 0 0 0 0 0
1271 3 0 0 1 0 0 0 0 0
1346 13 2 2 0 0 0 9 1 1
1351 1 0 0 0 0 0 0 0 0
1352 1 0 0 0 0 0 1 0 0
1357 1 0 0 0 0 0 1 1 1
1373 3 0 0 2 0 0 1 0 0
1374 4 1 1 2 0 0 0 0 0
1637 10 1 1 0 0 0 3 0 0
1639 2 0 0 0 0 0 0 0 0
1640 3 1 1 0 0 0 1 0 0
1641 2 0 0 1 0 0 1 0 0
1642 3 0 0 2 0 0 1 0 0
1646 2 0 0 0 0 0 1 0 0
1647 2 0 0 1 0 0 0 0 0
1672 3 1 1 1 0 0 0 0 0
1673 5 0 0 1 0 0 1 0 0
1674 3 0 0 2 0 0 0 0 0
1675 3 0 0 3 0 0 0 0 0
1678 1 0 0 0 0 0 1 0 0
1680 1 1 1 0 0 0 1 1 1
1681 1 0 0 0 0 0 1 0 0
1683 2 0 0 1 0 0 0 0 0
1684 2 0 0 0 0 0 1 0 0
1688 2 0 0 1 0 0 0 0 0
1690 2 1 1 0 0 0 0 0 0
1698 4 0 0 2 0 0 0 0 0
1705 2 1 1 1 0 0 1 0 0
1708 2 1 1 1 0 0 0 0 0
1733 4 1 1 1 0 0 1 0 0
1735 1 0 0 0 0 0 1 0 0
1740 2 0 0 1 0 0 0 0 0
1743 4 1 1 2 0 0 1 0 0
1744 4 0 0 1 0 0 1 0 0
1745 3 1 1 2 0 0 1 0 0
1746 1 0 0 0 0 0 1 0 0
1747 1 0 0 1 0 0 0 0 0
1748 1 0 0 1 0 0 0 0 0
1759 2 0 0 1 1 1 0 0 0
1760 2 0 0 1 0 0 0 0 0
1762 2 1 1 1 0 0 0 0 0
1764 1 0 0 0 0 0 1 0 0
1765 3 0 0 1 0 0 1 0 0
1770 5 1 1 0 0 0 0 0 0
1771 5 0 0 1 1 1 0 0 0
1773 3 2 2 2 1 1 1 1 1
1779 2 0 0 1 1 1 0 0 0
1788 2 1 1 1 0 0 0 0 0
1792 1 0 0 0 0 0 0 0 0
1793 2 0 0 1 0 0 0 0 0
1817 2 1 1 0 0 0 2 0 0
1823 1 0 0 0 0 0 1 0 0
1824 1 0 0 0 0 0 1 0 0
1825 1 0 0 0 0 0 0 0 0
1829 3 0 0 1 0 0 1 0 0
1834 3 1 1 2 0 0 0 0 0
1836 1 0 0 0 0 0 0 0 0
1838 2 0 0 1 0 0 0 0 0
1842 5 1 1 2 0 0 1 0 0
1847 2 0 0 1 0 0 0 0 0
1863 6 1 1 0 0 0 1 0 0
1939 4 0 0 2 0 0 0 0 0
1943 19 2 2 1 0 0 0 0 0
1944 1 0 0 0 0 0 0 0 0
1947 3 0 0 0 0 0 1 0 0
1948 1 1 1 1 0 0 0 0 0
1949 2 0 0 0 0 0 0 0 0
1950 2 0 0 0 0 0 0 0 0
1955 3 0 0 1 0 0 0 0 0
1965 9 1 1 2 0 0 1 0 0
1971 35 1 1 1 0 0 0 0 0
1972 20 0 0 17 0 0 0 0 0
1975 3 0 0 2 0 0 1 0 0
1976 2 1 1 0 0 0 0 0 0
1977 1 0 0 0 0 0 1 0 0
1979 30 0 0 1 0 0 0 0 0
1980 14 0 0 7 0 0 0 0 0
1984 2 1 1 0 0 0 0 0 0
1990 1 1 1 0 0 0 1 0 0
1992 3 0 0 1 0 0 1 0 0
1993 2 0 0 0 0 0 0 0 0
1995 2 0 0 0 0 0 1 0 0
1997 3 0 0 0 0 0 0 0 0
1999 3 1 1 1 1 0 0 0 0
2000 1 0 0 1 0 0 0 0 0
2001 2 0 0 0 0 0 0 0 0
2013 2 0 0 0 0 0 0 0 0
2014 2 0 0 1 0 0 1 0 0
2015 3 0 0 1 0 0 0 0 0
2026 5 0 0 1 0 0 1 0 0
2027 4 0 0 0 0 0 1 0 0
2028 5 1 1 0 0 0 1 0 0
2038 2 0 0 1 0 0 1 0 0
2039 2 0 0 1 0 0 0 0 0
2040 4 1 1 0 0 0 2 0 0
2042 2 0 0 0 0 0 0 0 0
2047 3 0 0 1 1 0 0 0 0
2246 3 0 0 1 0 0 1 0 0
2250 3 0 0 1 1 0 2 1 0
2256 2 1 1 1 0 0 1 1 0
2259 2 0 0 1 0 0 0 0 0
2267 2 0 0 2 0 0 0 0 0
2279 3 1 1 1 0 0 0 0 0
2282 3 0 0 1 0 0 1 0 0
2284 3 0 0 1 0 0 0 0 0
2285 6 0 0 1 1 0 1 0 0
2292 2 0 0 2 1 0 0 0 0
2293 33 0 0 3 2 0 1 0 0
2295 16 1 1 16 4 0 0 0 0
2300 16 0 0 16 9 0 0 0 0
2302 18 0 0 0 0 0 0 0 0
2304 1 1 1 0 0 0 1 1 0
2305 1 0 0 1 0 0 0 0 0
2308 8 0 0 8 1 0 0 0 0
2310 16 0 0 0 0 0 0 0 0
2311 56 0 0 14 8 0 7 0 0
2315 24 1 1 12 5 0 0 0 0
2316 12 0 0 0 0 0 4 0 0
2325 2 0 0 1 0 0 0 0 0
2329 4 0 0 2 1 0 0 0 0
2331 1 0 0 1 1 0 0 0 0
2338 4 1 1 1 0 0 1 0 0
2341 2 0 0 1 1 0 0 0 0
2345 3 1 1 2 1 0 0 0 0
2347 2 0 0 1 0 0 0 0 0
2357 1 1 1 0 0 0 1 0 0
2362 3 0 0 1 0 0 1 0 0
2365 1 0 0 0 0 0 1 0 0
2371 1 0 0 1 0 0 0 0 0
2372 5 1 1 2 0 0 1 0 0
2380 3 0 0 1 0 0 1 0 0
2387 1 0 0 0 0 0 1 0 0
2390 3 0 0 0 0 0 1 0 0
2394 3 0 0 0 0 0 1 0 0
2395 1 0 0 0 0 0 1 1 0
2396 1 0 0 0 0 0 1 0 0
2397 1 0 0 0 0 0 0 0 0
2401 1 0 0 0 0 0 1 0 0
2406 8 0 0 7 1 0 0 0 0
2538 1 0 0 1 0 0 0 0 0
2598 1 0 0 0 0 0 1 1 1
2600 2 0 0 0 0 0 0 0 0
2602 15 1 1 0 0 0 3 0 0
2604 2 0 0 0 0 0 0 0 0
2606 107 0 0 21 0 0 0 0 0
2607 19 0 0 0 0 0 0 0 0
2615 13 1 1 2 2 2 0 0 0
2640 2 1 1 1 0 0 0 0 0
2650 4 1 1 2 0 0 0 0 0
2652 2 0 0 0 0 0 1 0 0
2653 1 0 0 0 0 0 0 0 0
2687 5 2 2 2 0 0 0 0 0
2689 2 0 0 0 0 0 1 0 0
2690 2 0 0 0 0 0 1 0 0
2691 1 0 0 0 0 0 0 0 0
2727 5 0 0 1 0 0 0 0 0
2749 3 0 0 1 0 0 0 0 0
fn=handle_preload_list
183 3 0 0 1 0 0 0 0 0
806 1 0 0 0 0 0 1 1 1
810 2 0 0 0 0 0 1 0 0
811 2 0 0 1 0 0 1 0 0
812 1 0 0 0 0 0 1 0 0
814 1 0 0 1 0 0 0 0 0
816 6 1 1 0 0 0 1 0 0
817 3 0 0 1 0 0 0 0 0
825 3 0 0 1 0 0 0 0 0
869 13 2 2 1 1 1 8 1 1
870 3 0 0 0 0 0 0 0 0
874 5 0 0 2 0 0 0 0 0
877 4 1 1 0 0 0 1 0 0
878 3 0 0 0 0 0 0 0 0
880 4 1 1 0 0 0 1 0 0
881 2 0 0 0 0 0 1 0 0
887 1 0 0 0 0 0 0 0 0
889 2 0 0 1 0 0 0 0 0
891 2 1 1 1 0 0 0 0 0
892 1 0 0 0 0 0 0 0 0
895 9 0 0 7 0 0 0 0 0
fn=init_tls
734 4 1 1 0 0 0 3 0 0
736 2 0 0 1 1 0 1 0 0
740 3 0 0 1 1 0 0 0 0
746 2 0 0 0 0 0 1 1 1
749 1 0 0 0 0 0 1 0 0
750 1 0 0 0 0 0 0 0 0
751 1 0 0 0 0 0 0 0 0
755 1 0 0 0 0 0 0 0 0
757 1 0 0 0 0 0 1 0 0
761 2 1 1 1 1 1 0 0 0
762 2 0 0 0 0 0 0 0 0
763 20 0 0 1 0 0 0 0 0
764 8 1 1 8 0 0 0 0 0
765 16 1 1 8 8 0 0 0 0
769 12 0 0 0 0 0 4 1 1
771 4 0 0 0 0 0 0 0 0
773 3 0 0 1 0 0 0 0 0
776 2 0 0 0 0 0 1 0 0
779 1 0 0 0 0 0 1 0 0
786 2 1 1 0 0 0 1 0 0
787 2 0 0 0 0 0 0 0 0
793 2 0 0 1 0 0 1 0 0
797 1 0 0 0 0 0 1 0 0
800 5 0 0 4 0 0 0 0 0
fn=map_doit
641 6 1 1 0 0 0 2 0 0
643 4 0 0 1 0 0 0 0 0
644 6 0 0 2 0 0 2 0 0
646 3 0 0 3 0 0 0 0 0
fn=version_check_doit
674 6 2 2 0 0 0 2 0 0
676 6 0 0 2 0 0 1 0 0
680 3 0 0 3 0 0 0 0 0
fl=./elf/./get-dynamic-info.h
fn=_dl_start
45 75 0 0 19 5 5 0 0 0
49 36 0 0 0 0 0 0 0 0
51 10 0 0 0 0 0 0 0 0
52 5 1 1 0 0 0 0 0 0
54 20 0 0 0 0 0 0 0 0
55 16 0 0 0 0 0 0 0 0
56 5 0 0 0 0 0 0 0 0
59 4 1 1 0 0 0 0 0 0
62 4 1 1 0 0 0 0 0 0
64 4 0 0 0 0 0 0 0 0
68 18 0 0 0 0 0 18 7 7
72 3 0 0 0 0 0 0 0 0
84 4 0 0 2 0 0 0 0 0
85 3 0 0 1 0 0 0 0 0
86 4 1 1 2 0 0 0 0 0
87 4 0 0 2 0 0 0 0 0
88 5 0 0 2 0 0 0 0 0
89 3 1 1 1 0 0 0 0 0
90 4 0 0 2 0 0 0 0 0
91 4 0 0 2 0 0 0 0 0
103 10 2 2 2 0 0 1 0 0
110 3 0 0 1 1 1 0 0 0
123 3 2 2 2 0 0 0 0 0
129 3 0 0 1 0 0 0 0 0
130 3 0 0 2 0 0 0 0 0
133 2 0 0 1 0 0 0 0 0
134 3 0 0 1 0 0 0 0 0
139 5 1 1 2 0 0 0 0 0
142 5 0 0 2 0 0 0 0 0
fn=dl_main
39 4 0 0 2 0 0 0 0 0
43 1 0 0 0 0 0 0 0 0
45 123 0 0 31 9 9 0 0 0
49 60 1 1 0 0 0 0 0 0
51 12 0 0 0 0 0 0 0 0
52 6 0 0 0 0 0 0 0 0
54 25 0 0 0 0 0 0 0 0
55 21 0 0 0 0 0 0 0 0
56 5 1 1 0 0 0 0 0 0
59 4 0 0 0 0 0 0 0 0
62 4 1 1 0 0 0 0 0 0
64 4 0 0 0 0 0 0 0 0
68 30 0 0 0 0 0 30 8 8
72 7 1 1 4 0 0 0 0 0
84 3 0 0 1 0 0 0 0 0
85 5 1 1 3 0 0 0 0 0
86 5 0 0 3 0 0 0 0 0
87 5 0 0 3 0 0 0 0 0
88 4 0 0 2 0 0 0 0 0
89 5 1 1 3 0 0 0 0 0
90 5 0 0 3 0 0 0 0 0
91 5 1 1 3 0 0 0 0 0
103 9 0 0 3 0 0 1 0 0
110 3 0 0 1 0 0 0 0 0
115 2 1 1 1 0 0 0 0 0
122 3 0 0 2 0 0 0 0 0
123 4 1 1 3 0 0 0 0 0
129 3 0 0 1 0 0 0 0 0
147 4 0 0 2 0 0 0 0 0
152 2 1 1 1 0 0 1 1 1
154 2 0 0 0 0 0 0 0 0
156 2 0 0 0 0 0 0 0 0
158 2 0 0 0 0 0 0 0 0
159 2 0 0 1 0 0 1 0 0
162 4 1 1 2 0 0 0 0 0
164 3 0 0 1 0 0 1 0 0
165 2 0 0 0 0 0 0 0 0
174 2 0 0 1 0 0 0 0 0
175 3 1 1 0 0 0 0 0 0
180 2 0 0 0 0 0 0 0 0
181 3 1 1 2 0 0 1 0 0
184 3 0 0 2 0 0 0 0 0
fl=./elf/./setup-vdso.h
fn=dl_main
24 2 0 0 1 0 0 0 0 0
fl=./iconv/./iconv/gconv_simple.c
fn=__gconv_btwoc_ascii
49 128 1 1 0 0 0 0 0 0
51 512 0 0 0 0 0 0 0 0
54 128 0 0 128 0 0 0 0 0
fl=./io/../sysdeps/unix/sysv/linux/access.c
fn=access
25 1 0 0 0 0 0 0 0 0
27 7 0 0 0 0 0 1 0 0
31 1 0 0 1 0 0 0 0 0
fl=./io/../sysdeps/unix/sysv/linux/close_nocancel.c
fn=__GI___close_nocancel
25 7 1 1 0 0 0 0 0 0
26 28 0 0 0 0 0 0 0 0
27 7 0 0 7 0 0 0 0 0
fn=__close_nocancel
25 3 3 1 0 0 0 0 0 0
26 12 3 1 0 0 0 0 0 0
27 3 0 0 3 0 0 0 0 0
fl=./io/../sysdeps/unix/sysv/linux/fstat64.c
fn=fstat
30 9 3 2 0 0 0 0 0 0
39 36 3 2 0 0 0 0 0 0
72 9 0 0 9 0 0 0 0 0
fl=./io/../sysdeps/unix/sysv/linux/fstatat64.c
fn=fstatat
91 6 0 0 0 0 0 0 0 0
146 6 0 0 0 0 0 0 0 0
160 4 1 1 0 0 0 2 0 0
161 11 0 0 2 0 0 0 0 0
162 1 0 0 1 0 0 0 0 0
fl=./io/../sysdeps/unix/sysv/linux/open64.c
fn=open
30 36 2 1 3 0 0 15 1 0
33 17 1 1 0 0 0 0 0 0
36 5 1 0 0 0 0 3 0 0
37 1 0 0 1 0 0 0 0 0
41 41 3 2 6 1 0 5 2 0
43 24 2 1 18 0 0 0 0 0
fl=./io/../sysdeps/unix/sysv/linux/open64_nocancel.c
fn=__open_nocancel
28 64 3 3 1 0 0 31 2 2
31 105 0 0 0 0 0 0 0 0
39 126 1 1 0 0 0 7 0 0
41 33 0 0 32 0 0 0 0 0
fl=./io/../sysdeps/unix/sysv/linux/pread64_nocancel.c
fn=__pread64_nocancel
25 4 0 0 0 0 0 0 0 0
26 8 0 0 0 0 0 0 0 0
27 2 0 0 2 0 0 0 0 0
fl=./io/../sysdeps/unix/sysv/linux/read.c
fn=read
25 2 1 1 0 0 0 0 0 0
26 12 0 0 2 0 0 0 0 0
27 2 0 0 2 0 0 0 0 0
fl=./io/../sysdeps/unix/sysv/linux/read_nocancel.c
fn=__read_nocancel
25 7 2 2 0 0 0 0 0 0
26 28 0 0 0 0 0 0 0 0
27 7 0 0 7 0 0 0 0 0
fl=./io/../sysdeps/unix/sysv/linux/stat64.c
fn=stat
28 6 0 0 0 0 0 0 0 0
29 12 0 0 0 0 0 0 0 0
fl=./io/../sysdeps/unix/sysv/linux/write.c
fn=write
25 6364 2 2 0 0 0 3632 37 0
26 13668 0 0 4548 4 0 2724 72 0
27 1824 0 0 1824 0 0 0 0 0
fl=./libio/../include/printf_buffer.h
fn=__vsnprintf_internal
124 63 0 0 0 0 0 21 21 21
127 21 0 0 0 0 0 21 0 0
128 21 0 0 0 0 0 21 0 0
137 42 0 0 0 0 0 21 0 0
fl=./libio/../include/sys/sysmacros.h
fn=_IO_file_doallocate
47 6 0 0 0 0 0 0 0 0
fl=./libio/./libio/filedoalloc.c
fn=_IO_file_doallocate
78 22 4 2 2 0 0 10 1 0
84 18 2 1 6 3 0 2 1 0
86 8 0 0 2 0 0 0 0 0
89 2 1 1 0 0 0 0 0 0
91 2 1 1 1 0 0 0 0 0
94 2 0 0 1 0 0 0 0 0
97 8 0 0 2 1 0 0 0 0
101 6 0 0 0 0 0 2 0 0
102 4 0 0 0 0 0 0 0 0
104 8 2 1 0 0 0 2 0 0
105 2 0 0 0 0 0 0 0 0
106 18 0 0 14 0 0 0 0 0
fl=./libio/./libio/fileno.c
fn=fileno
32 2 1 1 0 0 0 0 0 0
35 10 0 0 4 0 0 0 0 0
42 2 0 0 2 0 0 0 0 0
fl=./libio/./libio/fileops.c
fn=_IO_do_write@@GLIBC_2.2.5
424 6671 1 1 0 0 0 3138 65 0
426 4846 0 0 0 0 0 0 0 0
427 4579 0 0 4056 0 0 0 0 0
434 1046 1 1 523 0 0 0 0 0
441 2092 0 0 1046 0 0 0 0 0
444 523 0 0 523 0 0 0 0 0
449 2615 0 0 523 0 0 523 36 0
450 2615 1 1 523 0 0 0 0 0
452 1569 0 0 523 0 0 1046 0 0
453 1046 0 0 0 0 0 523 0 0
454 523 0 0 0 0 0 523 0 0
455 1568 1 1 523 0 0 0 0 0
456 2614 0 0 1045 0 0 0 0 0
fn=_IO_file_close
1165 2 1 1 0 0 0 0 0 0
1168 4 0 0 2 0 0 0 0 0
fn=_IO_file_close_it@@GLIBC_2.2.5
128 14 1 1 0 0 0 8 0 0
130 6 0 0 2 0 0 0 0 0
133 4 1 1 0 0 0 0 0 0
134 6 0 0 2 0 0 0 0 0
135 9 1 1 3 0 0 1 0 0
137 2 0 0 0 0 0 0 0 0
139 4 0 0 0 0 0 2 0 0
142 14 1 1 6 0 0 2 0 0
145 6 0 0 2 0 0 0 0 0
153 10 1 1 0 0 0 2 0 0
154 8 0 0 0 0 0 6 0 0
157 4 0 0 0 0 0 2 0 0
158 2 0 0 0 0 0 2 0 0
159 2 0 0 0 0 0 2 0 0
160 2 0 0 0 0 0 2 0 0
162 4 1 1 0 0 0 0 0 0
163 14 0 0 10 0 0 0 0 0
fn=_IO_file_finish@@GLIBC_2.2.5
168 12 2 1 0 0 0 6 0 0
169 4 0 0 2 0 0 0 0 0
175 6 2 1 0 0 0 0 0 0
176 6 0 0 6 0 0 0 0 0
fn=_IO_file_fopen@@GLIBC_2.2.5
213 36 2 1 3 0 0 21 0 0
214 2 1 1 0 0 0 0 0 0
222 6 0 0 3 0 0 0 0 0
223 1 0 0 0 0 0 0 0 0
224 24 3 1 3 2 1 0 0 0
227 2 0 0 0 0 0 0 0 0
228 4 0 0 0 0 0 0 0 0
247 36 4 2 3 0 0 0 0 0
281 15 2 1 0 0 0 3 0 0
284 6 0 0 0 0 0 0 0 0
287 8 0 0 0 0 0 2 0 0
288 4 0 0 0 0 0 0 0 0
357 36 1 1 27 0 0 0 0 0
fn=_IO_file_open
182 36 2 1 0 0 0 12 0 0
184 6 2 1 3 0 0 0 0 0
185 3 0 0 0 0 0 0 0 0
188 6 0 0 0 0 0 3 1 0
189 6 0 0 0 0 0 0 0 0
190 2 1 1 0 0 0 0 0 0
191 2 0 0 0 0 0 2 0 0
192 12 0 0 2 0 0 2 0 0
195 6 0 0 0 0 0 0 0 0
205 4 1 0 0 0 0 2 0 0
206 2 0 0 0 0 0 0 0 0
207 18 2 1 15 0 0 0 0 0
fn=_IO_file_overflow@@GLIBC_2.2.5
732 7432 2 2 0 0 0 3716 21 0
733 3716 0 0 929 0 0 0 0 0
740 4639 0 0 929 0 0 0 0 0
743 6 1 1 0 0 0 0 0 0
745 6 2 1 0 0 0 3 0 0
746 18 0 0 3 0 0 6 0 0
755 9 1 1 3 0 0 0 0 0
764 9 0 0 3 0 0 0 0 0
765 3 0 0 0 0 0 0 0 0
766 3 0 0 0 0 0 3 0 0
767 3 0 0 0 0 0 3 0 0
768 3 0 0 0 0 0 3 0 0
769 9 0 0 3 0 0 6 0 0
771 9 0 0 0 0 0 3 0 0
772 15 1 1 3 0 0 0 0 0
773 4 0 0 0 0 0 2 0 0
775 1858 1 1 0 0 0 0 0 0
776 874 0 0 0 0 0 0 0 0
777 1363 0 0 926 0 0 0 0 0
778 984 0 0 492 0 0 0 0 0
779 3832 1 1 479 0 0 479 0 0
781 2434 0 0 479 0 0 984 0 0
782 1476 0 0 492 0 0 0 0 0
783 1968 0 0 0 0 0 0 0 0
787 492 0 0 0 0 0 0 0 0
788 5137 0 0 4208 0 0 0 0 0
fn=_IO_file_setbuf@@GLIBC_2.2.5
382 6 1 1 0 0 0 2 0 0
383 3 0 0 0 0 0 1 0 0
386 1 0 0 1 0 0 0 0 0
388 3 0 0 0 0 0 3 0 0
390 2 0 0 0 0 0 0 0 0
391 3 0 0 3 0 0 0 0 0
fn=_IO_file_stat
1147 2 1 1 0 0 0 0 0 0
1148 4 0 0 2 0 0 0 0 0
fn=_IO_file_sync@@GLIBC_2.2.5
793 189 1 1 0 0 0 81 0 0
798 108 0 0 54 0 0 0 0 0
799 7 2 1 1 0 0 1 0 0
800 27 2 1 27 0 0 0 0 0
801 54 0 0 27 0 0 0 0 0
812 54 1 1 0 0 0 27 0 0
816 135 0 0 108 0 0 0 0 0
fn=_IO_file_write@@GLIBC_2.2.5
1174 7328 1 1 0 0 0 4580 98 0
1175 1832 0 0 0 0 0 0 0 0
1176 5496 0 0 0 0 0 0 0 0
1180 2748 1 1 916 1 0 0 0 0
1181 2748 0 0 916 0 0 916 0 0
1182 1832 0 0 0 0 0 0 0 0
1187 916 0 0 0 0 0 0 0 0
1188 916 0 0 0 0 0 0 0 0
1190 2748 0 0 0 0 0 0 0 0
1191 2748 0 0 916 0 0 0 0 0
1194 5496 0 0 5496 0 0 0 0 0
fn=_IO_file_xsputn@@GLIBC_2.2.5
434 786 0 0 393 0 0 0 0 0
441 1572 0 0 786 0 0 0 0 0
444 393 0 0 393 0 0 0 0 0
446 786 0 0 0 0 0 0 0 0
449 2358 0 0 393 2 0 786 0 0
450 2358 0 0 786 0 0 0 0 0
452 1179 0 0 393 0 0 786 0 0
453 786 0 0 0 0 0 393 0 0
454 393 0 0 0 0 0 393 0 0
455 786 1 1 393 0 0 0 0 0
456 1572 2 1 393 0 0 0 0 0
1198 3942 1 1 0 0 0 2628 62 0
1200 437 1 1 0 0 0 0 0 0
1204 1752 1 1 0 0 0 0 0 0
1205 438 0 0 0 0 0 0 0 0
1211 1752 0 0 438 1 0 0 0 0
1213 878 0 0 439 2 1 0 0 0
1214 2 0 0 0 0 0 0 0 0
1217 6 0 0 0 0 0 0 0 0
1219 3 0 0 1 0 0 0 0 0
1228 1311 0 0 437 0 0 0 0 0
1229 1 0 0 0 0 0 0 0 0
1234 2 0 0 0 0 0 0 0 0
1236 5 0 0 0 0 0 3 0 0
1237 1 0 0 0 0 0 0 0 0
1238 3 0 0 1 0 0 0 0 0
1240 2 0 0 0 0 0 0 0 0
1244 2622 0 0 874 0 0 437 41 0
1250 874 0 0 874 0 0 0 0 0
1251 1399 3 2 0 0 0 0 0 0
1253 918 1 1 0 0 0 0 0 0
1256 786 0 0 0 0 0 0 0 0
1257 786 0 0 0 0 0 0 0 0
1264 874 0 0 0 0 0 0 0 0
1265 176 0 0 0 0 0 44 0 0
1267 132 0 0 0 0 0 0 0 0
1268 3942 1 1 3066 0 0 0 0 0
fn=_IO_new_file_init_internal
106 18 2 1 0 0 0 6 0 0
110 3 0 0 0 0 0 3 0 0
111 3 0 0 3 0 0 0 0 0
113 3 0 0 0 0 0 3 0 0
114 3 0 0 0 0 0 3 0 0
115 9 0 0 9 0 0 0 0 0
fl=./libio/./libio/genops.c
fn=_IO_cleanup
776 6 0 0 0 0 0 3 0 0
777 17 2 2 7 0 0 1 0 0
780 12 2 2 4 0 0 0 0 0
784 3 0 0 0 0 0 3 0 0
785 54 1 1 21 0 0 3 0 0
792 9 0 0 3 0 0 0 0 0
794 6 0 0 2 0 0 0 0 0
796 4 1 1 1 0 0 0 0 0
798 2 0 0 0 0 0 1 0 0
800 3 0 0 2 0 0 1 0 0
801 1 0 0 0 0 0 1 0 0
805 5 0 0 2 0 0 1 0 0
807 3 0 0 1 0 0 0 0 0
814 3 1 1 0 0 0 3 0 0
816 34 1 1 13 0 0 3 0 0
817 3 0 0 0 0 0 3 0 0
821 9 1 1 4 0 0 1 0 0
822 2 0 0 0 0 0 1 0 0
842 12 2 2 1 0 0 7 0 0
843 2 0 0 0 0 0 1 0 0
855 12 1 1 9 0 0 0 0 0
fn=_IO_default_finish
54 4 0 0 2 0 0 0 0 0
601 12 1 1 0 0 0 4 0 0
603 6 0 0 2 0 0 0 0 0
609 6 0 0 2 0 0 0 0 0
612 6 1 1 2 0 0 0 0 0
624 6 0 0 6 0 0 0 0 0
fn=_IO_default_setbuf
330 5 0 0 1 0 0 0 0 0
332 1 0 0 0 0 0 1 0 0
333 1 0 0 0 0 0 1 0 0
337 2 0 0 0 0 0 1 0 0
452 10 1 1 0 0 0 5 0 0
453 5 1 1 2 0 0 1 0 0
455 4 0 0 0 0 0 0 0 0
457 3 1 1 1 0 0 1 0 0
458 2 1 1 0 0 0 0 0 0
462 1 0 0 0 0 0 0 0 0
466 4 0 0 0 0 0 3 0 0
467 1 0 0 0 0 0 0 0 0
468 6 0 0 6 0 0 0 0 0
fn=_IO_default_xsputn
371 484 1 1 0 0 0 308 0 0
373 88 0 0 0 0 0 0 0 0
374 176 0 0 0 0 0 0 0 0
375 44 1 1 44 0 0 0 0 0
379 228 2 1 114 0 0 0 0 0
381 43 0 0 0 0 0 0 0 0
382 86 0 0 0 0 0 0 0 0
384 86 0 0 0 0 0 0 0 0
389 202 0 0 0 0 0 0 0 0
393 781 1 1 0 0 0 0 0 0
394 516 2 2 228 0 0 228 1 1
395 232 1 1 0 0 0 43 0 0
397 43 0 0 0 0 0 0 0 0
399 218 1 1 39 2 2 13 0 0
401 13 0 0 0 0 0 0 0 0
404 352 0 0 308 0 0 0 0 0
fn=_IO_doallocbuf
330 1 0 0 0 0 0 0 0 0
332 1 0 0 0 0 0 1 0 0
333 1 0 0 0 0 0 1 0 0
337 2 0 0 0 0 0 1 0 0
343 24 2 1 0 0 0 12 1 0
344 6 0 0 3 0 0 0 0 0
346 12 0 0 4 0 0 0 0 0
347 10 2 1 4 0 0 2 0 0
349 2 1 1 0 0 0 0 0 0
350 18 1 0 15 0 0 0 0 0
fn=_IO_enable_locks
518 1 1 1 0 0 0 0 0 0
521 3 0 0 1 0 0 0 0 0
523 1 0 0 0 0 0 1 0 0
524 9 0 0 0 0 0 0 0 0
525 3 0 0 3 2 0 0 0 0
526 1 0 0 1 0 0 0 0 0
1044 1 0 0 1 0 0 0 0 0
1058 3 0 0 3 0 0 0 0 0
fn=_IO_flush_all
686 12 1 1 1 0 0 7 0 0
687 1 0 0 0 0 0 0 0 0
691 6 1 1 0 0 0 3 0 0
692 14 1 1 4 0 0 1 0 0
695 12 0 0 4 0 0 0 0 0
697 3 1 1 0 0 0 3 0 0
698 51 1 1 21 2 0 3 0 0
700 21 1 1 9 2 1 0 0 0
708 36 3 3 18 0 0 3 0 0
709 3 0 0 0 0 0 3 0 0
713 9 1 1 4 0 0 1 0 0
714 2 1 1 0 0 0 1 0 0
718 12 0 0 9 0 0 0 0 0
fn=_IO_link_in
87 35 2 1 0 0 0 20 0 0
88 25 0 0 10 1 0 5 0 0
90 6 2 1 0 0 0 3 0 0
92 21 0 0 0 0 0 9 1 0
93 32 3 2 10 0 0 5 0 0
94 3 1 1 0 0 0 3 0 0
95 36 4 3 15 0 0 5 0 0
97 6 1 1 3 1 0 3 0 0
98 3 0 0 0 0 0 3 0 0
100 23 1 1 7 0 0 5 0 0
101 3 0 0 0 0 0 3 0 0
102 23 2 1 6 0 0 5 0 0
103 6 1 1 0 0 0 3 0 0
106 48 0 0 35 0 0 0 0 0
fn=_IO_no_init
563 33 2 1 0 0 0 15 0 0
564 3 0 0 0 0 0 3 0 0
565 3 1 1 0 0 0 3 0 0
566 6 0 0 0 0 0 0 0 0
568 3 0 0 0 0 0 3 0 0
572 18 0 0 0 0 0 15 2 1
579 3 0 0 0 0 0 3 2 1
581 3 0 0 0 0 0 3 1 0
587 3 1 1 0 0 0 3 0 0
588 18 0 0 18 0 0 0 0 0
fn=_IO_old_init
531 3 1 1 0 0 0 0 0 0
532 6 0 0 0 0 0 3 1 1
534 18 1 1 3 2 1 3 0 0
539 21 0 0 0 0 0 18 0 0
544 3 0 0 0 0 0 3 2 1
550 6 0 0 0 0 0 3 0 0
555 9 0 0 3 0 0 0 0 0
556 6 0 0 0 0 0 6 2 1
558 3 0 0 3 0 0 0 0 0
fn=_IO_setb
329 44 3 2 0 0 0 20 0 0
330 18 0 0 8 0 0 0 0 0
331 1 0 0 0 0 0 1 0 0
332 4 0 0 0 0 0 4 0 0
333 4 0 0 0 0 0 4 0 0
335 26 0 0 1 0 0 4 0 0
338 24 0 0 24 0 0 0 0 0
fn=_IO_un_link
53 5 2 1 0 0 0 0 0 0
54 10 0 0 5 0 0 0 0 0
82 5 0 0 2 0 0 0 0 0
fn=_IO_unsave_markers
937 12 1 1 0 0 0 4 0 0
939 4 0 0 2 0 0 0 0 0
944 6 0 0 2 0 0 0 0 0
946 6 1 1 6 0 0 0 0 0
fn=__GI__IO_un_link.part.0
52 30 2 1 3 0 0 15 0 0
58 18 2 1 0 0 0 9 0 0
59 34 3 2 10 1 0 5 0 0
60 3 0 0 0 0 0 3 0 0
61 46 3 1 15 2 0 5 0 0
63 9 1 1 3 1 0 0 0 0
65 6 2 1 0 0 0 0 0 0
66 9 1 0 3 0 0 3 0 0
74 7 0 0 1 0 0 3 0 0
76 35 4 3 9 0 0 5 0 0
77 3 1 1 0 0 0 3 0 0
78 23 1 0 6 0 0 5 0 0
79 6 1 1 0 0 0 3 0 0
82 27 0 0 21 0 0 0 0 0
fn=__overflow
199 2395 1 1 0 0 0 958 57 0
201 1437 0 0 479 0 0 0 0 0
203 1437 1 1 958 3 0 0 0 0
204 958 0 0 958 0 0 0 0 0
fl=./libio/./libio/iofclose.c
fn=fclose@@GLIBC_2.2.5
34 16 2 1 0 0 0 8 0 0
48 6 0 0 2 0 0 0 0 0
49 2 2 1 0 0 0 2 0 0
51 31 3 1 12 0 0 3 0 0
52 5 1 1 1 0 0 0 0 0
53 6 0 0 0 0 0 2 0 0
57 8 2 1 4 0 0 2 0 0
58 6 0 0 2 0 0 0 0 0
71 4 0 0 2 0 0 0 0 0
76 14 0 0 10 0 0 0 0 0
fl=./libio/./libio/iofflush.c
fn=fflush
32 156 5 2 0 0 0 78 0 0
33 52 0 0 0 0 0 0 0 0
39 372 5 4 150 7 1 42 0 0
40 130 0 0 52 4 0 26 0 0
44 130 0 0 104 0 0 0 0 0
fl=./libio/./libio/iofopen.c
fn=fopen@@GLIBC_2.2.5
37 4 0 0 2 0 0 0 0 0
65 6 0 0 0 0 0 3 0 0
67 9 1 1 0 0 0 0 0 0
68 1 0 0 0 0 0 0 0 0
70 6 0 0 0 0 0 3 2 1
72 21 0 0 0 0 0 3 0 0
73 6 0 0 0 0 0 3 0 0
74 6 1 1 0 0 0 3 0 0
75 21 0 0 0 0 0 3 0 0
78 2 1 1 0 0 0 1 0 0
79 2 1 1 0 0 0 1 0 0
85 27 2 1 0 0 0 15 0 0
87 21 1 0 18 0 0 0 0 0
fl=./libio/./libio/iofwrite.c
fn=fwrite
31 90 1 1 0 0 0 60 0 0
32 20 0 0 0 0 0 0 0 0
35 60 0 0 0 0 0 0 0 0
37 140 2 2 60 3 0 30 0 0
38 48 1 1 10 2 0 2 0 0
39 70 0 0 30 2 0 20 0 0
45 40 0 0 0 0 0 0 0 0
46 10 0 0 0 0 0 0 0 0
49 90 0 0 70 0 0 0 0 0
fl=./libio/./libio/libioP.h
fn=_IO_cleanup
1025 3 0 0 0 0 0 0 0 0
1026 2 0 0 0 0 0 0 0 0
fn=_IO_default_setbuf
1025 3 0 0 0 0 0 0 0 0
1026 2 0 0 0 0 0 0 0 0
fn=_IO_default_xsputn
1025 70 0 0 0 0 0 0 0 0
1026 26 0 0 0 0 0 0 0 0
fn=_IO_do_write@@GLIBC_2.2.5
1025 1569 1 1 0 0 0 0 0 0
1026 1046 0 0 0 0 0 0 0 0
fn=_IO_doallocbuf
1025 6 0 0 0 0 0 0 0 0
1026 4 0 0 0 0 0 0 0 0
fn=_IO_file_close_it@@GLIBC_2.2.5
1025 6 0 0 0 0 0 0 0 0
1026 4 0 0 0 0 0 0 0 0
fn=_IO_file_doallocate
1025 6 0 0 0 0 0 0 0 0
1026 4 0 0 0 0 0 0 0 0
fn=_IO_file_xsputn@@GLIBC_2.2.5
1025 2097 1 1 0 0 0 0 0 0
1026 1660 1 1 0 0 0 0 0 0
fn=_IO_flush_all
1025 2 0 0 0 0 0 0 0 0
fn=__overflow
1025 1437 0 0 0 0 0 0 0 0
1026 958 0 0 0 0 0 0 0 0
fn=fclose@@GLIBC_2.2.5
951 8 2 1 4 4 0 0 0 0
952 8 0 0 2 2 0 0 0 0
958 4 0 0 0 0 0 2 0 0
979 8 0 0 2 0 0 0 0 0
980 19 1 1 8 0 0 3 0 0
1025 6 0 0 0 0 0 0 0 0
1026 4 0 0 0 0 0 0 0 0
fn=fflush
979 52 0 0 26 0 0 0 0 0
980 228 0 0 98 0 0 42 0 0
1025 78 0 0 0 0 0 0 0 0
1026 52 0 0 0 0 0 0 0 0
fn=fwrite
979 20 0 0 10 0 0 0 0 0
980 90 2 2 30 0 0 20 0 0
1025 20 0 0 0 0 0 0 0 0
1026 20 1 1 0 0 0 0 0 0
fl=./libio/./libio/vsnprintf.c
fn=__vsnprintf_internal
63 42 0 0 0 0 0 0 0 0
66 21 0 0 0 0 0 21 0 0
75 63 0 0 42 0 0 0 0 0
76 21 0 0 0 0 0 21 0 0
87 42 0 0 0 0 0 21 0 0
93 273 2 2 21 0 0 63 21 21
96 63 1 1 0 0 0 21 21 21
98 126 0 0 105 0 0 0 0 0
fl=./libio/./libio/vtables.c
fn=check_stdfiles_vtables
545 1 1 1 0 0 0 0 0 0
546 4 0 0 2 2 0 0 0 0
547 3 1 1 2 1 0 0 0 0
548 3 0 0 2 1 0 0 0 0
550 1 0 0 1 0 0 0 0 0
fl=./locale/./locale/newlocale.c
fn=newlocale
43 15 2 2 1 0 0 8 0 0
55 2 0 0 0 0 0 0 0 0
56 1 0 0 0 0 0 1 0 0
63 2 1 1 0 0 0 0 0 0
66 3 0 0 0 0 0 0 0 0
73 4 2 2 2 0 0 0 0 0
75 1 0 0 0 0 0 0 0 0
277 12 1 1 9 0 0 0 0 0
fl=./locale/./locale/uselocale.c
fn=uselocale
30 2 1 1 0 0 0 0 0 0
31 6 1 1 4 2 0 0 0 0
33 4 0 0 0 0 0 0 0 0
36 4 0 0 0 0 0 0 0 0
37 2 0 0 0 0 0 2 0 0
65 6 0 0 4 2 0 2 0 0
66 6 0 0 4 0 0 2 0 0
68 6 1 1 4 1 0 2 0 0
72 6 0 0 0 0 0 0 0 0
73 2 0 0 2 0 0 0 0 0
fl=./malloc/../string/bits/string_fortified.h
fn=calloc
59 66 0 0 0 0 0 0 0 0
fn=tcache_init.part.0
59 88 1 1 0 0 0 81 9 9
fl=./malloc/../sysdeps/unix/sysv/linux/not-cancel.h
fn=ptmalloc_init.part.0
97 6 1 1 0 0 0 0 0 0
fl=./malloc/./malloc/arena.c
fn=_mid_memalign.isra.0
153 2 0 0 0 0 0 0 0 0
fn=calloc
153 44 0 0 0 0 0 0 0 0
fn=free
153 141 0 0 0 0 0 0 0 0
fn=malloc
153 37 0 0 0 0 0 0 0 0
264 1 1 1 0 0 0 1 0 0
fn=ptmalloc_init.part.0
262 8 1 1 1 0 0 4 0 0
267 1 0 0 0 0 0 1 0 0
292 2 1 1 1 0 0 0 0 0
296 3 0 0 1 1 0 1 0 0
300 4 0 0 0 0 0 1 0 0
301 4 1 1 0 0 0 1 0 0
302 4 0 0 0 0 0 1 0 0
303 4 0 0 0 0 0 1 0 0
304 4 1 1 0 0 0 1 0 0
305 4 0 0 0 0 0 1 0 0
306 4 0 0 0 0 0 1 0 0
308 4 1 1 0 0 0 1 0 0
309 4 0 0 0 0 0 1 0 0
310 4 0 0 0 0 0 1 0 0
313 4 0 0 0 0 0 1 0 0
314 4 1 1 0 0 0 1 0 0
316 2 0 0 1 1 1 0 0 0
326 8 0 0 6 0 0 0 0 0
fl=./malloc/./malloc/malloc.c
fn=_int_free
1792 2 1 0 2 1 0 0 0 0
3163 90 2 1 45 0 0 45 0 0
3165 180 0 0 45 6 0 45 0 0
3166 45 0 0 0 0 0 45 0 0
3167 90 0 0 0 0 0 45 0 0
4495 329 2 1 0 0 0 188 0 0
4499 141 2 1 47 0 0 0 0 0
4505 188 0 0 0 0 0 0 0 0
4506 94 0 0 0 0 0 0 0 0
4510 235 0 0 0 0 0 0 0 0
4517 94 0 0 0 0 0 0 0 0
4518 282 2 1 141 1 0 0 0 0
4521 45 0 0 0 0 0 0 0 0
4527 135 0 0 90 2 1 0 0 0
4547 225 1 1 90 3 0 0 0 0
4550 45 0 0 0 0 0 0 0 0
4561 4 0 0 0 0 0 0 0 0
4637 4 1 0 2 0 0 0 0 0
4640 4 0 0 2 0 0 0 0 0
4643 4 2 1 0 0 0 0 0 0
4644 4 1 1 1 1 0 0 0 0
4646 4 0 0 0 0 0 1 0 0
4649 4 1 1 2 0 0 0 0 0
4658 281 1 1 234 0 0 0 0 0
fn=_int_free_maybe_consolidate
4770 44 2 1 4 0 0 28 1 0
4776 8 0 0 0 0 0 0 0 0
4798 44 1 1 36 0 0 0 0 0
fn=_int_free_merge_chunk
1992 9 0 0 3 0 0 0 0 0
4665 24 1 1 0 0 0 18 0 0
4666 3 0 0 0 0 0 0 0 0
4670 18 0 0 3 1 0 0 0 0
4673 12 1 1 3 0 0 0 0 0
4675 9 2 1 3 1 0 0 0 0
4678 9 0 0 3 0 0 0 0 0
4681 6 0 0 0 0 0 0 0 0
4682 6 0 0 0 0 0 0 0 0
4683 6 0 0 3 1 0 0 0 0
4689 6 1 1 3 0 0 0 0 0
4701 9 0 0 0 0 0 0 0 0
4702 21 0 0 18 0 0 0 0 0
4714 6 0 0 3 0 0 0 0 0
4720 4 0 0 2 0 0 0 0 0
4724 2 0 0 2 0 0 0 0 0
4732 2 0 0 0 0 0 0 0 0
4733 8 1 1 2 0 0 0 0 0
4734 4 0 0 2 0 0 0 0 0
4736 2 0 0 0 0 0 2 1 0
4738 4 0 0 0 0 0 0 0 0
4740 3 1 1 0 0 0 1 0 0
4743 2 0 0 0 0 0 2 0 0
4744 2 0 0 0 0 0 2 0 0
4746 6 0 0 0 0 0 2 0 0
4747 2 0 0 0 0 0 2 0 0
4756 1 0 0 0 0 0 0 0 0
4757 3 0 0 0 0 0 1 0 0
4758 2 1 1 0 0 0 1 0 0
fn=_int_malloc
1326 84 0 0 0 0 0 0 0 0
1345 252 0 0 0 0 0 0 0 0
1794 41 1 1 41 0 0 0 0 0
1985 12 0 0 4 0 0 0 0 0
2008 8 1 1 2 0 0 0 0 0
2017 2 1 1 2 0 0 0 0 0
2552 12 2 1 4 1 0 4 0 0
2553 1 1 1 0 0 0 1 0 0
2564 4 2 1 2 1 0 0 0 0
2565 3 0 0 2 0 0 0 0 0
2568 4 0 0 1 0 0 0 0 0
2576 6 0 0 1 0 0 2 0 0
2577 2 0 0 0 0 0 0 0 0
2589 4 0 0 1 0 0 1 0 0
2590 2 0 0 0 0 0 1 0 0
2599 4 1 1 0 0 0 0 0 0
2608 3 1 1 0 0 0 0 0 0
2669 3 1 1 1 0 0 1 0 0
2677 2 0 0 1 0 0 0 0 0
2678 3 0 0 1 0 0 1 0 0
2691 3 1 1 1 0 0 0 0 0
2693 1 0 0 1 0 0 0 0 0
2699 5 0 0 1 0 0 1 0 0
2707 2 0 0 0 0 0 0 0 0
2709 4 2 2 0 0 0 2 0 0
2710 3 0 0 1 0 0 0 0 0
2711 1 0 0 0 0 0 0 0 0
2712 1 0 0 0 0 0 0 0 0
2715 2 0 0 0 0 0 0 0 0
2744 3 0 0 1 1 1 0 0 0
2745 1 1 1 0 0 0 1 0 0
2746 2 0 0 0 0 0 1 0 0
2752 8 0 0 1 0 0 0 0 0
2755 4 1 1 2 0 0 0 0 0
2782 2 0 0 0 0 0 0 0 0
2783 1 0 0 0 0 0 0 0 0
2795 3 1 1 0 0 0 0 0 0
2814 2 0 0 1 0 0 0 0 0
2817 2 0 0 0 0 0 0 0 0
2818 6 1 1 1 0 0 0 0 0
2820 1 0 0 0 0 0 0 0 0
2821 6 0 0 0 0 0 4 0 0
2833 5 0 0 3 0 0 0 0 0
2873 1 0 0 0 0 0 0 0 0
2875 1 0 0 0 0 0 1 0 0
2876 5 0 0 0 0 0 1 1 1
2877 1 0 0 1 0 0 0 0 0
2888 3 1 1 1 0 0 0 0 0
2921 3 1 1 2 0 0 0 0 0
2922 1 0 0 0 0 0 1 0 0
2926 1 0 0 1 0 0 0 0 0
2930 5 1 1 2 0 0 0 0 0
2932 1 0 0 0 0 0 0 0 0
2933 1 0 0 0 0 0 0 0 0
2934 1 0 0 0 0 0 1 0 0
2935 7 0 0 0 0 0 1 0 0
2936 2 0 0 0 0 0 1 1 1
2938 1 0 0 0 0 0 0 0 0
3846 462 2 2 42 0 0 294 1 0
3882 1 0 0 0 0 0 0 0 0
3887 84 1 1 0 0 0 0 0 0
3914 87 1 1 1 0 0 0 0 0
3916 40 0 0 0 0 0 0 0 0
3919 12 0 0 11 1 0 0 0 0
3921 22 0 0 0 0 0 0 0 0
3930 33 1 1 0 0 0 0 0 0
3977 62 2 1 0 0 0 0 0 0
3979 170 0 0 0 0 0 0 0 0
3980 72 1 1 0 0 0 0 0 0
3982 108 0 0 36 5 0 0 0 0
4039 82 1 1 0 0 0 0 0 0
4040 18 1 0 6 1 0 0 0 0
4058 124 1 0 41 0 0 0 0 0
4059 126 0 0 0 0 0 42 1 0
4060 126 1 1 84 0 0 0 0 0
4069 10 0 0 0 0 0 5 0 0
4070 253 3 2 48 2 0 42 0 0
4072 6 0 0 6 0 0 0 0 0
4073 12 0 0 6 0 0 0 0 0
4074 6 0 0 0 0 0 0 0 0
4076 12 0 0 0 0 0 0 0 0
4077 18 1 1 6 0 0 0 0 0
4079 6 0 0 6 0 0 0 0 0
4080 24 0 0 0 0 0 0 0 0
4082 24 0 0 6 0 0 0 0 0
4084 12 1 1 6 0 0 0 0 0
4085 12 0 0 6 0 0 0 0 0
4087 12 0 0 0 0 0 0 0 0
4098 24 0 0 0 0 0 0 0 0
4099 4 1 1 2 0 0 0 0 0
4100 2 0 0 0 0 0 0 0 0
4101 1 0 0 0 0 0 0 0 0
4127 6 1 1 0 0 0 6 0 0
4128 6 0 0 0 0 0 6 0 0
4132 12 0 0 0 0 0 0 0 0
4161 12 1 1 0 0 0 0 0 0
4163 6 0 0 0 0 0 3 0 0
4164 12 0 0 0 0 0 0 0 0
4165 3 0 0 3 2 0 0 0 0
4169 39 1 1 0 0 0 3 0 0
4170 9 0 0 0 0 0 0 0 0
4171 3 0 0 3 2 0 0 0 0
4174 6 0 0 0 0 0 0 0 0
4218 12 0 0 0 0 0 3 0 0
4221 42 2 2 12 0 0 0 0 0
4222 6 0 0 0 0 0 6 0 0
4223 6 0 0 0 0 0 6 0 0
4224 6 0 0 0 0 0 6 0 0
4225 6 0 0 0 0 0 6 0 0
4230 12 0 0 12 0 0 0 0 0
4231 12 0 0 0 0 0 0 0 0
4240 24 1 1 12 0 0 0 0 0
4246 10 0 0 0 0 0 0 0 0
4257 126 1 1 0 0 0 0 0 0
4259 24 0 0 0 0 0 0 0 0
4262 18 0 0 6 4 0 0 0 0
4263 42 1 1 0 0 0 0 0 0
4330 42 0 0 0 0 0 0 0 0
4331 84 0 0 0 0 0 0 0 0
4332 84 0 0 0 0 0 0 0 0
4333 84 0 0 42 4 0 0 0 0
4334 252 0 0 0 0 0 0 0 0
4339 183 1 1 0 0 0 0 0 0
4343 400 2 2 0 0 0 0 0 0
4346 420 1 1 105 0 0 0 0 0
4348 12 0 0 0 0 0 0 0 0
4349 6 0 0 0 0 0 0 0 0
4353 120 0 0 0 0 0 0 0 0
4355 52 0 0 0 0 0 0 0 0
4357 104 0 0 0 0 0 0 0 0
4361 8 0 0 8 0 0 0 0 0
4364 16 0 0 0 0 0 0 0 0
4366 20 0 0 0 0 0 4 0 0
4367 4 0 0 0 0 0 0 0 0
4368 4 0 0 0 0 0 0 0 0
4373 16 0 0 4 0 0 0 0 0
4376 8 0 0 0 0 0 0 0 0
4378 12 1 1 0 0 0 4 0 0
4381 12 0 0 0 0 0 8 0 0
4384 16 0 0 8 0 0 0 0 0
4394 4 0 0 0 0 0 0 0 0
4399 16 0 0 4 0 0 0 0 0
4400 8 1 1 4 0 0 0 0 0
4403 4 0 0 0 0 0 4 4 4
4404 4 0 0 0 0 0 4 0 0
4405 4 0 0 0 0 0 4 0 0
4408 8 0 0 0 0 0 0 0 0
4409 2 0 0 0 0 0 2 0 0
4410 8 0 0 0 0 0 0 0 0
4412 4 0 0 0 0 0 2 0 0
4415 32 1 1 0 0 0 4 0 0
4417 12 0 0 0 0 0 4 1 1
4418 4 0 0 0 0 0 4 0 0
4421 4 0 0 0 0 0 0 0 0
4443 38 1 1 38 0 0 0 0 0
4444 76 0 0 38 3 0 0 0 0
4446 76 0 0 38 2 0 0 0 0
4449 114 0 0 0 0 0 0 0 0
4451 36 0 0 0 0 0 0 0 0
4452 72 0 0 0 0 0 0 0 0
4453 36 0 0 0 0 0 36 0 0
4454 288 2 1 0 0 0 36 0 0
4456 72 0 0 0 0 0 36 33 33
4459 72 0 0 0 0 0 0 0 0
4460 114 1 1 0 0 0 38 1 0
4461 38 0 0 0 0 0 0 0 0
4466 8 0 0 2 0 0 2 0 0
4482 3 0 0 0 0 0 0 0 0
4487 504 2 2 378 0 0 0 0 0
fn=_int_memalign
1326 2 0 0 0 0 0 0 0 0
1345 8 1 1 0 0 0 0 0 0
4714 2 0 0 0 0 0 0 0 0
4720 2 0 0 1 0 0 0 0 0
4721 1 1 1 0 0 0 1 0 0
4722 2 0 0 0 0 0 0 0 0
4732 1 0 0 0 0 0 0 0 0
4733 4 0 0 1 0 0 0 0 0
4734 2 0 0 1 0 0 0 0 0
4736 1 1 1 0 0 0 1 1 1
4738 2 0 0 0 0 0 0 0 0
4743 1 0 0 0 0 0 1 0 0
4744 1 0 0 0 0 0 1 0 0
4746 3 0 0 0 0 0 1 1 1
4747 1 0 0 0 0 0 1 0 0
5039 8 1 1 0 0 0 6 0 0
5069 4 0 0 0 0 0 2 0 0
5071 3 0 0 1 0 0 0 0 0
5074 1 0 0 0 0 0 0 0 0
5076 4 0 0 0 0 0 0 0 0
5083 5 1 1 0 0 0 0 0 0
5085 4 0 0 0 0 0 0 0 0
5090 4 0 0 1 0 0 0 0 0
5093 2 0 0 0 0 0 0 0 0
5101 10 1 1 0 0 0 2 0 0
5103 1 0 0 1 0 0 0 0 0
5104 5 0 0 1 0 0 1 0 0
5105 2 0 0 0 0 0 1 0 0
5106 1 0 0 0 0 0 0 0 0
5108 9 1 1 1 0 0 0 0 0
5113 3 0 0 1 0 0 0 0 0
5115 2 0 0 0 0 0 0 0 0
5116 1 0 0 0 0 0 0 0 0
5117 2 0 0 1 0 0 0 0 0
5118 2 0 0 0 0 0 0 0 0
5120 1 0 0 0 0 0 0 0 0
5121 2 0 0 0 0 0 0 0 0
5122 1 1 1 1 0 0 0 0 0
5123 1 0 0 0 0 0 0 0 0
5129 1 0 0 0 0 0 0 0 0
5130 3 2 2 0 0 0 1 0 0
5134 3 0 0 0 0 0 1 0 0
5140 1 0 0 0 0 0 0 0 0
5141 9 0 0 7 0 0 0 0 0
fn=_mid_memalign.isra.0
1326 2 0 0 0 0 0 0 0 0
1345 5 0 0 0 0 0 0 0 0
3575 7 1 1 0 0 0 4 0 0
3581 2 1 1 0 0 0 0 0 0
3585 2 0 0 0 0 0 0 0 0
3590 3 2 2 0 0 0 0 0 0
3598 3 0 0 0 0 0 0 0 0
3615 3 0 0 0 0 0 0 0 0
3617 2 1 1 1 0 0 0 0 0
3638 2 0 0 1 0 0 0 0 0
3640 5 1 1 0 0 0 1 0 0
3641 5 1 1 1 0 0 0 0 0
3643 2 1 1 0 0 0 0 0 0
3662 6 0 0 5 0 0 0 0 0
fn=alloc_perturb
1985 114 1 1 38 0 0 0 0 0
1987 38 0 0 38 0 0 0 0 0
fn=calloc
3699 198 2 1 0 0 0 132 0 0
3709 198 2 1 0 0 0 0 0 0
3717 44 0 0 22 0 0 0 0 0
3720 66 0 0 44 0 0 0 0 0
3722 44 2 1 22 0 0 0 0 0
3725 168 0 0 63 0 0 0 0 0
3732 22 1 1 22 0 0 0 0 0
3733 45 0 0 22 0 0 0 0 0
3740 63 1 1 0 0 0 0 0 0
3754 66 0 0 0 0 0 22 0 0
3756 220 3 2 22 0 0 0 0 0
3759 45 2 1 22 0 0 0 0 0
3769 84 1 0 42 0 0 0 0 0
3784 43 0 0 21 0 0 0 0 0
3787 84 0 0 0 0 0 0 0 0
3796 66 1 1 22 0 0 0 0 0
3799 110 0 0 0 0 0 0 0 0
3807 22 2 1 0 0 0 0 0 0
3809 44 0 0 0 0 0 0 0 0
3811 44 0 0 0 0 0 0 0 0
3837 154 2 1 132 0 0 0 0 0
fn=free
3359 336 3 2 0 0 0 192 0 0
3363 96 0 0 0 0 0 0 0 0
3371 96 0 0 96 3 0 0 0 0
3373 48 0 0 0 0 0 0 0 0
3375 144 0 0 48 5 0 0 0 0
3379 3 1 1 1 0 0 0 0 0
3381 4 0 0 1 1 0 0 0 0
3383 2 0 0 0 0 0 1 0 0
3384 2 0 0 0 0 0 1 0 0
3385 1 0 0 0 0 0 0 0 0
3388 2 0 0 0 0 0 1 0 0
3392 141 0 0 94 2 0 0 0 0
3398 141 1 1 0 0 0 47 0 0
3401 48 0 0 0 0 0 48 0 0
3402 288 1 1 240 0 0 0 0 0
fn=malloc
1326 106 0 0 0 0 0 0 0 0
1345 264 1 1 0 0 0 0 0 0
3178 70 0 0 35 1 0 0 0 0
3182 70 0 0 0 0 0 0 0 0
3186 140 0 0 35 1 0 35 0 0
3190 70 0 0 0 0 0 35 0 0
3191 35 0 0 0 0 0 35 0 0
3248 4 1 1 2 0 0 1 0 0
3294 424 1 1 0 0 0 212 1 0
3301 106 0 0 53 3 1 0 0 0
3311 104 0 0 0 0 0 0 0 0
3313 212 0 0 106 4 0 0 0 0
3316 106 1 1 53 3 0 0 0 0
3317 4 0 0 1 0 0 0 0 0
3318 147 1 0 49 4 0 0 0 0
3326 36 1 1 18 1 0 0 0 0
3328 68 1 1 0 0 0 17 0 0
3329 85 1 1 17 0 0 0 0 0
3334 8 0 0 3 1 0 0 0 0
3336 3 0 0 0 0 0 1 0 0
3339 2 0 0 0 0 0 0 0 0
3347 4 1 1 2 0 0 0 0 0
3351 5 1 0 1 0 0 0 0 0
3354 318 0 0 265 0 0 0 0 0
fn=memalign
3543 1 1 1 0 0 0 0 0 0
3544 2 0 0 1 0 0 0 0 0
3548 1 0 0 0 0 0 0 0 0
fn=munmap_chunk
3024 2 1 1 0 0 0 1 0 0
3025 2 0 0 2 2 0 0 0 0
3026 3 0 0 1 0 0 0 0 0
3028 2 0 0 0 0 0 0 0 0
3030 1 0 0 0 0 0 0 0 0
3031 3 0 0 1 0 0 0 0 0
3032 1 0 0 0 0 0 0 0 0
3038 4 0 0 0 0 0 0 0 0
3039 5 1 1 0 0 0 0 0 0
3042 1 0 0 2 0 0 0 0 0
3043 3 0 0 2 0 0 0 0 0
3048 2 0 0 0 0 0 0 0 0
3049 1 0 0 1 0 0 0 0 0
fn=ptmalloc_init.part.0
1946 385 1 1 0 0 0 0 0 0
1949 381 0 0 0 0 0 127 33 32
1957 1 0 0 0 0 0 1 0 0
1958 1 0 0 0 0 0 1 1 1
1960 1 0 0 0 0 0 1 0 0
3143 2 0 0 0 0 0 0 0 0
fn=realloc
3407 11 1 1 0 0 0 6 0 0
3413 2 1 1 1 0 0 0 0 0
3417 2 0 0 0 0 0 0 0 0
3424 2 0 0 0 0 0 0 0 0
3425 2 0 0 0 0 0 0 0 0
3538 7 0 0 6 0 0 0 0 0
fn=sysmalloc_mmap.isra.0
2008 4 0 0 1 0 0 0 0 0
2400 6 1 1 0 0 0 4 0 0
2413 3 0 0 0 0 0 0 0 0
2418 2 0 0 0 0 0 0 0 0
2421 10 1 1 0 0 0 1 0 0
2424 2 1 1 0 0 0 0 0 0
2428 2 0 0 0 0 0 0 0 0
2432 4 0 0 0 0 0 1 0 0
2448 3 0 0 0 0 0 0 0 0
2466 1 0 0 0 0 0 1 1 1
2467 3 1 1 0 0 0 1 0 0
2471 3 0 0 2 0 0 0 0 0
2472 5 0 0 2 0 0 0 0 0
2475 3 1 1 2 0 0 0 0 0
2476 5 0 0 2 0 0 0 0 0
2481 7 0 0 5 0 0 0 0 0
fn=tcache_init.part.0
3242 4 1 1 0 0 0 2 0 0
3251 8 0 0 3 0 0 0 0 0
3252 3 1 1 0 0 0 1 0 0
3253 2 0 0 0 0 0 0 0 0
3261 4 0 0 2 0 0 0 0 0
3270 2 0 0 1 0 0 1 0 0
3274 3 0 0 3 0 0 0 0 0
fn=unlink_chunk.isra.0
1608 10 1 1 0 0 0 5 0 0
1610 25 0 0 10 0 0 0 0 0
1613 10 0 0 10 0 0 0 0 0
1614 10 0 0 5 0 0 0 0 0
1616 20 1 1 10 0 0 0 0 0
1619 5 0 0 0 0 0 5 0 0
1620 5 0 0 0 0 0 5 0 0
1621 19 0 0 3 0 0 0 0 0
1623 6 0 0 3 0 0 0 0 0
1624 9 0 0 6 0 0 0 0 0
1627 6 0 0 3 0 0 0 0 0
1641 3 0 0 0 0 0 3 0 0
1642 3 1 1 0 0 0 3 0 0
1645 10 0 0 10 0 0 0 0 0
fl=./malloc/./malloc/morecore.c
fn=__glibc_morecore
25 6 1 1 0 0 0 2 0 0
26 4 0 0 2 0 0 0 0 0
29 2 0 0 0 0 0 2 0 0
30 4 0 0 0 0 0 0 0 0
34 4 0 0 4 0 0 0 0 0
fl=./malloc/./malloc/scratch_buffer_set_array_size.c
fn=__libc_scratch_buffer_set_array_size
30 78 1 1 0 0 0 24 0 0
34 6 0 0 0 0 0 0 0 0
35 12 0 0 0 0 0 0 0 0
45 12 0 0 6 0 0 0 0 0
46 6 0 0 0 0 0 0 0 0
63 36 1 1 30 0 0 0 0 0
fl=./math/../sysdeps/ieee754/dbl-64/e_pow.c
fn=__ieee754_pow_fma
45 3908560 1 1 0 0 0 0 0 0
62 959440 0 0 0 0 0 0 0 0
63 959440 0 0 0 0 0 0 0 0
64 959440 0 0 0 0 0 0 0 0
65 1439160 0 0 0 0 0 0 0 0
67 959440 0 0 0 0 0 0 0 0
72 2398600 1 1 0 0 0 0 0 0
77 1439160 0 0 959440 0 0 0 0 0
88 959440 1 1 959440 659 48 0 0 0
89 479720 0 0 0 0 0 0 0 0
90 959440 0 0 959440 314 17 0 0 0
91 959440 0 0 0 0 0 0 0 0
95 479720 0 0 479720 0 0 0 0 0
96 479720 0 0 0 0 0 0 0 0
97 479720 0 0 0 0 0 0 0 0
100 479720 0 0 0 0 0 0 0 0
101 479720 0 0 0 0 0 0 0 0
102 959440 0 0 0 0 0 0 0 0
112 3837760 2 2 2878320 1 1 0 0 0
113 1918880 0 0 0 0 0 0 0 0
114 479720 0 0 0 0 0 0 0 0
115 959440 0 0 0 0 0 0 0 0
193 479720 1 1 0 0 0 0 0 0
194 1439160 0 0 0 0 0 0 0 0
197 52584 1 1 0 0 0 0 0 0
201 26292 0 0 26292 0 0 0 0 0
202 52584 0 0 0 0 0 0 0 0
225 1813712 0 0 906856 1 1 0 0 0
227 453428 0 0 0 0 0 0 0 0
229 906856 0 0 906856 0 0 0 0 0
231 453428 0 0 0 0 0 0 0 0
233 1360284 0 0 0 0 0 0 0 0
234 906856 0 0 0 0 0 0 0 0
237 453428 0 0 453428 550 33 0 0 0
240 453428 0 0 0 0 0 0 0 0
243 3627424 1 1 2267140 0 0 0 0 0
244 906856 0 0 0 0 0 0 0 0
249 906856 0 0 0 0 0 0 0 0
273 440472 0 0 0 0 0 0 0 0
283 589824 1 1 0 0 0 0 0 0
284 589824 0 0 0 0 0 0 0 0
292 4168002 0 0 0 0 0 0 0 0
299 330354 0 0 0 0 0 0 0 0
314 220236 0 0 0 0 0 0 0 0
316 110104 1 1 0 0 0 0 0 0
317 220208 0 0 0 0 0 0 0 0
322 440416 1 1 0 0 0 0 0 0
329 28 0 0 0 0 0 0 0 0
340 70 2 2 0 0 0 0 0 0
356 28 1 1 0 0 0 0 0 0
359 28 0 0 14 0 0 0 0 0
360 14 0 0 0 0 0 0 0 0
361 42 1 1 0 0 0 0 0 0
369 479720 0 0 0 0 0 0 0 0
370 959440 0 0 0 0 0 0 0 0
380 1179648 1 1 589824 0 0 0 0 0
fl=./math/../sysdeps/ieee754/dbl-64/math_config.h
fn=__ieee754_pow_fma
85 2112796 1 1 0 0 0 0 0 0
97 453428 0 0 0 0 0 0 0 0
fl=./math/../sysdeps/ieee754/dbl-64/s_sin.c
fn=__sincos_fma
104 2366746 0 0 277376 0 0 0 0 0
105 3166720 1 1 829349 0 0 0 0 0
107 831651 1 1 277217 0 0 0 0 0
108 1661159 0 0 0 0 0 0 0 0
111 1106725 0 0 0 0 0 0 0 0
112 4151826 1 1 554434 0 0 0 0 0
113 4706260 2 2 831651 0 0 277217 0 0
114 4158255 1 1 1108868 8 8 277217 0 0
115 3320175 1 1 277217 0 0 0 0 0
116 1106725 0 0 0 0 0 0 0 0
128 3998848 1 1 1785398 1 1 0 0 0
129 2618249 6 6 1575552 0 0 0 0 0
133 3353582 1 1 696400 0 0 0 0 0
134 1627712 1 1 348244 0 0 0 0 0
135 1659016 1 1 829508 1 1 0 0 0
136 1659016 1 1 0 0 0 0 0 0
139 929206 0 0 0 0 0 0 0 0
140 6374006 2 2 1392800 1 1 567982 0 0
141 7070406 1 1 2089200 2 2 0 0 0
142 11613112 1 1 3318032 47 47 0 0 0
143 4284806 0 0 800788 0 0 0 0 0
144 3845242 1 1 128418 0 0 0 0 0
156 2036019 0 0 1357346 2 2 0 0 0
157 678673 0 0 0 0 0 0 0 0
159 1357346 1 1 1357346 0 0 0 0 0
160 1357346 0 0 0 0 0 0 0 0
164 2714692 0 0 678673 0 0 0 0 0
165 1357346 0 0 0 0 0 0 0 0
168 2036019 0 0 678673 0 0 0 0 0
169 2036019 0 0 0 0 0 0 0 0
fl=./math/../sysdeps/ieee754/dbl-64/s_sincos.c
fn=__sincos_fma
37 14387425 1 1 1106725 0 0 6640350 0 0
44 3320175 0 0 0 0 0 0 0 0
46 2213450 0 0 0 0 0 0 0 0
50 856104 0 0 0 0 0 0 0 0
53 856104 0 0 428052 1 1 0 0 0
59 856104 1 1 0 0 0 0 0 0
61 150835 0 0 0 0 0 150835 0 0
62 150835 0 0 0 0 0 150835 0 0
63 150835 0 0 0 0 0 0 0 0
67 554434 0 0 277217 1 1 0 0 0
68 554434 0 0 277217 1 1 0 0 0
69 554434 0 0 0 0 0 0 0 0
70 1108868 0 0 0 0 0 277217 0 0
71 277217 0 0 0 0 0 277217 0 0
72 277217 0 0 0 0 0 0 0 0
75 1357346 1 1 0 0 0 0 0 0
81 1357346 1 1 0 0 0 0 0 0
84 2036019 0 0 0 0 0 0 0 0
86 527708 1 1 263854 0 0 0 0 0
87 263854 0 0 0 0 0 0 0 0
90 2565140 0 0 0 0 0 0 0 0
97 678673 0 0 0 0 0 678673 0 0
99 2575948 0 0 539929 0 0 678673 0 0
100 678673 0 0 0 0 0 0 0 0
107 11067250 1 1 8853800 0 0 0 0 0
fl=./math/../sysdeps/x86/fpu/fenv_private.h
fn=__sincos_fma
415 1106725 0 0 0 0 0 1106725 0 0
416 4426900 0 0 1106725 0 0 1106725 0 0
419 4426900 1 1 0 0 0 0 0 0
431 2213450 1 1 0 0 0 0 0 0
fl=./math/../sysdeps/x86_64/fpu/multiarch/e_asin.c
fn=__acos_finite@GLIBC_2.15
35 1 1 1 0 0 0 0 0 0
fn=__asin_finite@GLIBC_2.15
27 2 1 1 1 0 0 0 0 0
fl=./math/../sysdeps/x86_64/fpu/multiarch/e_atan2.c
fn=__atan2_finite@GLIBC_2.15
26 2 1 1 1 0 0 0 0 0
fl=./math/../sysdeps/x86_64/fpu/multiarch/e_exp.c
fn=__exp_finite@GLIBC_2.15
27 2 2 2 1 0 0 0 0 0
fl=./math/../sysdeps/x86_64/fpu/multiarch/e_exp2f.c
fn=exp2f@@GLIBC_2.27
27 2 1 1 1 0 0 0 0 0
fl=./math/../sysdeps/x86_64/fpu/multiarch/e_expf.c
fn=expf@@GLIBC_2.27
27 2 1 1 1 0 0 0 0 0
fl=./math/../sysdeps/x86_64/fpu/multiarch/e_log.c
fn=__log_finite@GLIBC_2.15
27 2 2 2 1 0 0 0 0 0
fl=./math/../sysdeps/x86_64/fpu/multiarch/e_log2.c
fn=log2@@GLIBC_2.29
27 2 1 1 1 0 0 0 0 0
fl=./math/../sysdeps/x86_64/fpu/multiarch/e_log2f.c
fn=log2f@@GLIBC_2.27
27 2 1 1 1 0 0 0 0 0
fl=./math/../sysdeps/x86_64/fpu/multiarch/e_logf.c
fn=logf@@GLIBC_2.27
27 2 1 1 1 0 0 0 0 0
fl=./math/../sysdeps/x86_64/fpu/multiarch/e_pow.c
fn=__pow_finite@GLIBC_2.15
27 2 1 1 1 0 0 0 0 0
fl=./math/../sysdeps/x86_64/fpu/multiarch/e_powf.c
fn=powf@@GLIBC_2.27
30 1 1 1 0 0 0 0 0 0
fl=./math/../sysdeps/x86_64/fpu/multiarch/ifunc-avx-fma4.h
fn=__atan2_finite@GLIBC_2.15
32 5 0 0 2 0 0 0 0 0
33 2 1 1 1 0 0 0 0 0
fn=__exp_finite@GLIBC_2.15
32 5 0 0 2 0 0 0 0 0
33 2 0 0 1 0 0 0 0 0
fn=__log_finite@GLIBC_2.15
32 5 0 0 2 0 0 0 0 0
33 2 0 0 1 0 0 0 0 0
fn=cos
32 5 1 1 2 0 0 0 0 0
33 2 0 0 1 0 0 0 0 0
fn=sin
32 5 0 0 2 0 0 0 0 0
33 2 0 0 1 0 0 0 0 0
fl=./math/../sysdeps/x86_64/fpu/multiarch/ifunc-fma.h
fn=__log1p
29 4 0 0 2 0 0 0 0 0
30 3 0 0 1 0 0 0 0 0
fn=cosf
29 4 0 0 2 1 0 0 0 0
30 3 0 0 1 1 0 0 0 0
fn=exp2f@@GLIBC_2.27
29 4 0 0 2 0 0 0 0 0
30 3 0 0 1 0 0 0 0 0
fn=expf@@GLIBC_2.27
29 4 1 1 2 0 0 0 0 0
30 3 0 0 1 0 0 0 0 0
fn=expm1
29 4 0 0 2 0 0 0 0 0
30 3 1 1 1 0 0 0 0 0
fn=log2@@GLIBC_2.29
29 4 0 0 2 0 0 0 0 0
30 3 0 0 1 0 0 0 0 0
fn=log2f@@GLIBC_2.27
29 4 0 0 2 0 0 0 0 0
30 3 1 1 1 0 0 0 0 0
fn=logf@@GLIBC_2.27
29 4 0 0 2 0 0 0 0 0
30 3 0 0 1 0 0 0 0 0
fn=powf@@GLIBC_2.27
29 4 0 0 2 0 0 0 0 0
30 4 0 0 2 0 0 0 0 0
fn=sincosf
29 4 1 1 2 0 0 0 0 0
30 3 0 0 1 0 0 0 0 0
fn=sinf
29 4 0 0 2 0 0 0 0 0
30 3 0 0 1 0 0 0 0 0
fl=./math/../sysdeps/x86_64/fpu/multiarch/ifunc-fma4.h
fn=__acos_finite@GLIBC_2.15
31 4 0 0 2 0 0 0 0 0
32 2 1 1 1 0 0 0 0 0
35 1 0 0 1 0 0 0 0 0
fn=__asin_finite@GLIBC_2.15
31 4 0 0 2 0 0 0 0 0
32 2 0 0 1 0 0 0 0 0
fn=__pow_finite@GLIBC_2.15
31 4 1 1 2 0 0 0 0 0
32 2 0 0 1 0 0 0 0 0
fn=sincos
31 8 1 1 4 2 0 0 0 0
32 4 0 0 2 0 0 0 0 0
fl=./math/../sysdeps/x86_64/fpu/multiarch/s_cosf.c
fn=cosf
26 2 1 1 1 0 0 0 0 0
fl=./math/../sysdeps/x86_64/fpu/multiarch/s_expm1.c
fn=expm1
26 2 1 1 1 0 0 0 0 0
fl=./math/../sysdeps/x86_64/fpu/multiarch/s_fma.c
fn=fma
49 6 2 2 3 0 0 0 0 0
fl=./math/../sysdeps/x86_64/fpu/multiarch/s_log1p.c
fn=__log1p
26 2 1 1 1 0 0 0 0 0
fl=./math/../sysdeps/x86_64/fpu/multiarch/s_sin.c
fn=cos
34 2 1 1 1 0 0 0 0 0
fn=sin
27 2 1 1 1 0 0 0 0 0
fl=./math/../sysdeps/x86_64/fpu/multiarch/s_sincos.c
fn=sincos
26 4 1 1 2 0 0 0 0 0
fl=./math/../sysdeps/x86_64/fpu/multiarch/s_sincosf.c
fn=sincosf
26 2 1 1 1 0 0 0 0 0
fl=./math/../sysdeps/x86_64/fpu/multiarch/s_sinf.c
fn=sinf
26 2 1 1 1 0 0 0 0 0
fl=./math/./w_pow_template.c
fn=pow@@GLIBC_2.29
31 3538944 2 2 0 0 0 1179648 0 0
32 1179648 0 0 0 0 0 1179648 0 0
33 4128768 0 0 1769472 1 0 0 0 0
45 3240128 1 1 0 0 0 0 0 0
49 1769472 1 1 1769472 0 0 0 0 0
fl=./misc/../sysdeps/unix/syscall-template.S
fn=mprotect
117 145 3 3 0 0 0 0 0 0
122 29 0 0 29 0 0 0 0 0
fn=munmap
117 10 2 2 0 0 0 0 0 0
122 2 0 0 2 0 0 0 0 0
fl=./misc/../sysdeps/unix/sysv/linux/brk.c
fn=brk
36 2 1 1 0 0 0 0 0 0
37 4 0 0 2 0 0 2 0 0
38 4 0 0 0 0 0 0 0 0
44 2 0 0 0 0 0 0 0 0
45 2 0 0 2 0 0 0 0 0
fl=./misc/../sysdeps/unix/sysv/linux/brk_call.h
fn=brk
24 4 0 0 0 0 0 0 0 0
fl=./misc/../sysdeps/unix/sysv/linux/clone-internal.c
fn=__clone_internal
53 42 0 0 42 0 0 0 0 0
62 42 1 1 42 0 0 0 0 0
64 168 0 0 63 0 0 42 0 0
80 63 0 0 21 0 0 0 0 0
82 4 0 0 0 0 0 1 0 0
83 4 1 1 1 0 0 0 0 0
86 1 0 0 0 0 0 1 0 0
97 252 2 2 0 0 0 126 0 0
99 42 0 0 42 0 0 0 0 0
106 21 0 0 0 0 0 21 0 0
109 42 0 0 42 0 0 0 0 0
110 168 0 0 147 0 0 0 0 0
fl=./misc/../sysdeps/unix/sysv/linux/getpagesize.c
fn=getpagesize
27 22 2 1 0 0 0 0 0 0
28 88 2 1 44 0 0 0 0 0
30 22 0 0 22 0 0 0 0 0
fl=./misc/../sysdeps/unix/sysv/linux/getsysstats.c
fn=get_nprocs_conf
230 3 1 1 0 0 0 1 0 0
231 2 0 0 0 0 0 1 0 0
232 2 0 0 0 0 0 0 0 0
237 2 0 0 2 0 0 0 0 0
fn=read_sysfs_file
72 6 1 1 0 0 0 1 0 0
73 2 0 0 0 0 0 0 0 0
76 1 1 1 0 0 0 0 0 0
78 4 0 0 0 0 0 1 0 0
79 2 0 0 0 0 0 0 0 0
102 1 1 1 0 0 0 0 0 0
103 2 0 0 0 0 0 0 0 0
105 2 1 1 0 0 0 0 0 0
139 12 2 2 1 0 0 7 0 0
148 3 0 0 0 0 0 2 0 0
150 3 0 0 0 0 0 0 0 0
151 2 0 0 0 0 0 0 0 0
158 5 1 1 0 0 0 1 0 0
159 3 0 0 1 0 0 0 0 0
166 2 0 0 1 0 0 0 0 0
168 1 0 0 0 0 0 0 0 0
169 4 0 0 0 0 0 1 0 0
170 3 0 0 1 0 0 0 0 0
177 3 0 0 0 0 0 0 0 0
178 3 0 0 0 0 0 0 0 0
180 1 0 0 0 0 0 0 0 0
181 5 0 0 1 0 0 0 0 0
184 2 0 0 0 0 0 0 0 0
190 12 0 0 9 0 0 0 0 0
fl=./misc/../sysdeps/unix/sysv/linux/mmap64.c
fn=mmap
47 364 2 2 0 0 0 156 0 0
50 104 0 0 0 0 0 0 0 0
53 276 2 2 6 0 0 0 0 0
58 312 1 1 0 0 0 0 0 0
60 208 0 0 208 0 0 0 0 0
fl=./misc/../sysdeps/unix/sysv/linux/not-cancel.h
fn=read_sysfs_file
75 2 1 1 1 0 0 1 0 0
76 1 0 0 0 0 0 0 0 0
fl=./misc/../sysdeps/unix/sysv/linux/setvmaname.c
fn=__set_vma_name
33 166 4 4 0 0 0 92 0 0
35 121 0 0 49 1 1 22 21 21
40 14 0 0 2 0 0 2 1 1
47 2 1 1 0 0 0 2 0 0
48 1 0 0 0 0 0 0 0 0
49 207 1 1 159 0 0 0 0 0
fl=./misc/../sysdeps/unix/sysv/linux/x86_64/clone.S
fn=clone
52 21 1 1 0 0 0 0 0 0
54 21 0 0 0 0 0 0 0 0
55 21 0 0 0 0 0 0 0 0
56 21 0 0 0 0 0 0 0 0
59 21 0 0 0 0 0 0 0 0
60 21 0 0 0 0 0 0 0 0
63 21 0 0 0 0 0 21 21 21
65 21 0 0 0 0 0 0 0 0
69 21 1 1 0 0 0 21 0 0
72 21 0 0 0 0 0 0 0 0
73 21 0 0 0 0 0 0 0 0
74 21 0 0 0 0 0 0 0 0
75 21 0 0 21 0 0 0 0 0
76 21 0 0 0 0 0 0 0 0
81 21 0 0 0 0 0 0 0 0
83 42 0 0 0 0 0 0 0 0
84 42 0 0 0 0 0 0 0 0
85 42 0 0 0 0 0 0 0 0
87 21 0 0 21 0 0 0 0 0
95 21 0 0 0 0 0 0 0 0
98 21 0 0 21 20 0 0 0 0
99 21 0 0 21 0 0 0 0 0
100 21 0 0 0 0 0 21 0 0
fl=./misc/../sysdeps/unix/sysv/linux/x86_64/clone3.S
fn=clone3
42 1 1 1 0 0 0 0 0 0
44 1 0 0 0 0 0 0 0 0
45 1 0 0 0 0 0 0 0 0
46 1 0 0 0 0 0 0 0 0
47 1 0 0 0 0 0 0 0 0
48 1 0 0 0 0 0 0 0 0
52 1 0 0 0 0 0 0 0 0
55 1 0 0 0 0 0 0 0 0
60 1 0 0 0 0 0 0 0 0
62 1 0 0 0 0 0 0 0 0
63 1 0 0 0 0 0 0 0 0
86 5 1 1 2 0 0 1 0 0
fl=./misc/./misc/init-misc.c
fn=__init_misc
30 5 1 1 0 0 0 3 0 0
31 6 0 0 1 0 0 0 0 0
33 3 1 1 0 0 0 1 0 0
37 5 0 0 1 0 0 1 1 0
38 3 0 0 2 0 0 1 0 0
40 4 0 0 4 0 0 0 0 0
fl=./misc/./misc/sbrk.c
fn=sbrk
37 16 1 1 0 0 0 8 0 0
40 4 0 0 4 0 0 0 0 0
43 4 1 1 2 0 0 0 0 0
58 4 0 0 0 0 0 0 0 0
59 4 1 1 0 0 0 1 0 0
62 4 0 0 0 0 0 0 0 0
63 2 0 0 1 0 0 0 0 0
66 4 1 1 0 0 0 0 0 0
74 3 0 0 0 0 0 1 0 0
78 14 0 0 10 0 0 0 0 0
fl=./nptl/../include/list.h
fn=__nptl_stack_list_add
43 105 0 0 21 0 0 21 21 21
45 21 1 1 0 0 0 21 0 0
47 21 0 0 0 0 0 21 0 0
fl=./nptl/../nptl/descr.h
fn=__pthread_enable_asynccancel
439 1818 1 1 0 0 0 0 0 0
fl=./nptl/../string/bits/string_fortified.h
fn=pthread_attr_init@@GLIBC_2.2.5
59 5 1 1 0 0 0 4 0 0
fn=pthread_getaffinity_np@@GLIBC_2.32
59 2 0 0 0 0 0 1 0 0
fl=./nptl/../sysdeps/nptl/futex-internal.h
fn=__lll_lock_wait_private
87 21 0 0 21 21 0 0 0 0
146 868 1 1 0 0 0 0 0 0
147 248 0 0 0 0 0 0 0 0
fn=__pthread_once_slow
209 8 1 1 0 0 0 0 0 0
fl=./nptl/../sysdeps/unix/sysv/linux/internal-signals.h
fn=pthread_create@@GLIBC_2.34
81 147 0 0 0 0 0 0 0 0
89 126 0 0 0 0 0 0 0 0
fn=start_thread
89 105 0 0 0 0 0 0 0 0
fl=./nptl/../sysdeps/unix/sysv/linux/internal-sigset.h
fn=pthread_create@@GLIBC_2.34
34 21 0 0 0 0 0 21 0 0
102 21 0 0 0 0 0 0 0 0
103 21 0 0 0 0 0 0 0 0
fl=./nptl/../sysdeps/unix/sysv/linux/rseq-internal.h
fn=start_thread
32 42 0 0 0 0 0 0 0 0
40 21 0 0 0 0 0 21 20 0
fl=./nptl/../sysdeps/unix/sysv/linux/sigsetops.h
fn=pthread_create@@GLIBC_2.34
54 1 0 0 0 0 0 1 0 0
104 2 1 1 1 0 0 0 0 0
fl=./nptl/../sysdeps/unix/sysv/linux/x86/elision-conf.c
fn=__lll_elision_init
92 8 1 1 1 0 0 3 0 0
96 5 1 1 0 0 0 1 0 0
98 4 0 0 0 0 0 1 0 0
100 4 0 0 0 0 0 1 0 0
102 4 0 0 0 0 0 1 0 0
104 4 1 1 0 0 0 1 0 0
107 3 0 0 1 1 1 0 0 0
108 1 0 0 0 0 0 1 1 1
109 6 0 0 5 0 0 0 0 0
fl=./nptl/../sysdeps/x86/nptl/tls-setup.h
fn=pthread_create@@GLIBC_2.34
22 42 0 0 21 1 0 21 21 21
fl=./nptl/./nptl-stack.h
fn=pthread_create@@GLIBC_2.34
61 210 1 1 63 1 0 21 0 0
fl=./nptl/./nptl/alloca_cutoff.c
fn=__libc_alloca_cutoff
27 384 1 1 0 0 0 0 0 0
28 3456 1 1 384 41 0 0 0 0
35 384 0 0 384 0 0 0 0 0
fl=./nptl/./nptl/allocatestack.c
fn=name_stack_maps
587 126 1 1 0 0 0 84 21 21
589 105 1 1 63 19 0 21 0 0
593 42 0 0 21 0 0 0 0 0
595 42 0 0 0 0 0 0 0 0
599 21 0 0 21 21 0 0 0 0
600 42 0 0 21 0 0 0 0 0
601 63 0 0 0 0 0 0 0 0
603 210 1 1 0 0 0 42 21 21
605 189 0 0 147 0 0 0 0 0
fn=pthread_create@@GLIBC_2.34
66 84 1 1 21 1 0 0 0 0
74 84 0 0 21 0 0 0 0 0
99 84 2 2 42 0 0 0 0 0
166 63 0 0 0 0 0 42 0 0
170 147 1 1 84 0 0 21 0 0
219 84 0 0 0 0 0 21 0 0
223 63 0 0 0 0 0 21 0 0
228 63 0 0 21 1 0 0 0 0
232 63 0 0 21 1 0 0 0 0
233 21 1 1 21 1 0 0 0 0
234 84 0 0 42 0 0 0 0 0
238 42 0 0 21 0 0 0 0 0
328 42 0 0 0 0 0 21 0 0
329 126 1 1 42 2 0 21 0 0
333 63 0 0 0 0 0 21 0 0
343 126 0 0 21 0 0 0 0 0
347 126 0 0 0 0 0 0 0 0
351 42 0 0 0 0 0 0 0 0
352 63 0 0 21 0 0 0 0 0
353 21 0 0 0 0 0 0 0 0
366 294 1 1 21 0 0 105 0 0
369 84 1 1 42 0 0 0 0 0
374 84 0 0 21 1 1 0 0 0
380 42 0 0 21 0 0 0 0 0
385 42 1 1 21 0 0 0 0 0
386 21 0 0 0 0 0 0 0 0
395 42 0 0 0 0 0 0 0 0
407 42 0 0 21 0 0 21 0 0
408 42 0 0 0 0 0 42 21 21
411 42 0 0 0 0 0 42 0 0
416 42 0 0 0 0 0 21 21 21
419 21 0 0 0 0 0 21 21 21
426 21 1 1 0 0 0 21 21 21
429 126 0 0 42 0 0 21 0 0
442 84 1 1 21 0 0 0 0 0
445 147 0 0 0 0 0 84 0 0
447 126 1 1 84 0 0 0 0 0
454 105 0 0 42 0 0 0 0 0
477 63 1 1 21 0 0 0 0 0
506 105 1 1 21 0 0 0 0 0
532 21 0 0 0 0 0 21 0 0
537 21 0 0 0 0 0 21 0 0
542 21 0 0 0 0 0 21 0 0
545 21 0 0 0 0 0 21 0 0
547 84 1 1 0 0 0 21 0 0
558 84 0 0 21 0 0 0 0 0
563 42 0 0 21 0 0 0 0 0
fl=./nptl/./nptl/cancellation.c
fn=__pthread_disable_asynccancel
63 909 1 1 0 0 0 0 0 0
66 2727 0 0 909 0 0 0 0 0
71 2727 0 0 1818 1 0 0 0 0
74 1818 0 0 0 0 0 0 0 0
76 2727 1 1 909 0 0 0 0 0
83 2727 0 0 0 0 0 0 0 0
fn=__pthread_enable_asynccancel
31 909 0 0 0 0 0 0 0 0
32 909 0 0 909 0 0 0 0 0
33 1818 0 0 909 21 0 0 0 0
37 1818 0 0 0 0 0 0 0 0
39 1818 0 0 0 0 0 0 0 0
42 3636 0 0 909 0 0 0 0 0
45 1818 0 0 0 0 0 0 0 0
56 1818 0 0 909 0 0 0 0 0
fl=./nptl/./nptl/cleanup_compat.c
fn=_pthread_cleanup_pop@@GLIBC_2.34
40 1 0 0 0 0 0 0 0 0
43 2 0 0 1 0 0 1 0 0
47 2 0 0 0 0 0 0 0 0
49 1 1 1 1 0 0 0 0 0
fn=_pthread_cleanup_push@@GLIBC_2.34
25 1 1 1 0 0 0 0 0 0
28 1 0 0 0 0 0 1 0 0
29 1 0 0 0 0 0 1 0 0
30 2 1 1 1 0 0 1 0 0
32 1 0 0 0 0 0 1 0 0
33 1 0 0 1 0 0 0 0 0
fl=./nptl/./nptl/libc-cleanup.c
fn=__libc_cleanup_pop_restore
54 197002 0 0 0 0 0 0 0 0
55 197002 0 0 197002 1 0 0 0 0
57 394004 0 0 197002 1 0 197002 21 0
59 197002 0 0 197002 1 0 0 0 0
60 591006 1 1 197002 0 0 0 0 0
71 197002 0 0 197002 0 0 0 0 0
fn=__libc_cleanup_push_defer
24 197002 1 1 0 0 0 0 0 0
25 197002 0 0 197002 0 0 0 0 0
27 394004 0 0 197002 21 0 197002 0 0
29 394004 0 0 197002 21 0 0 0 0
32 394004 0 0 0 0 0 0 0 0
46 591006 1 1 0 0 0 197002 0 0
48 197002 0 0 0 0 0 197002 0 0
49 197002 0 0 197002 0 0 0 0 0
fl=./nptl/./nptl/lowlevellock.c
fn=__lll_lock_wait_private
26 21 1 1 0 0 0 0 0 0
27 63 0 0 21 0 0 0 0 0
30 500 0 0 250 1 0 0 0 0
33 124 0 0 0 0 0 0 0 0
fn=__lll_lock_wake_private
56 125 1 1 0 0 0 0 0 0
57 625 0 0 0 0 0 0 0 0
58 125 0 0 125 1 0 0 0 0
fl=./nptl/./nptl/nptl-stack.c
fn=__nptl_stack_list_add
43 21 1 1 0 0 0 0 0 0
44 84 0 0 21 0 0 21 0 0
52 21 0 0 0 0 0 21 0 0
53 21 0 0 21 0 0 0 0 0
fl=./nptl/./nptl/pthread_attr_init.c
fn=pthread_attr_init@@GLIBC_2.2.5
32 6 1 1 0 0 0 2 0 0
46 3 0 0 0 0 0 2 0 0
49 4 0 0 3 0 0 0 0 0
fl=./nptl/./nptl/pthread_create.c
fn=create_thread
236 252 1 1 0 0 0 126 0 0
240 105 1 1 42 0 0 21 0 0
244 42 1 1 21 0 0 0 0 0
247 42 0 0 21 0 0 21 0 0
248 42 0 0 0 0 0 0 0 0
287 231 2 2 0 0 0 210 0 0
290 21 0 0 0 0 0 0 0 0
297 84 0 0 0 0 0 21 0 0
298 42 0 0 0 0 0 0 0 0
303 21 0 0 0 0 0 21 0 0
309 42 0 0 0 0 0 0 0 0
321 42 1 1 21 0 0 0 0 0
332 21 0 0 0 0 0 0 0 0
333 231 0 0 189 0 0 0 0 0
fn=pthread_create@@GLIBC_2.34
81 2 0 0 0 0 0 1 0 0
82 1 0 0 0 0 0 1 0 0
83 4 2 2 0 0 0 1 0 0
90 6 0 0 0 0 0 0 0 0
609 84 1 1 21 0 0 0 0 0
626 336 2 2 21 0 0 231 0 0
632 42 0 0 21 0 0 0 0 0
635 1 0 0 0 0 0 1 0 0
638 24 0 0 1 0 0 1 1 0
641 21 0 0 21 0 0 0 0 0
643 21 1 1 0 0 0 21 0 0
644 21 0 0 21 0 0 0 0 0
645 84 0 0 21 0 0 0 0 0
663 1 0 0 0 0 0 1 0 0
674 21 0 0 0 0 0 21 0 0
677 21 0 0 0 0 0 21 0 0
683 42 0 0 21 0 0 21 0 0
684 42 1 1 21 0 0 21 21 21
685 21 0 0 0 0 0 21 21 21
688 21 0 0 21 0 0 0 0 0
689 84 0 0 21 0 0 21 21 21
690 63 0 0 21 0 0 0 0 0
694 21 0 0 21 1 0 0 0 0
695 84 0 0 0 0 0 0 0 0
700 84 0 0 0 0 0 21 0 0
703 84 1 1 42 1 0 42 0 0
708 42 1 1 21 0 0 21 0 0
709 42 0 0 21 0 0 21 0 0
713 42 0 0 21 0 0 21 0 0
718 42 0 0 21 0 0 21 0 0
730 42 1 1 0 0 0 0 0 0
731 42 1 1 0 0 0 0 0 0
751 42 0 0 21 0 0 0 0 0
752 3 0 0 1 0 0 1 0 0
755 63 0 0 21 0 0 21 0 0
757 21 0 0 0 0 0 0 0 0
767 21 0 0 42 0 0 0 0 0
772 42 1 1 0 0 0 42 0 0
780 63 0 0 21 0 0 0 0 0
791 42 1 1 21 0 0 21 21 21
836 147 0 0 0 0 0 21 0 0
843 42 0 0 0 0 0 0 0 0
883 42 0 0 21 0 0 0 0 0
893 42 0 0 0 0 0 21 0 0
897 42 1 1 21 0 0 0 0 0
901 273 1 1 231 0 0 0 0 0
fn=start_thread
338 231 2 2 21 19 0 126 21 21
345 42 0 0 21 19 0 0 0 0
367 84 1 1 42 1 0 21 19 0
370 21 0 0 0 0 0 21 0 0
373 63 0 0 0 0 0 21 0 0
377 21 1 1 21 21 0 0 0 0
388 105 0 0 21 0 0 0 0 0
405 84 1 1 0 0 0 21 0 0
419 42 0 0 0 0 0 21 0 0
423 126 0 0 63 0 0 0 0 0
426 42 0 0 0 0 0 0 0 0
429 42 0 0 0 0 0 21 0 0
431 42 1 1 21 0 0 0 0 0
433 21 0 0 0 0 0 0 0 0
437 42 0 0 21 0 0 0 0 0
447 63 1 1 63 21 0 21 0 0
fl=./nptl/./nptl/pthread_getaffinity.c
fn=pthread_getaffinity_np@@GLIBC_2.32
30 5 1 1 0 0 0 1 0 0
33 6 1 1 1 1 0 0 0 0
35 2 0 0 0 0 0 0 0 0
39 4 0 0 0 0 0 0 0 0
41 1 0 0 0 0 0 0 0 0
42 2 0 0 2 0 0 0 0 0
fl=./nptl/./nptl/pthread_key_create.c
fn=pthread_key_create@@GLIBC_2.34
25 2 1 1 0 0 0 0 0 0
27 10 0 0 0 0 0 0 0 0
29 3 0 0 3 1 1 0 0 0
31 12 0 0 0 0 0 0 0 0
33 6 1 1 2 0 0 0 0 0
37 6 0 0 0 0 0 2 0 0
40 2 0 0 0 0 0 2 0 0
43 4 0 0 2 0 0 0 0 0
fl=./nptl/./nptl/pthread_key_delete.c
fn=pthread_key_delete@@GLIBC_2.34
25 2 1 1 0 0 0 0 0 0
28 4 0 0 0 0 0 0 0 0
30 10 0 0 2 1 0 0 0 0
32 4 0 0 0 0 0 0 0 0
33 8 0 0 2 0 0 0 0 0
36 2 0 0 0 0 0 0 0 0
40 2 0 0 2 0 0 0 0 0
fl=./nptl/./nptl/pthread_mutex_conf.c
fn=__pthread_tunables_init
55 8 1 1 1 0 0 3 0 0
56 5 1 1 0 0 0 1 0 0
58 4 0 0 0 0 0 1 0 0
60 4 0 0 0 0 0 1 0 0
62 6 1 1 5 0 0 0 0 0
fl=./nptl/./nptl/pthread_mutex_lock.c
fn=pthread_mutex_lock@@GLIBC_2.2.5
44 22 1 1 22 0 0 0 0 0
45 88 0 0 22 0 0 0 0 0
48 88 1 1 22 0 0 0 0 0
77 110 1 1 0 0 0 44 0 0
80 66 0 0 22 1 1 0 0 0
82 22 0 0 0 0 0 0 0 0
84 44 1 1 0 0 0 0 0 0
88 44 0 0 0 0 0 0 0 0
97 44 1 1 0 0 0 0 0 0
108 88 1 1 22 0 0 0 0 0
112 22 0 0 22 0 0 0 0 0
115 44 0 0 22 0 0 0 0 0
124 22 0 0 0 0 0 0 0 0
130 66 0 0 22 0 0 0 0 0
131 44 0 0 0 0 0 22 0 0
179 22 1 1 22 0 0 0 0 0
182 22 0 0 0 0 0 22 0 0
184 22 0 0 22 0 0 0 0 0
187 22 0 0 0 0 0 0 0 0
190 66 0 0 66 0 0 0 0 0
fl=./nptl/./nptl/pthread_mutex_unlock.c
fn=pthread_mutex_unlock@@GLIBC_2.2.5
39 22 0 0 22 0 0 0 0 0
40 88 0 0 22 0 0 0 0 0
43 88 0 0 44 0 0 0 0 0
51 66 0 0 22 0 0 0 0 0
52 44 1 1 0 0 0 0 0 0
57 44 0 0 0 0 0 0 0 0
62 22 0 0 0 0 0 22 0 0
65 22 0 0 22 0 0 0 0 0
70 22 0 0 0 0 0 0 0 0
72 22 0 0 0 0 0 0 0 0
74 44 1 1 0 0 0 0 0 0
80 88 1 1 22 0 0 0 0 0
84 66 0 0 44 0 0 0 0 0
87 44 0 0 22 0 0 0 0 0
367 88 2 1 0 0 0 22 0 0
369 44 0 0 44 0 0 0 0 0
fl=./nptl/./nptl/pthread_once.c
fn=__pthread_once_slow
68 11 2 2 1 0 0 5 0 0
76 1 0 0 1 0 0 0 0 0
80 2 0 0 0 0 0 0 0 0
88 2 0 0 1 1 1 0 0 0
92 2 0 0 1 0 0 0 0 0
101 4 1 1 0 0 0 0 0 0
114 13 2 2 0 0 0 7 0 0
116 1 0 0 0 0 0 1 0 0
118 3 0 0 0 0 0 1 0 0
124 1 0 0 0 0 0 1 0 0
132 10 0 0 7 0 0 0 0 0
fn=pthread_once@@GLIBC_2.34
136 44 1 1 0 0 0 0 0 0
139 44 0 0 44 2 1 0 0 0
140 88 0 0 0 0 0 0 0 0
143 1 0 0 0 0 0 0 0 0
144 86 0 0 43 0 0 0 0 0
fl=./nptl/./nptl/pthread_self.c
fn=pthread_self
23 1 1 1 0 0 0 0 0 0
25 2 0 0 2 0 0 0 0 0
fl=./nptl/./nptl/pthread_setspecific.c
fn=pthread_setspecific@@GLIBC_2.34
25 8 1 1 0 0 0 5 0 0
32 1 0 0 1 0 0 0 0 0
36 2 0 0 0 0 0 0 0 0
39 8 1 1 1 1 0 0 0 0
41 1 0 0 0 0 0 0 0 0
43 3 0 0 0 0 0 0 0 0
46 2 0 0 0 0 0 0 0 0
66 1 0 0 0 0 0 0 0 0
81 1 0 0 0 0 0 1 1 0
86 2 0 0 0 0 0 1 0 0
87 1 0 0 0 0 0 1 0 0
90 7 0 0 6 0 0 0 0 0
fl=./posix/../malloc/dynarray-skeleton.c
fn=__unregister_atfork
243 6 0 0 6 1 1 0 0 0
fl=./posix/../sysdeps/posix/sysconf.c
fn=sysconf
60 11 1 1 1 1 1 0 0 0
630 3 1 1 0 0 0 1 0 0
fl=./posix/../sysdeps/unix/sysv/linux/_exit.c
fn=_Exit
27 2 1 1 1 1 0 0 0 0
30 4 0 0 0 0 0 0 0 0
fl=./posix/../sysdeps/unix/sysv/linux/x86/../sysconf.c
fn=sysconf
49 10 0 0 0 0 0 0 0 0
fl=./posix/../sysdeps/unix/sysv/linux/x86/sysconf.c
fn=sysconf
32 12 1 1 1 0 0 6 0 0
33 3 1 1 0 0 0 0 0 0
37 10 1 1 8 0 0 0 0 0
fl=./posix/./posix/register-atfork.c
fn=__unregister_atfork
71 12 1 1 0 0 0 0 0 0
82 36 1 1 0 0 0 12 0 0
83 24 0 0 6 1 1 0 0 0
109 24 1 1 12 0 0 0 0 0
110 18 0 0 18 0 0 0 0 0
fl=./posix/./posix/sched_cpucount.c
fn=__sched_cpucount
27 2 0 0 0 0 0 0 0 0
28 68 0 0 0 0 0 0 0 0
29 22 0 0 0 0 0 0 0 0
35 1 1 1 0 0 0 0 0 0
36 1 0 0 0 0 0 0 0 0
37 6 1 1 0 0 0 0 0 0
38 2 0 0 1 0 0 0 0 0
40 2 0 0 1 0 0 0 0 0
fl=./resource/../sysdeps/unix/sysv/linux/getrlimit64.c
fn=getrlimit
38 2 1 1 0 0 0 0 0 0
39 7 0 0 0 0 0 0 0 0
40 1 0 0 1 0 0 0 0 0
fl=./setjmp/../sysdeps/x86_64/bsd-_setjmp.S
fn=_setjmp
28 22 2 1 0 0 0 0 0 0
30 22 0 0 0 0 0 0 0 0
32 22 0 0 0 0 0 0 0 0
fl=./setjmp/../sysdeps/x86_64/setjmp.S
fn=__sigsetjmp
31 38 3 2 0 0 0 0 0 0
33 38 0 0 0 0 0 38 0 0
42 38 0 0 0 0 0 0 0 0
43 76 0 0 38 0 0 0 0 0
44 38 0 0 0 0 0 38 0 0
48 38 0 0 0 0 0 38 0 0
49 38 0 0 0 0 0 38 0 0
50 38 0 0 0 0 0 38 22 22
51 38 0 0 0 0 0 38 0 0
52 38 0 0 0 0 0 0 0 0
54 76 1 1 38 0 0 0 0 0
56 38 0 0 0 0 0 38 0 0
57 38 1 1 38 0 0 0 0 0
58 38 0 0 0 0 0 0 0 0
60 76 0 0 38 0 0 0 0 0
62 38 0 0 0 0 0 38 0 0
67 22 0 0 22 22 0 0 0 0
68 22 0 0 0 0 0 0 0 0
70 16 0 0 0 0 0 0 0 0
73 16 0 0 0 0 0 0 0 0
74 16 0 0 0 0 0 16 0 0
81 16 0 0 0 0 0 0 0 0
82 16 0 0 16 0 0 0 0 0
85 22 1 1 0 0 0 0 0 0
fl=./setjmp/./setjmp/sigjmp.c
fn=__sigjmp_save
28 132 0 0 0 0 0 44 0 0
29 22 0 0 0 0 0 22 0 0
30 44 0 0 0 0 0 0 0 0
34 88 0 0 66 0 0 0 0 0
fl=./signal/../string/bits/string_fortified.h
fn=__libc_sigaction
29 16 2 2 8 0 0 8 0 0
fl=./signal/../sysdeps/unix/sysv/linux/libc_sigaction.c
fn=__libc_sigaction
43 8 1 1 1 0 0 2 0 0
48 2 0 0 0 0 0 0 0 0
50 2 0 0 1 0 0 1 0 0
53 5 1 1 1 0 0 2 0 0
58 11 0 0 0 0 0 0 0 0
63 4 0 0 0 0 0 0 0 0
71 6 1 1 4 0 0 0 0 0
fl=./stdio-common/../include/../locale/localeinfo.h
fn=__printf_fp_l_buffer
331 1152 1 1 1152 562 0 0 0 0
fl=./stdio-common/../include/printf_buffer.h
fn=__printf_buffer
148 1152 0 0 768 0 0 0 0 0
149 1536 0 0 0 0 0 768 0 0
163 2360928 1 1 0 0 0 0 0 0
fn=__printf_buffer_flush
115 1812 0 0 1812 0 0 0 0 0
fn=__printf_buffer_to_file_init
124 393988 0 0 0 0 0 196994 0 0
127 196994 0 0 0 0 0 196994 22 0
128 196994 0 0 0 0 0 196994 21 21
137 393988 0 0 0 0 0 196994 0 0
fn=__printf_fp_buffer_1.isra.0
163 2304 1 1 1152 0 0 0 0 0
164 156 0 0 0 0 0 39 0 0
fl=./stdio-common/../include/rounding-mode.h
fn=__printf_fp_buffer_1.isra.0
52 1150 1 1 0 0 0 0 0 0
58 382 0 0 0 0 0 0 0 0
fl=./stdio-common/../libio/libioP.h
fn=__printf_buffer_to_file_done
1025 1284 0 0 0 0 0 0 0 0
1026 856 1 1 0 0 0 0 0 0
fl=./stdio-common/../string/bits/string_fortified.h
fn=__printf_buffer_pad_1
59 117 0 0 0 0 0 39 22 21
fn=__printf_buffer_write
29 3545076 0 0 0 0 0 1181692 0 0
fn=__printf_fp_buffer_1.isra.0
29 1525 1 1 690 0 0 835 0 0
fl=./stdio-common/../sysdeps/generic/get-rounding-mode.h
fn=__printf_fp_buffer_1.isra.0
94 384 0 0 0 0 0 384 0 0
95 2688 1 1 384 0 0 0 0 0
fl=./stdio-common/../sysdeps/pthread/allocalim.h
fn=__printf_fp_buffer_1.isra.0
27 768 0 0 0 0 0 384 0 0
29 1920 0 0 0 0 0 384 0 0
fl=./stdio-common/./stdio-common/Xprintf_buffer_done.c
fn=__printf_buffer_done
25 197015 1 1 0 0 0 0 0 0
26 591045 0 0 197015 0 0 0 0 0
31 394030 1 1 394030 0 0 0 0 0
33 2364180 0 0 197015 0 0 0 0 0
40 197015 0 0 197015 0 0 0 0 0
fl=./stdio-common/./stdio-common/Xprintf_buffer_flush.c
fn=__printf_buffer_flush
61 4530 1 1 0 0 0 1812 0 0
62 1812 0 0 0 0 0 0 0 0
66 1812 0 0 0 0 0 0 0 0
70 2718 0 0 1812 0 0 0 0 0
71 906 0 0 0 0 0 0 0 0
72 2718 0 0 2718 0 0 0 0 0
fl=./stdio-common/./stdio-common/Xprintf_buffer_pad_1.c
fn=__printf_buffer_pad_1
24 351 2 2 0 0 0 195 0 0
25 117 0 0 39 0 0 0 0 0
33 195 1 1 78 0 0 0 0 0
36 39 0 0 0 0 0 0 0 0
37 78 0 0 0 0 0 0 0 0
39 39 0 0 0 0 0 0 0 0
40 117 0 0 39 0 0 39 0 0
43 78 0 0 0 0 0 0 0 0
44 234 1 1 234 0 0 0 0 0
fl=./stdio-common/./stdio-common/Xprintf_buffer_write.c
fn=__printf_buffer_write
27 11029048 1 1 0 0 0 6893155 22 21
28 4135893 0 0 1378631 0 0 0 0 0
31 7483114 0 0 0 0 0 0 0 0
33 5911168 1 1 2362926 0 0 906 0 0
35 3624 0 0 1812 0 0 0 0 0
36 1181692 0 0 0 0 0 0 0 0
37 2363384 0 0 0 0 0 0 0 0
40 3545076 0 0 1181692 0 0 1181692 0 0
41 1181692 0 0 0 0 0 0 0 0
44 8271786 1 1 8271786 0 0 0 0 0
fl=./stdio-common/./stdio-common/_itoa.c
fn=_itoa_word
169 590232 1 1 0 0 0 0 0 0
172 2360928 1 1 0 0 0 0 0 0
174 1180464 0 0 0 0 0 0 0 0
183 22848180 2 2 1547694 21 1 1547694 0 0
192 1180464 0 0 590232 0 0 0 0 0
fl=./stdio-common/./stdio-common/printf-parse.h
fn=__printf_buffer
53 1152 0 0 384 0 0 384 0 0
55 4992 4 4 768 0 0 0 0 0
65 768 0 0 0 0 0 0 0 0
82 3349075 1 1 0 0 0 985030 23 21
fl=./stdio-common/./stdio-common/printf_buffer_flush.c
fn=__printf_buffer_flush
41 6342 1 1 906 2 1 0 0 0
53 906 1 1 0 0 0 906 0 0
54 906 0 0 0 0 0 0 0 0
fl=./stdio-common/./stdio-common/printf_buffer_to_file.c
fn=__printf_buffer_flush_to_file
49 7248 1 1 0 0 0 3624 1 0
51 3624 0 0 2718 0 0 0 0 0
53 3624 0 0 906 0 0 0 0 0
65 854 0 0 0 0 0 0 0 0
68 2718 0 0 0 0 0 0 0 0
72 854 0 0 0 0 0 0 0 0
74 2135 0 0 854 0 0 427 0 0
86 1437 1 1 958 0 0 0 0 0
89 479 0 0 0 0 0 479 0 0
91 958 0 0 0 0 0 0 0 0
98 958 1 1 0 0 0 479 0 0
99 958 0 0 0 0 0 479 0 0
103 479 0 0 0 0 0 479 0 0
104 5009 1 1 4103 0 0 0 0 0
fn=__printf_buffer_to_file_done
51 787976 0 0 590982 0 0 0 0 0
53 787976 1 1 196994 0 0 0 0 0
58 1284 1 1 0 0 0 0 0 0
59 2568 0 0 1284 73 0 428 0 0
65 960 0 0 0 0 0 480 0 0
66 480 0 0 0 0 0 0 0 0
68 589698 0 0 0 0 0 0 0 0
72 104 0 0 0 0 0 0 0 0
74 260 0 0 104 0 0 52 0 0
86 589542 0 0 393028 0 0 0 0 0
89 196514 0 0 0 0 0 196514 0 0
91 393028 0 0 0 0 0 0 0 0
98 84 0 0 0 0 0 42 0 0
99 84 0 0 0 0 0 42 0 0
103 196514 0 0 0 0 0 196514 0 0
117 1575952 0 0 0 0 0 787976 0 0
118 590982 0 0 196994 0 0 0 0 0
121 393988 0 0 0 0 0 0 0 0
122 984970 1 1 787976 0 0 0 0 0
fn=__printf_buffer_to_file_init
108 196994 1 1 0 0 0 0 0 0
109 393988 1 1 0 0 0 0 0 0
111 196994 0 0 0 0 0 196994 0 0
112 196994 0 0 0 0 0 0 0 0
fn=__printf_buffer_to_file_switch
29 197901 1 1 0 0 0 0 0 0
30 989505 0 0 593703 3 0 0 0 0
40 813 0 0 0 0 0 0 0 0
41 813 0 0 0 0 0 0 0 0
44 791604 0 0 0 0 0 395802 0 0
45 197901 0 0 197901 0 0 0 0 0
fl=./stdio-common/./stdio-common/printf_fp.c
fn=__printf_fp_buffer_1.isra.0
91 2346 1 1 780 0 0 6 0 0
93 2304 0 0 768 0 0 0 0 0
95 1770 1 1 1614 0 0 78 0 0
96 390 0 0 0 0 0 156 0 0
101 1380 0 0 0 0 0 0 0 0
105 4830 1 1 1380 0 0 690 0 0
107 2760 0 0 2070 0 0 690 0 0
108 690 0 0 690 0 0 0 0 0
110 1380 0 0 690 0 0 690 0 0
111 3450 1 1 1380 0 0 0 0 0
118 690 0 0 0 0 0 0 0 0
122 2070 0 0 0 0 0 690 0 0
123 1380 0 0 0 0 0 0 0 0
124 2875 0 0 1150 0 0 1150 0 0
127 234 1 1 78 0 0 0 0 0
138 6912 2 2 384 0 0 4992 63 63
159 3072 1 1 384 0 0 384 0 0
177 384 0 0 0 0 0 384 0 0
187 384 0 0 0 0 0 384 21 21
221 768 0 0 0 0 0 0 0 0
222 384 0 0 0 0 0 384 0 0
226 1152 1 1 384 0 0 0 0 0
230 6528 3 3 1152 3 1 384 22 21
234 384 0 0 0 0 0 0 0 0
266 1920 2 2 384 0 0 0 0 0
267 384 0 0 0 0 0 0 0 0
268 768 0 0 0 0 0 0 0 0
271 6528 1 1 384 0 0 384 0 0
272 6144 1 1 384 22 21 384 0 0
273 6144 2 2 384 22 21 384 0 0
279 384 0 0 0 0 0 384 0 0
280 768 0 0 0 0 0 0 0 0
283 353 0 0 0 0 0 0 0 0
293 353 0 0 0 0 0 0 0 0
294 2471 1 1 0 0 0 353 0 0
297 1059 0 0 0 0 0 0 0 0
301 1412 0 0 0 0 0 0 0 0
305 1412 0 0 0 0 0 353 0 0
306 353 0 0 0 0 0 0 0 0
308 2118 1 1 0 0 0 0 0 0
309 3177 1 1 706 0 0 353 0 0
310 706 0 0 0 0 0 0 0 0
311 2527 1 1 1115 0 0 706 0 0
313 706 1 1 0 0 0 0 0 0
318 4589 0 0 0 0 0 0 0 0
322 27181 1 1 8825 9 4 0 0 0
324 1688 1 1 353 0 0 0 0 0
327 1470 0 0 980 0 0 0 0 0
337 491 1 1 491 0 0 0 0 0
368 980 0 0 490 0 0 490 0 0
369 1960 0 0 490 0 0 0 0 0
375 6 0 0 2 0 0 1 0 0
377 1 0 0 1 0 0 0 0 0
380 2 0 0 2 0 0 0 0 0
381 2 0 0 0 0 0 0 0 0
382 3 1 1 0 0 0 1 0 0
385 4418 0 0 1963 0 0 491 0 0
388 1380 1 1 345 0 0 345 0 0
389 1380 0 0 1035 0 0 0 0 0
390 1725 0 0 0 0 0 0 0 0
391 1380 0 0 0 0 0 0 0 0
394 4589 0 0 0 0 0 0 0 0
396 9178 0 0 0 0 0 0 0 0
397 706 1 1 353 0 0 353 0 0
403 852 0 0 146 0 0 0 0 0
407 4140 1 1 1380 0 0 0 0 0
411 1380 0 0 345 0 0 0 0 0
413 690 0 0 0 0 0 0 0 0
439 690 1 1 345 0 0 0 0 0
442 2760 0 0 0 0 0 0 0 0
458 1380 1 1 0 0 0 690 0 0
460 1035 0 0 345 0 0 0 0 0
461 2070 0 0 1035 0 0 345 0 0
463 2118 1 1 1035 0 0 0 0 0
477 690 0 0 0 0 0 345 0 0
483 62 1 1 0 0 0 0 0 0
486 3 0 0 0 0 0 3 0 0
496 3 0 0 0 0 0 0 0 0
499 9 1 1 0 0 0 3 3 3
500 15 0 0 6 0 0 6 0 0
501 6 0 0 0 0 0 0 0 0
503 3 0 0 0 0 0 3 0 0
504 12 1 1 3 0 0 3 0 0
506 3 0 0 0 0 0 0 0 0
509 36 1 1 0 0 0 0 0 0
511 72 0 0 36 5 0 0 0 0
621 36 0 0 0 0 0 0 0 0
623 174 0 0 0 0 0 0 0 0
625 6 1 1 0 0 0 0 0 0
629 15 0 0 9 0 0 3 0 0
630 6 0 0 3 0 0 3 0 0
631 9 0 0 3 0 0 0 0 0
633 6 0 0 3 0 0 0 0 0
634 18 1 1 3 0 0 0 0 0
636 3 0 0 3 0 0 0 0 0
642 3 0 0 0 0 0 3 0 0
643 6 1 1 3 0 0 3 0 0
644 3 0 0 3 0 0 0 0 0
645 12 0 0 6 0 0 0 0 0
647 9 1 1 3 0 0 3 0 0
655 84 0 0 0 0 0 0 0 0
659 84 0 0 0 0 0 28 19 18
660 140 1 1 56 0 0 56 0 0
661 56 0 0 0 0 0 28 0 0
665 1152 1 1 768 0 0 384 0 0
669 6 0 0 0 0 0 3 0 0
674 2304 1 1 1536 3 1 384 0 0
676 768 0 0 0 0 0 0 0 0
680 768 0 0 384 0 0 384 0 0
686 768 0 0 384 0 0 0 0 0
688 768 1 1 0 0 0 384 0 0
689 777 0 0 3 0 0 3 0 0
692 1152 1 1 384 0 0 0 0 0
694 3429 2 2 762 0 0 1905 0 0
696 762 0 0 0 0 0 381 0 0
701 6 0 0 0 0 0 3 0 0
731 15 1 1 0 0 0 12 0 0
738 1524 1 1 381 0 0 0 0 0
746 1152 1 1 384 0 0 384 0 0
759 6528 2 2 768 0 0 384 0 0
760 768 0 0 0 0 0 384 0 0
763 1158 0 0 387 0 0 0 0 0
766 5991 2 2 1143 0 0 0 0 0
769 2181 0 0 0 0 0 1454 0 0
771 381 0 0 0 0 0 381 0 0
773 2286 1 1 1143 0 0 0 0 0
775 1143 0 0 381 0 0 381 0 0
781 6 1 1 3 0 0 3 0 0
782 3 0 0 3 0 0 0 0 0
783 12 1 1 3 0 0 3 0 0
787 384 0 0 0 0 0 0 0 0
788 1920 1 1 384 0 0 768 0 0
789 1920 0 0 384 0 0 384 0 0
790 3072 0 0 0 0 0 0 0 0
792 768 0 0 0 0 0 0 0 0
793 768 1 1 0 0 0 768 0 0
794 2304 0 0 0 0 0 0 0 0
795 1536 0 0 0 0 0 768 0 0
796 240 1 1 80 0 0 0 0 0
805 1920 0 0 1536 0 0 0 0 0
806 1536 1 1 0 0 0 768 0 0
808 2688 0 0 384 0 0 0 0 0
809 77 0 0 0 0 0 0 0 0
810 288 1 1 111 0 0 0 0 0
813 156 0 0 78 0 0 0 0 0
818 46 1 1 11 0 0 0 0 0
830 382 0 0 0 0 0 0 0 0
834 344 1 1 0 0 0 0 0 0
835 1171 1 1 249 0 0 0 0 0
837 20 0 0 0 0 0 20 0 0
838 38 0 0 0 0 0 0 0 0
840 576 1 1 192 0 0 0 0 0
841 3 0 0 0 0 0 1 0 0
842 382 0 0 191 0 0 0 0 0
844 380 0 0 0 0 0 190 0 0
845 2 1 1 1 0 0 0 0 0
855 383 0 0 192 0 0 0 0 0
858 3 1 1 2 0 0 0 0 0
861 9 1 1 3 0 0 0 0 0
864 3 0 0 1 0 0 0 0 0
866 1 0 0 1 0 0 0 0 0
924 1725 0 0 382 0 0 0 0 0
931 388 1 1 0 0 0 0 0 0
935 1153 1 1 384 0 0 0 0 0
980 2688 1 1 1152 0 0 0 0 0
983 768 1 1 0 0 0 384 0 0
987 1920 0 0 384 0 0 0 0 0
991 1152 0 0 384 0 0 0 0 0
994 1536 1 1 384 0 0 384 0 0
996 3072 1 1 768 0 0 0 0 0
999 1575 1 1 807 0 0 0 0 0
1001 1152 0 0 0 0 0 0 0 0
1003 768 1 1 0 0 0 0 0 0
1006 768 0 0 0 0 0 0 0 0
1009 1152 0 0 384 0 0 0 0 0
1022 1536 1 1 384 0 0 384 0 0
1024 1152 0 0 768 0 0 0 0 0
1028 1152 1 1 384 0 0 0 0 0
1030 4224 0 0 3456 0 0 0 0 0
fn=__printf_fp_l_buffer
1099 7296 2 2 384 0 0 3456 43 42
1102 1152 0 0 384 0 0 0 0 0
1111 384 0 0 0 0 0 384 22 21
1112 768 0 0 0 0 0 384 0 0
1115 1920 1 1 384 0 0 1152 21 21
1116 1920 0 0 768 2 0 0 0 0
1117 1152 1 1 0 0 0 0 0 0
1122 2688 1 1 1152 0 0 384 0 0
1126 384 0 0 0 0 0 0 0 0
1147 4224 1 1 3456 0 0 0 0 0
fn=hack_digit
88 5555 0 0 0 0 0 3333 0 0
91 3357 0 0 1117 0 0 3 0 0
93 3333 1 1 1111 0 0 0 0 0
95 2372 1 1 2297 0 0 0 0 0
96 375 0 0 0 0 0 150 0 0
101 2072 0 0 0 0 0 0 0 0
105 7252 1 1 2072 0 0 1036 0 0
107 4144 1 1 3108 0 0 1036 0 0
108 1036 0 0 1036 0 0 0 0 0
110 2072 0 0 1036 0 0 1036 0 0
111 6216 0 0 2072 0 0 0 0 0
118 2072 0 0 0 0 0 0 0 0
122 4144 0 0 1036 0 0 1036 0 0
123 2072 0 0 0 0 0 0 0 0
124 4340 0 0 1736 0 0 1736 0 0
127 75 0 0 0 0 0 0 0 0
128 5555 0 0 4444 0 0 0 0 0
fl=./stdio-common/./stdio-common/snprintf.c
fn=snprintf
26 252 3 3 21 0 0 105 42 42
30 126 1 1 0 0 0 84 0 0
31 63 0 0 0 0 0 21 0 0
35 105 0 0 84 0 0 0 0 0
fl=./stdio-common/./stdio-common/vfprintf-internal.c
fn=__printf_buffer
263 1152 0 0 0 0 0 0 0 0
264 1152 0 0 0 0 0 0 0 0
266 384 1 1 0 0 0 384 0 0
600 2955225 1 1 0 0 0 1576120 65 63
627 985075 1 1 591045 49 0 394030 21 21
631 197014 0 0 0 0 0 197014 0 0
634 197014 0 0 0 0 0 197014 0 0
638 788060 0 0 394030 21 0 394030 44 42
642 197014 0 0 0 0 0 197014 1 0
653 591045 0 0 0 0 0 197015 0 0
654 394030 0 0 0 0 0 0 0 0
655 591045 0 0 197015 0 0 0 0 0
659 394030 0 0 197015 0 0 0 0 0
663 1576112 1 1 591042 8 1 197014 43 42
683 591000 0 0 0 0 0 591000 0 0
684 591000 1 1 0 0 0 591000 0 0
685 591000 0 0 0 0 0 591000 0 0
686 591000 0 0 0 0 0 591000 0 0
687 591000 0 0 0 0 0 0 0 0
690 1182000 0 0 0 0 0 0 0 0
691 591000 0 0 0 0 0 0 0 0
692 591000 0 0 0 0 0 0 0 0
693 591000 0 0 0 0 0 0 0 0
694 591000 0 0 0 0 0 591000 0 0
695 591000 0 0 0 0 0 0 0 0
698 591000 0 0 0 0 0 591000 0 0
699 591000 0 0 0 0 0 591000 42 42
705 8274000 3 3 1773000 315 3 0 0 0
709 384 1 1 0 0 0 0 0 0
726 384 1 1 0 0 0 0 0 0
744 768 0 0 768 39 0 0 0 0
761 384 0 0 0 0 0 0 0 0
784 21 1 1 21 0 0 0 0 0
800 768 2 2 384 0 0 0 0 0
807 768 0 0 0 0 0 0 0 0
810 4608 0 0 768 2 1 0 0 0
813 384 0 0 0 0 0 0 0 0
814 1152 0 0 384 0 0 0 0 0
840 1152 0 0 0 0 0 0 0 0
855 4992 1 1 768 2 1 0 0 0
883 21 1 1 0 0 0 0 0 0
891 768 1 1 0 0 0 0 0 0
973 591810 1 1 384 0 0 197014 0 0
976 13056 2 2 2688 0 0 2304 0 0
996 4224 1 1 1152 0 0 768 0 0
997 768 0 0 0 0 0 384 0 0
1001 384 0 0 0 0 0 0 0 0
1018 591000 0 0 591000 0 0 0 0 0
1024 591000 1 1 0 0 0 0 0 0
1028 1773000 1 1 0 0 0 591000 0 0
1029 1182000 0 0 0 0 0 0 0 0
1031 2363958 0 0 984986 0 0 0 0 0
1044 2167165 1 1 1773135 0 0 0 0 0
fn=__vfprintf_internal
1522 2954910 1 1 0 0 0 1378958 21 21
1525 1378957 1 1 393988 2 0 196995 0 0
1529 984970 1 1 196994 0 0 0 0 0
1540 393988 0 0 196994 8 0 0 0 0
1551 1575952 2 2 196994 3 0 787976 43 42
1552 3545934 2 2 1378958 3 0 197015 0 0
1556 787976 1 1 0 0 0 196994 0 0
1559 984970 0 0 0 0 0 196994 0 0
1560 393988 0 0 0 0 0 196994 0 0
1563 2364428 2 2 1182089 0 0 197244 0 0
1564 1181964 0 0 393988 0 0 393988 0 0
1566 196994 0 0 0 0 0 0 0 0
1567 2166934 0 0 1772946 23 0 0 0 0
fl=./stdio-common/./stdio-common/vfprintf-process-arg.c
fn=__printf_buffer
35 590211 0 0 0 0 0 590211 0 0
48 1180422 0 0 0 0 0 0 0 0
49 590211 0 0 590211 0 0 0 0 0
50 1180422 1 1 0 0 0 0 0 0
52 1180422 0 0 0 0 0 0 0 0
53 4721688 0 0 1180422 21 0 590211 0 0
57 1180422 0 0 0 0 0 0 0 0
58 1180422 0 0 0 0 0 0 0 0
66 21 1 1 0 0 0 21 0 0
67 590232 0 0 0 0 0 0 0 0
92 21 0 0 0 0 0 0 0 0
93 21 0 0 0 0 0 21 0 0
94 21 0 0 0 0 0 21 0 0
126 42 1 1 0 0 0 0 0 0
128 42 1 1 0 0 0 0 0 0
130 42 1 1 0 0 0 0 0 0
131 168 0 0 42 0 0 21 0 0
136 1770696 1 1 0 0 0 0 0 0
138 1180464 0 0 0 0 0 0 0 0
155 8853480 1 1 1180464 0 0 4131624 0 0
161 5312088 1 1 1180464 0 0 1180464 0 0
166 3541392 1 1 2360928 0 0 590232 0 0
170 1180464 1 1 0 0 0 590232 0 0
186 2951160 1 1 0 0 0 0 0 0
187 4761498 2 2 1550460 0 0 0 0 0
195 2951160 0 0 0 0 0 0 0 0
197 1770696 0 0 590232 0 0 0 0 0
199 2360928 1 1 590232 0 0 0 0 0
201 4131624 2 2 1180464 0 0 590232 0 0
206 1180464 0 0 0 0 0 0 0 0
208 2360928 1 1 1180464 0 0 0 0 0
211 1180464 0 0 590232 0 0 0 0 0
224 1180464 0 0 0 0 0 0 0 0
233 1180464 1 1 0 0 0 0 0 0
236 1180464 0 0 590232 0 0 0 0 0
240 2951160 2 2 1180464 0 0 590232 0 0
fl=./stdlib/../include/rounding-mode.h
fn=round_and_return
46 105 2 2 0 0 0 0 0 0
52 48 2 2 0 0 0 0 0 0
fl=./stdlib/../stdlib/gmp.h
fn=round_and_return
453 3 1 1 0 0 0 0 0 0
454 3 0 0 0 0 0 3 0 0
fl=./stdlib/../stdlib/strtol.c
fn=__isoc23_strtoul
125 2 1 1 0 0 0 0 0 0
126 10 0 0 4 0 0 0 0 0
fl=./stdlib/../stdlib/strtol_l.c
fn=____strtoul_l_internal
238 26 0 0 0 0 0 18 0 0
252 2 1 1 2 0 0 0 0 0
257 2 0 0 0 0 0 0 0 0
258 2 0 0 0 0 0 0 0 0
264 4 0 0 0 0 0 0 0 0
292 2 0 0 0 0 0 0 0 0
295 8 0 0 0 0 0 0 0 0
304 12 0 0 8 2 1 0 0 0
306 4 1 1 0 0 0 0 0 0
310 2 0 0 0 0 0 2 0 0
311 4 0 0 0 0 0 0 0 0
316 4 0 0 0 0 0 0 0 0
320 4 1 1 0 0 0 0 0 0
322 2 1 1 0 0 0 0 0 0
327 4 3 3 1 0 0 0 0 0
335 2 0 0 0 0 0 0 0 0
342 4 0 0 0 0 0 0 0 0
345 8 0 0 0 0 0 0 0 0
390 6 0 0 2 1 1 0 0 0
391 6 0 0 2 1 1 2 0 0
393 2 0 0 0 0 0 0 0 0
394 2 0 0 0 0 0 0 0 0
395 2 0 0 0 0 0 0 0 0
449 6 0 0 3 0 0 0 0 0
451 22 1 1 2 1 0 0 0 0
453 15 1 1 0 0 0 0 0 0
460 4 0 0 0 0 0 0 0 0
477 6 0 0 4 1 1 0 0 0
478 2 0 0 0 0 0 0 0 0
481 9 0 0 0 0 0 0 0 0
484 12 1 1 0 0 0 0 0 0
489 7 0 0 0 0 0 0 0 0
490 9 0 0 0 0 0 0 0 0
495 4 0 0 0 0 0 0 0 0
500 6 0 0 2 0 0 0 0 0
501 2 0 0 0 0 0 2 0 0
513 4 0 0 0 0 0 0 0 0
524 10 0 0 2 0 0 0 0 0
546 18 0 0 14 0 0 0 0 0
fl=./stdlib/../string/bits/string_fortified.h
fn=____strtod_l_internal
29 79 3 3 21 0 0 27 0 0
fl=./stdlib/../sysdeps/generic/get-rounding-mode.h
fn=round_and_return
94 21 0 0 0 0 0 21 0 0
95 189 1 1 21 0 0 0 0 0
fl=./stdlib/../sysdeps/ieee754/dbl-64/dbl2mpn.c
fn=__mpn_extract_double
33 1152 1 1 0 0 0 0 0 0
35 384 0 0 0 0 0 0 0 0
37 1152 0 0 0 0 0 384 0 0
38 1920 0 0 0 0 0 384 0 0
47 1152 1 1 0 0 0 384 0 0
56 1152 0 0 0 0 0 0 0 0
60 2 0 0 0 0 0 0 0 0
62 1 0 0 0 0 0 1 0 0
103 766 0 0 0 0 0 383 0 0
107 768 0 0 384 0 0 0 0 0
fl=./stdlib/../sysdeps/ieee754/dbl-64/mpn2dbl.c
fn=__mpn_construct_double
29 21 1 1 0 0 0 0 0 0
33 21 0 0 0 0 0 0 0 0
39 21 0 0 21 0 0 0 0 0
40 210 0 0 0 0 0 0 0 0
46 21 1 1 0 0 0 0 0 0
47 42 0 0 21 0 0 0 0 0
fl=./stdlib/../sysdeps/x86_64/lshift.S
fn=__mpn_lshift
28 418 1 1 0 0 0 0 0 0
29 418 0 0 0 0 0 0 0 0
30 418 0 0 0 0 0 0 0 0
32 418 0 0 0 0 0 0 0 0
33 418 0 0 0 0 0 0 0 0
34 418 0 0 0 0 0 0 0 0
46 418 0 0 0 0 0 0 0 0
47 418 0 0 0 0 0 0 0 0
48 418 0 0 418 0 0 0 0 0
49 418 0 0 0 0 0 0 0 0
50 418 1 1 0 0 0 0 0 0
51 418 0 0 0 0 0 0 0 0
52 418 0 0 0 0 0 0 0 0
58 418 0 0 0 0 0 0 0 0
59 418 0 0 0 0 0 418 0 0
60 418 0 0 418 0 0 0 0 0
fl=./stdlib/../sysdeps/x86_64/mul_1.S
fn=__mpn_mul_1
31 1887 2 1 0 0 0 0 0 0
32 1887 0 0 0 0 0 1887 0 0
35 1887 0 0 0 0 0 0 0 0
36 1887 0 0 1887 0 0 0 0 0
37 1887 0 0 0 0 0 0 0 0
38 1887 2 1 0 0 0 0 0 0
39 1887 0 0 0 0 0 0 0 0
41 1887 0 0 0 0 0 0 0 0
42 1887 0 0 0 0 0 0 0 0
44 1887 0 0 0 0 0 0 0 0
45 1887 0 0 0 0 0 0 0 0
46 1887 0 0 0 0 0 0 0 0
47 1887 0 0 0 0 0 0 0 0
48 1883 0 0 0 0 0 0 0 0
50 1883 0 0 0 0 0 0 0 0
51 1883 0 0 0 0 0 0 0 0
52 1883 0 0 0 0 0 1883 0 0
53 1883 0 0 0 0 0 0 0 0
79 4 1 1 0 0 0 0 0 0
80 4 0 0 0 0 0 0 0 0
81 4 0 0 0 0 0 0 0 0
82 4 0 0 0 0 0 0 0 0
83 4 0 0 0 0 0 0 0 0
84 4 1 1 0 0 0 0 0 0
85 4 0 0 4 0 0 0 0 0
86 4 0 0 0 0 0 0 0 0
87 4 0 0 0 0 0 0 0 0
113 4 1 1 0 0 0 0 0 0
114 4 0 0 0 0 0 0 0 0
115 4 0 0 0 0 0 0 0 0
117 4 0 0 0 0 0 4 0 0
118 4 0 0 0 0 0 0 0 0
119 4 0 0 0 0 0 0 0 0
120 4 0 0 0 0 0 4 0 0
121 4 0 0 0 0 0 0 0 0
122 1887 2 1 0 0 0 0 0 0
124 1887 0 0 1887 0 0 0 0 0
127 1887 0 0 1887 0 0 0 0 0
fl=./stdlib/../sysdeps/x86_64/rshift.S
fn=__mpn_rshift
28 693 1 1 0 0 0 0 0 0
29 693 0 0 0 0 0 0 0 0
30 693 0 0 0 0 0 0 0 0
31 693 0 0 0 0 0 0 0 0
44 693 0 0 0 0 0 0 0 0
45 693 1 1 0 0 0 0 0 0
61 693 0 0 0 0 0 0 0 0
62 693 0 0 693 0 0 0 0 0
63 693 0 0 693 0 0 0 0 0
64 693 0 0 0 0 0 0 0 0
65 693 0 0 0 0 0 0 0 0
66 693 0 0 0 0 0 0 0 0
67 693 0 0 0 0 0 0 0 0
72 693 1 1 0 0 0 0 0 0
73 693 0 0 0 0 0 693 0 0
74 693 0 0 0 0 0 0 0 0
75 693 0 0 0 0 0 693 0 0
76 693 0 0 693 0 0 0 0 0
fl=./stdlib/./stdlib/cmp.c
fn=__mpn_cmp
31 491 1 1 0 0 0 0 0 0
35 992 0 0 0 0 0 0 0 0
37 496 1 1 496 0 0 0 0 0
38 496 0 0 496 0 0 0 0 0
39 992 0 0 0 0 0 0 0 0
47 2455 0 0 491 0 0 0 0 0
fl=./stdlib/./stdlib/cxa_atexit.c
fn=__cxa_atexit
41 24 1 1 0 0 0 0 0 0
43 96 0 0 12 1 0 0 0 0
44 24 0 0 0 0 0 12 0 0
46 24 0 0 0 0 0 0 0 0
52 36 0 0 12 0 0 0 0 0
53 12 0 0 0 0 0 12 0 0
54 12 0 0 0 0 0 12 6 6
55 12 1 1 0 0 0 12 0 0
56 12 0 0 0 0 0 12 0 0
57 48 0 0 24 0 0 0 0 0
58 12 0 0 0 0 0 0 0 0
67 84 1 1 0 0 0 60 0 0
69 72 0 0 72 0 0 0 0 0
fn=__new_exitfn
80 60 1 1 0 0 0 36 0 0
81 12 0 0 0 0 0 0 0 0
86 24 0 0 12 1 1 0 0 0
91 76 0 0 13 1 0 0 0 0
93 48 1 1 12 1 0 0 0 0
94 55 0 0 11 0 0 0 0 0
101 1 0 0 0 0 0 1 0 0
104 22 0 0 0 0 0 0 0 0
122 1 0 0 0 0 0 0 0 0
123 1 1 1 0 0 0 1 0 0
129 33 0 0 0 0 0 0 0 0
130 22 0 0 0 0 0 11 0 0
134 1 0 0 0 0 0 0 0 0
136 12 1 1 0 0 0 12 0 0
137 12 0 0 12 0 0 0 0 0
141 60 0 0 48 0 0 0 0 0
fl=./stdlib/./stdlib/cxa_finalize.c
fn=__cxa_finalize
30 60 1 1 0 0 0 36 0 0
33 42 0 0 6 0 0 0 0 0
36 42 2 2 12 0 0 0 0 0
40 235 0 0 6 0 0 0 0 0
41 154 1 1 77 4 0 0 0 0
43 22 0 0 11 0 0 11 0 0
45 11 0 0 11 0 0 0 0 0
76 11 0 0 0 0 0 11 0 0
78 33 0 0 22 0 0 0 0 0
81 44 0 0 22 0 0 0 0 0
82 33 0 0 0 0 0 11 0 0
83 44 0 0 11 0 0 0 0 0
87 33 0 0 22 0 0 0 0 0
93 42 2 2 12 1 0 0 0 0
97 36 0 0 6 1 0 0 0 0
105 12 0 0 0 0 0 6 0 0
106 24 0 0 12 0 0 0 0 0
107 48 0 0 42 0 0 0 0 0
fl=./stdlib/./stdlib/cxa_thread_atexit_impl.c
fn=__call_tls_dtors
148 5 1 1 0 0 0 3 0 0
149 4 1 1 2 0 0 0 0 0
165 4 1 1 4 0 0 0 0 0
fl=./stdlib/./stdlib/divrem.c
fn=__mpn_divrem
46 24164 1 1 0 0 0 12082 0 0
47 1726 0 0 0 0 0 1726 0 0
49 3452 0 0 0 0 0 0 0 0
62 1726 1 1 1726 0 0 0 0 0
63 1726 0 0 1726 0 0 0 0 0
65 3452 0 0 0 0 0 0 0 0
67 108 0 0 0 0 0 0 0 0
68 216 1 1 0 0 0 108 0 0
72 15503 0 0 0 0 0 0 0 0
73 4425 0 0 1475 0 0 1475 0 0
76 3452 0 0 0 0 0 0 0 0
79 1726 0 0 0 0 0 1726 0 0
81 1726 0 0 0 0 0 0 0 0
234 15534 1 1 13808 0 0 0 0 0
fl=./stdlib/./stdlib/drand48-iter.c
fn=__drand48_iterate
30 7847308 1 1 0 0 0 0 0 0
35 7847308 0 0 3923654 1 0 0 0 0
37 2 1 1 0 0 0 1 0 0
38 3 0 0 0 0 0 1 0 0
46 27465578 0 0 11770962 0 0 0 0 0
48 15694614 0 0 7847306 0 0 0 0 0
50 3923654 0 0 0 0 0 3923654 0 0
52 7847308 0 0 0 0 0 3923654 0 0
55 7847308 0 0 3923654 0 0 0 0 0
fl=./stdlib/./stdlib/erand48.c
fn=erand48
23 27465578 1 1 3923654 0 0 7847308 0 0
26 11770962 0 0 0 0 0 3923654 0 0
28 3923654 0 0 3923654 0 0 0 0 0
29 19618270 0 0 15694616 0 0 0 0 0
fl=./stdlib/./stdlib/erand48_r.c
fn=erand48_r
26 27465578 1 1 0 0 0 11770962 0 0
30 11770962 0 0 0 0 0 3923654 336 48
38 31389232 1 1 7847308 0 0 0 0 0
39 23541924 0 0 3923654 0 0 0 0 0
42 11770962 0 0 3923654 1 0 3923654 0 0
44 3923654 0 0 0 0 0 0 0 0
45 15694616 1 1 15694616 0 0 0 0 0
fl=./stdlib/./stdlib/exit.c
fn=__run_exit_handlers
38 12 0 0 0 0 0 8 0 0
40 2 0 0 0 0 0 0 0 0
41 2 1 1 0 0 0 1 1 0
43 5 1 1 1 1 0 0 0 0
54 2 0 0 2 1 0 0 0 0
56 2 0 0 0 0 0 0 0 0
60 1 0 0 0 0 0 1 1 0
64 39 0 0 13 1 0 0 0 0
66 24 1 1 0 0 0 12 0 0
67 12 0 0 12 0 0 0 0 0
69 106 0 0 12 1 0 0 0 0
94 2 0 0 0 0 0 0 0 0
101 1 0 0 0 0 0 1 0 0
102 1 1 1 1 0 0 0 0 0
103 1 0 0 1 1 0 0 0 0
104 3 0 0 1 0 0 0 0 0
107 4 0 0 2 0 0 0 0 0
108 3 0 0 0 0 0 1 0 0
109 4 1 1 1 0 0 0 0 0
113 3 1 1 1 0 0 0 0 0
119 3 1 1 2 0 0 1 0 0
120 2 0 0 0 0 0 0 0 0
126 4 1 1 2 0 0 0 0 0
128 2 0 0 1 0 0 0 0 0
129 2 0 0 0 0 0 1 0 0
131 2 0 0 0 0 0 1 0 0
fn=exit
137 3 1 1 0 0 0 1 0 0
138 4 0 0 0 0 0 1 0 0
fl=./stdlib/./stdlib/getenv.c
fn=getenv
24 117 2 2 0 0 0 78 0 0
25 104 0 0 39 5 3 0 0 0
28 26 0 0 0 0 0 13 0 0
29 3263 0 0 819 9 0 0 0 0
31 1612 1 1 806 30 0 0 0 0
32 384 0 0 0 0 0 64 0 0
37 117 0 0 91 0 0 0 0 0
fl=./stdlib/./stdlib/grouping.c
fn=__correctly_grouped_prefixmb
54 108 1 1 0 0 0 72 0 0
55 18 0 0 0 0 0 0 0 0
56 18 1 1 0 0 0 0 0 0
185 81 2 2 63 0 0 0 0 0
fl=./stdlib/./stdlib/mul.c
fn=__mpn_mul
48 85 4 2 5 0 0 35 0 0
54 10 0 0 0 0 0 0 0 0
66 10 0 0 0 0 0 0 0 0
71 5 2 1 5 0 0 0 0 0
72 10 0 0 0 0 0 0 0 0
81 20 0 0 10 0 0 10 0 0
83 5 0 0 0 0 0 5 0 0
84 5 0 0 0 0 0 0 0 0
88 10 2 1 0 0 0 0 0 0
141 5 2 1 0 0 0 5 0 0
142 55 0 0 45 0 0 0 0 0
fl=./stdlib/./stdlib/secure-getenv.c
fn=secure_getenv
28 3 2 1 0 0 0 0 0 0
29 15 0 0 6 3 0 0 0 0
fl=./stdlib/./stdlib/strtod_l.c
fn=____strtod_l_internal
508 360 1 1 0 0 0 240 0 0
514 62 0 0 0 0 0 30 0 0
553 30 0 0 0 0 0 0 0 0
561 90 1 1 60 1 0 30 0 0
563 60 0 0 0 0 0 0 0 0
587 30 0 0 0 0 0 30 0 0
595 60 0 0 30 1 0 30 0 0
596 90 1 1 0 0 0 60 0 0
597 90 0 0 30 0 0 0 0 0
601 30 0 0 0 0 0 30 0 0
602 24 0 0 0 0 0 24 0 0
603 14 0 0 0 0 0 14 0 0
607 30 0 0 0 0 0 0 0 0
610 120 0 0 30 0 0 0 0 0
611 150 0 0 90 1 0 0 0 0
614 60 1 1 0 0 0 0 0 0
616 6 0 0 0 0 0 6 0 0
617 18 0 0 6 0 0 0 0 0
619 48 0 0 0 0 0 0 0 0
632 180 0 0 30 0 0 0 0 0
633 60 1 1 30 0 0 0 0 0
641 90 0 0 0 0 0 0 0 0
681 3 0 0 0 0 0 0 0 0
685 9 0 0 0 0 0 0 0 0
689 108 1 1 32 1 1 0 0 0
708 132 1 1 21 0 0 14 0 0
709 48 0 0 0 0 0 16 0 0
710 32 1 1 16 0 0 0 0 0
732 92 0 0 76 0 0 0 0 0
733 87 0 0 0 0 0 7 0 0
734 128 1 1 16 0 0 0 0 0
739 140 2 2 23 0 0 0 0 0
740 32 1 1 16 0 0 0 0 0
747 28 0 0 7 0 0 0 0 0
752 18 0 0 0 0 0 0 0 0
760 54 1 1 9 0 0 18 0 0
765 117 2 2 45 1 1 9 0 0
775 179 0 0 0 0 0 0 0 0
776 42 0 0 21 0 0 0 0 0
779 58 1 1 0 0 0 0 0 0
788 42 0 0 0 0 0 0 0 0
801 58 0 0 29 0 0 0 0 0
804 84 1 1 21 0 0 0 0 0
846 42 0 0 0 0 0 0 0 0
855 156 0 0 18 0 0 0 0 0
856 45 0 0 21 0 0 0 0 0
862 54 1 1 36 0 0 0 0 0
863 18 0 0 18 0 0 0 0 0
864 84 1 1 0 0 0 0 0 0
865 174 1 1 0 0 0 0 0 0
868 78 1 1 0 0 0 0 0 0
869 45 0 0 0 0 0 0 0 0
870 36 0 0 0 0 0 0 0 0
871 30 0 0 30 0 0 0 0 0
874 42 1 1 0 0 0 0 0 0
877 16 0 0 0 0 0 0 0 0
880 66 0 0 63 1 1 0 0 0
881 57 0 0 3 0 0 0 0 0
882 105 1 1 21 0 0 0 0 0
980 42 1 1 0 0 0 0 0 0
1013 42 0 0 0 0 0 0 0 0
1015 60 0 0 26 0 0 0 0 0
1017 8 0 0 0 0 0 0 0 0
1018 8 0 0 0 0 0 0 0 0
1020 24 1 1 0 0 0 0 0 0
1023 66 0 0 0 0 0 0 0 0
1042 63 0 0 21 0 0 0 0 0
1043 21 0 0 0 0 0 21 0 0
1048 42 0 0 0 0 0 0 0 0
1057 3 1 1 2 0 0 0 0 0
1059 5 0 0 2 0 0 0 0 0
1068 4 1 1 2 0 0 1 0 0
1069 4 0 0 1 0 0 0 0 0
1072 45 1 1 21 0 0 0 0 0
1076 1 0 0 0 0 0 0 0 0
1077 1 0 0 0 0 0 0 0 0
1081 40 1 1 20 0 0 0 0 0
1175 210 1 1 0 0 0 0 0 0
1176 21 0 0 0 0 0 0 0 0
1177 63 1 1 0 0 0 21 0 0
1180 84 0 0 0 0 0 0 0 0
1192 42 0 0 0 0 0 0 0 0
1195 42 0 0 0 0 0 0 0 0
1198 196 2 2 28 0 0 98 0 0
1204 84 0 0 56 0 0 0 0 0
1224 14 0 0 14 0 0 0 0 0
1248 42 1 1 14 0 0 0 0 0
1249 56 1 1 0 0 0 14 0 0
1253 28 0 0 0 0 0 0 0 0
1259 28 0 0 0 0 0 0 0 0
1291 28 0 0 0 0 0 0 0 0
1294 77 1 1 0 0 0 0 0 0
1296 33 0 0 0 0 0 0 0 0
1298 55 0 0 0 0 0 0 0 0
1306 55 0 0 11 0 0 11 0 0
1310 22 0 0 0 0 0 0 0 0
1325 88 1 1 11 0 0 11 0 0
1330 3 0 0 0 0 0 0 0 0
1353 20 1 1 0 0 0 10 0 0
1354 20 0 0 10 0 0 10 0 0
1355 10 1 1 0 0 0 0 0 0
1357 53 1 1 3 0 0 0 0 0
1366 6 0 0 0 0 0 0 0 0
1369 9 1 1 3 0 0 0 0 0
1370 15 0 0 3 0 0 0 0 0
1375 21 0 0 14 0 0 0 0 0
1378 56 0 0 0 0 0 0 0 0
1386 14 1 1 0 0 0 0 0 0
1391 14 1 1 0 0 0 0 0 0
1396 56 1 1 0 0 0 21 0 0
1399 30 1 1 0 0 0 0 0 0
1402 90 0 0 0 0 0 10 0 0
1410 50 0 0 0 0 0 10 0 0
1413 10 0 0 0 0 0 0 0 0
1414 10 0 0 0 0 0 0 0 0
1417 36 1 1 0 0 0 0 0 0
1420 14 0 0 0 0 0 0 0 0
1422 28 0 0 0 0 0 0 0 0
1424 24 0 0 14 1 1 0 0 0
1425 34 0 0 14 1 1 0 0 0
1430 84 0 0 8 0 0 24 0 0
1434 8 0 0 4 0 0 0 0 0
1435 8 0 0 0 0 0 0 0 0
1436 8 0 0 4 0 0 0 0 0
1437 12 0 0 4 0 0 8 0 0
1440 18 0 0 0 0 0 0 0 0
1441 18 0 0 0 0 0 0 0 0
1443 36 0 0 0 0 0 0 0 0
1445 50 2 2 30 0 0 0 0 0
1446 4 0 0 0 0 0 0 0 0
1449 90 1 1 60 0 0 20 0 0
1466 50 0 0 10 0 0 10 0 0
1468 40 0 0 20 0 0 0 0 0
1472 50 1 1 10 0 0 10 0 0
1473 60 0 0 20 0 0 10 0 0
1474 20 0 0 0 0 0 0 0 0
1485 23 1 1 10 0 0 13 0 0
1487 20 0 0 0 0 0 0 0 0
1494 10 1 1 10 0 0 0 0 0
1495 10 0 0 10 0 0 0 0 0
1496 60 1 1 0 0 0 0 0 0
1500 69 0 0 3 0 0 0 0 0
1538 217 3 3 19 0 0 17 0 0
1540 24 0 0 0 0 0 0 0 0
1542 104 1 1 27 0 0 10 0 0
1543 20 0 0 0 0 0 0 0 0
1544 20 0 0 0 0 0 0 0 0
1770 330 1 1 270 0 0 0 0 0
fn=round_and_return
215 336 1 1 21 0 0 147 0 0
218 42 0 0 0 0 0 0 0 0
226 21 0 0 0 0 0 0 0 0
233 21 0 0 21 0 0 0 0 0
313 42 1 1 0 0 0 0 0 0
316 42 1 1 21 0 0 21 0 0
319 112 0 0 0 0 0 0 0 0
320 42 0 0 0 0 0 0 0 0
328 6 0 0 0 0 0 0 0 0
338 6 0 0 0 0 0 0 0 0
350 43 1 1 0 0 0 0 0 0
352 14 0 0 14 1 1 0 0 0
355 175 1 1 42 0 0 0 0 0
356 147 0 0 126 0 0 0 0 0
fn=str_to_mpn.isra.0
365 240 1 1 24 0 0 168 0 0
374 48 0 0 0 0 0 0 0 0
375 24 0 0 0 0 0 0 0 0
378 24 0 0 0 0 0 24 0 0
379 144 1 1 0 0 0 0 0 0
382 98 1 1 0 0 0 0 0 0
413 196 0 0 49 0 0 0 0 0
416 18 0 0 0 0 0 0 0 0
423 9 0 0 0 0 0 0 0 0
426 156 0 0 9 0 0 0 0 0
427 98 0 0 0 0 0 0 0 0
429 98 0 0 0 0 0 0 0 0
431 96 1 1 48 0 0 0 0 0
438 72 0 0 24 1 1 0 0 0
440 72 0 0 24 0 0 0 0 0
442 24 0 0 0 0 0 24 0 0
443 24 1 1 0 0 0 24 0 0
458 216 0 0 168 0 0 0 0 0
fn=strtod_l
1782 60 1 1 0 0 0 0 0 0
1783 60 0 0 0 0 0 0 0 0
fl=./string/../include/rtld-malloc.h
fn=strdup
56 14 0 0 7 0 0 7 0 0
fl=./string/../string/strcspn.c
fn=strcspn
32 6 1 1 0 0 0 2 0 0
33 3 0 0 1 1 1 0 0 0
34 2 0 0 1 0 0 0 0 0
39 6 0 0 0 0 0 4 2 2
40 4 1 1 0 0 0 4 1 1
41 4 0 0 0 0 0 4 1 1
42 4 0 0 0 0 0 4 0 0
44 1 0 0 0 0 0 0 0 0
47 9 1 1 3 0 0 3 0 0
48 6 0 0 0 0 0 0 0 0
51 4 0 0 2 0 0 0 0 0
52 4 0 0 2 0 0 0 0 0
53 4 1 1 2 0 0 0 0 0
54 4 0 0 2 0 0 0 0 0
56 3 0 0 0 0 0 0 0 0
61 12 0 0 0 0 0 0 0 0
62 24 0 0 24 1 1 0 0 0
63 24 1 1 24 0 0 0 0 0
64 24 0 0 24 0 0 0 0 0
65 12 0 0 12 0 0 0 0 0
67 72 0 0 12 0 0 0 0 0
69 1 0 0 0 0 0 0 0 0
70 4 0 0 0 0 0 0 0 0
71 3 0 0 3 0 0 0 0 0
fl=./string/../string/strstr.c
fn=__GI_strstr
77 24 2 1 2 0 0 14 0 0
82 6 2 1 2 2 1 0 0 0
84 10 0 0 0 0 0 2 1 0
85 4 0 0 0 0 0 0 0 0
86 4 2 1 0 0 0 0 0 0
161 24 0 0 18 0 0 0 0 0
fl=./string/../sysdeps/x86/cacheinfo.c
fn=__x86_cacheinfo
86 1 1 1 0 0 0 0 0 0
fl=./string/../sysdeps/x86/cacheinfo.h
fn=__x86_cacheinfo
59 1 0 0 1 1 0 0 0 0
62 3 1 1 1 1 0 0 0 0
64 3 0 0 0 0 0 1 0 0
65 1 0 0 0 0 0 1 1 1
71 3 0 0 1 0 0 0 0 0
73 3 1 1 0 0 0 1 0 0
74 1 0 0 0 0 0 1 0 0
78 2 0 0 1 0 0 1 1 1
80 2 0 0 1 0 0 1 0 0
81 2 0 0 1 0 0 1 0 0
82 2 0 0 1 0 0 1 0 0
84 2 1 1 1 1 0 0 0 0
86 2 0 0 1 0 0 0 0 0
fl=./string/../sysdeps/x86_64/multiarch/../multiarch/memcmp-sse2.S
fn=bcmp
59 1 1 1 0 0 0 0 0 0
71 1 0 0 0 0 0 0 0 0
72 1 0 0 0 0 0 0 0 0
94 1 0 0 0 0 0 0 0 0
95 1 0 0 0 0 0 0 0 0
140 1 1 1 1 0 0 0 0 0
141 1 0 0 1 0 0 0 0 0
143 1 0 0 0 0 0 0 0 0
144 1 0 0 0 0 0 0 0 0
146 1 0 0 1 0 0 0 0 0
147 1 0 0 1 0 0 0 0 0
149 1 0 0 0 0 0 0 0 0
150 1 0 0 0 0 0 0 0 0
197 1 0 0 0 0 0 0 0 0
198 1 0 0 0 0 0 0 0 0
199 1 0 0 0 0 0 0 0 0
200 1 0 0 0 0 0 0 0 0
201 1 0 0 0 0 0 0 0 0
202 1 0 0 1 0 0 0 0 0
fl=./string/../sysdeps/x86_64/multiarch/../multiarch/memset-vec-unaligned-erms.S
fn=memset
132 98 2 1 0 0 0 0 0 0
133 490 0 0 0 0 0 0 0 0
138 98 0 0 0 0 0 0 0 0
139 98 0 0 0 0 0 0 0 0
142 70 0 0 0 0 0 0 0 0
143 70 0 0 0 0 0 0 0 0
145 22 0 0 0 0 0 22 22 22
146 22 0 0 0 0 0 22 0 0
147 22 1 0 22 0 0 0 0 0
244 48 1 1 0 0 0 48 26 26
245 48 0 0 0 0 0 48 0 0
257 48 0 0 0 0 0 0 0 0
260 48 0 0 0 0 0 0 0 0
261 48 0 0 0 0 0 0 0 0
273 48 0 0 0 0 0 48 23 23
274 48 0 0 0 0 0 48 25 25
287 48 0 0 0 0 0 0 0 0
288 48 0 0 0 0 0 0 0 0
290 48 0 0 0 0 0 0 0 0
293 26 0 0 0 0 0 0 0 0
296 52 0 0 0 0 0 0 0 0
299 127 1 0 0 0 0 127 45 45
300 127 0 0 0 0 0 127 0 0
301 127 0 0 0 0 0 127 52 52
302 127 0 0 0 0 0 127 6 6
303 127 0 0 0 0 0 0 0 0
304 127 0 0 0 0 0 0 0 0
305 127 0 0 0 0 0 0 0 0
308 48 0 0 0 0 0 48 1 1
309 48 0 0 0 0 0 48 0 0
310 48 0 0 0 0 0 48 0 0
311 48 0 0 0 0 0 48 1 1
316 48 0 0 48 0 0 0 0 0
350 28 1 1 0 0 0 0 0 0
352 28 0 0 0 0 0 0 0 0
353 28 0 0 0 0 0 0 0 0
392 28 2 1 0 0 0 28 2 2
393 28 0 0 0 0 0 28 1 1
395 28 0 0 28 0 0 0 0 0
fl=./string/../sysdeps/x86_64/multiarch/../multiarch/strchr-sse2.S
fn=index
32 32 1 1 0 0 0 0 0 0
33 32 0 0 0 0 0 0 0 0
34 32 0 0 0 0 0 0 0 0
35 32 0 0 0 0 0 0 0 0
36 32 1 1 0 0 0 0 0 0
37 32 0 0 0 0 0 0 0 0
38 32 0 0 0 0 0 0 0 0
39 32 0 0 0 0 0 0 0 0
40 32 0 0 0 0 0 0 0 0
41 32 0 0 32 4 4 0 0 0
42 32 0 0 0 0 0 0 0 0
43 32 0 0 0 0 0 0 0 0
44 32 0 0 0 0 0 0 0 0
45 32 0 0 0 0 0 0 0 0
46 32 0 0 0 0 0 0 0 0
47 32 0 0 0 0 0 0 0 0
48 32 0 0 0 0 0 0 0 0
49 32 0 0 0 0 0 0 0 0
50 27 0 0 0 0 0 0 0 0
54 27 0 0 0 0 0 0 0 0
55 27 1 1 0 0 0 0 0 0
56 27 0 0 27 0 0 0 0 0
57 27 0 0 0 0 0 0 0 0
59 27 0 0 27 0 0 0 0 0
63 5 0 0 5 1 1 0 0 0
64 5 0 0 0 0 0 0 0 0
65 5 0 0 0 0 0 0 0 0
66 5 0 0 0 0 0 0 0 0
67 5 0 0 0 0 0 0 0 0
68 5 0 0 0 0 0 0 0 0
69 5 0 0 5 1 1 0 0 0
70 5 0 0 0 0 0 0 0 0
71 5 0 0 0 0 0 0 0 0
72 5 0 0 0 0 0 0 0 0
73 5 0 0 0 0 0 0 0 0
74 5 1 1 0 0 0 0 0 0
75 5 0 0 0 0 0 0 0 0
76 5 0 0 5 0 0 0 0 0
77 5 0 0 0 0 0 0 0 0
78 5 0 0 0 0 0 0 0 0
79 5 0 0 0 0 0 0 0 0
80 5 0 0 0 0 0 0 0 0
81 5 0 0 0 0 0 0 0 0
82 5 0 0 0 0 0 0 0 0
83 5 0 0 0 0 0 0 0 0
84 5 0 0 0 0 0 0 0 0
85 5 0 0 0 0 0 0 0 0
86 5 0 0 0 0 0 0 0 0
138 5 1 1 0 0 0 0 0 0
142 5 0 0 0 0 0 0 0 0
143 5 0 0 0 0 0 0 0 0
144 5 0 0 5 0 0 0 0 0
145 5 0 0 0 0 0 0 0 0
147 5 0 0 5 0 0 0 0 0
fl=./string/../sysdeps/x86_64/multiarch/../multiarch/strcmp-sse2.S
fn=strcmp
98 2643 2 1 0 0 0 0 0 0
131 2643 0 0 0 0 0 0 0 0
132 2643 0 0 0 0 0 0 0 0
134 2643 0 0 0 0 0 0 0 0
135 2643 0 0 0 0 0 0 0 0
156 2643 0 0 0 0 0 0 0 0
157 2643 0 0 0 0 0 0 0 0
158 2439 0 0 0 0 0 0 0 0
159 2439 0 0 0 0 0 0 0 0
160 2273 0 0 2273 136 54 0 0 0
161 2273 2 1 2273 24 11 0 0 0
162 2273 0 0 2273 0 0 0 0 0
163 2273 0 0 2273 0 0 0 0 0
180 2273 0 0 0 0 0 0 0 0
181 2273 0 0 0 0 0 0 0 0
182 2273 0 0 0 0 0 0 0 0
183 2273 0 0 0 0 0 0 0 0
184 2273 0 0 0 0 0 0 0 0
185 2273 0 0 0 0 0 0 0 0
186 2273 0 0 0 0 0 0 0 0
191 57 0 0 0 0 0 0 0 0
192 171 0 0 0 0 0 0 0 0
201 427 2 1 0 0 0 0 0 0
202 427 0 0 0 0 0 0 0 0
203 427 0 0 0 0 0 0 0 0
204 427 0 0 0 0 0 0 0 0
205 427 0 0 0 0 0 0 0 0
206 427 0 0 0 0 0 0 0 0
207 427 0 0 0 0 0 0 0 0
208 427 0 0 0 0 0 0 0 0
209 334 0 0 0 0 0 0 0 0
210 170 0 0 0 0 0 0 0 0
211 170 0 0 0 0 0 0 0 0
212 170 0 0 0 0 0 0 0 0
214 334 0 0 0 0 0 0 0 0
215 334 0 0 0 0 0 0 0 0
216 334 0 0 0 0 0 0 0 0
217 334 0 0 334 18 2 0 0 0
218 334 0 0 0 0 0 0 0 0
219 334 0 0 0 0 0 0 0 0
229 93 1 1 93 18 3 0 0 0
230 93 0 0 0 0 0 0 0 0
231 93 0 0 0 0 0 0 0 0
233 93 0 0 93 4 1 0 0 0
239 93 0 0 0 0 0 0 0 0
240 93 0 0 0 0 0 0 0 0
241 93 0 0 0 0 0 0 0 0
242 93 0 0 0 0 0 0 0 0
243 93 0 0 0 0 0 0 0 0
248 93 0 0 0 0 0 0 0 0
250 80 0 0 0 0 0 0 0 0
251 80 0 0 0 0 0 0 0 0
252 160 0 0 0 0 0 0 0 0
260 80 2 1 80 14 1 0 0 0
261 80 0 0 80 1 1 0 0 0
264 80 0 0 0 0 0 0 0 0
265 80 0 0 0 0 0 0 0 0
266 80 0 0 0 0 0 0 0 0
267 80 0 0 0 0 0 0 0 0
268 80 0 0 0 0 0 0 0 0
269 80 0 0 0 0 0 0 0 0
300 6 1 1 0 0 0 0 0 0
301 6 0 0 6 0 0 0 0 0
302 6 0 0 6 1 1 0 0 0
303 6 0 0 0 0 0 0 0 0
304 6 0 0 0 0 0 0 0 0
306 6 0 0 0 0 0 0 0 0
307 6 0 0 0 0 0 0 0 0
308 6 1 1 0 0 0 0 0 0
309 6 0 0 0 0 0 0 0 0
310 6 0 0 0 0 0 0 0 0
311 6 0 0 0 0 0 0 0 0
312 6 0 0 0 0 0 0 0 0
313 6 0 0 6 0 0 0 0 0
316 6 0 0 0 0 0 0 0 0
317 6 0 0 0 0 0 0 0 0
318 6 0 0 0 0 0 0 0 0
324 6 0 0 0 0 0 0 0 0
325 6 0 0 0 0 0 0 0 0
326 12 0 0 0 0 0 0 0 0
330 6 1 1 0 0 0 0 0 0
331 6 0 0 0 0 0 0 0 0
334 6 0 0 6 0 0 0 0 0
335 6 0 0 6 0 0 0 0 0
336 6 0 0 0 0 0 0 0 0
338 6 0 0 0 0 0 0 0 0
339 6 0 0 0 0 0 0 0 0
340 6 0 0 0 0 0 0 0 0
344 6 0 0 0 0 0 0 0 0
345 6 0 0 0 0 0 0 0 0
346 6 0 0 0 0 0 0 0 0
347 6 0 0 0 0 0 0 0 0
348 6 0 0 0 0 0 0 0 0
349 6 1 1 0 0 0 0 0 0
424 3 1 1 0 0 0 0 0 0
425 3 0 0 3 1 0 0 0 0
426 3 0 0 3 0 0 0 0 0
427 3 0 0 0 0 0 0 0 0
428 3 0 0 0 0 0 0 0 0
430 3 0 0 0 0 0 0 0 0
431 3 0 0 0 0 0 0 0 0
432 3 1 1 0 0 0 0 0 0
433 3 0 0 0 0 0 0 0 0
434 3 0 0 0 0 0 0 0 0
435 3 0 0 0 0 0 0 0 0
436 3 0 0 0 0 0 0 0 0
437 3 0 0 3 0 0 0 0 0
440 3 0 0 0 0 0 0 0 0
441 3 0 0 0 0 0 0 0 0
442 3 0 0 0 0 0 0 0 0
448 3 0 0 0 0 0 0 0 0
449 3 0 0 0 0 0 0 0 0
450 6 0 0 0 0 0 0 0 0
454 4 1 1 0 0 0 0 0 0
455 4 0 0 0 0 0 0 0 0
458 4 0 0 4 0 0 0 0 0
459 4 0 0 4 2 1 0 0 0
460 4 0 0 0 0 0 0 0 0
462 4 0 0 0 0 0 0 0 0
463 4 0 0 0 0 0 0 0 0
464 4 0 0 0 0 0 0 0 0
468 4 0 0 0 0 0 0 0 0
469 4 0 0 0 0 0 0 0 0
470 4 0 0 0 0 0 0 0 0
471 4 0 0 0 0 0 0 0 0
472 4 0 0 0 0 0 0 0 0
473 4 1 1 0 0 0 0 0 0
480 1 0 0 0 0 0 0 0 0
481 1 0 0 0 0 0 0 0 0
483 1 0 0 0 0 0 0 0 0
484 1 0 0 0 0 0 0 0 0
486 1 0 0 1 0 0 0 0 0
487 1 0 0 1 0 0 0 0 0
488 1 0 0 0 0 0 0 0 0
490 1 0 0 0 0 0 0 0 0
491 1 0 0 0 0 0 0 0 0
492 1 0 0 0 0 0 0 0 0
496 1 0 0 0 0 0 0 0 0
497 1 0 0 0 0 0 0 0 0
498 1 0 0 0 0 0 0 0 0
499 1 0 0 0 0 0 0 0 0
500 1 1 1 0 0 0 0 0 0
501 1 0 0 0 0 0 0 0 0
508 1 0 0 0 0 0 0 0 0
509 1 0 0 0 0 0 0 0 0
510 1 0 0 0 0 0 0 0 0
542 2 1 1 0 0 0 0 0 0
543 2 0 0 2 0 0 0 0 0
544 2 0 0 2 1 1 0 0 0
545 2 0 0 0 0 0 0 0 0
546 2 0 0 0 0 0 0 0 0
548 2 0 0 0 0 0 0 0 0
549 2 0 0 0 0 0 0 0 0
550 2 1 1 0 0 0 0 0 0
551 2 0 0 0 0 0 0 0 0
552 2 0 0 0 0 0 0 0 0
553 2 0 0 0 0 0 0 0 0
554 2 0 0 0 0 0 0 0 0
555 2 0 0 2 0 0 0 0 0
559 2 0 0 0 0 0 0 0 0
560 2 0 0 0 0 0 0 0 0
561 2 0 0 0 0 0 0 0 0
567 2 0 0 0 0 0 0 0 0
568 2 0 0 0 0 0 0 0 0
569 4 0 0 0 0 0 0 0 0
573 3 1 1 0 0 0 0 0 0
574 3 0 0 0 0 0 0 0 0
577 3 0 0 3 0 0 0 0 0
578 3 0 0 3 1 1 0 0 0
579 3 0 0 0 0 0 0 0 0
581 3 0 0 0 0 0 0 0 0
582 3 0 0 0 0 0 0 0 0
583 3 0 0 0 0 0 0 0 0
587 3 0 0 0 0 0 0 0 0
588 3 0 0 0 0 0 0 0 0
589 3 0 0 0 0 0 0 0 0
590 3 0 0 0 0 0 0 0 0
591 3 0 0 0 0 0 0 0 0
592 3 1 1 0 0 0 0 0 0
599 2 0 0 0 0 0 0 0 0
600 2 0 0 0 0 0 0 0 0
602 2 0 0 0 0 0 0 0 0
603 2 0 0 0 0 0 0 0 0
605 2 0 0 2 0 0 0 0 0
606 2 0 0 2 0 0 0 0 0
607 2 0 0 0 0 0 0 0 0
609 2 0 0 0 0 0 0 0 0
610 2 0 0 0 0 0 0 0 0
611 2 0 0 0 0 0 0 0 0
615 2 0 0 0 0 0 0 0 0
616 2 0 0 0 0 0 0 0 0
617 2 0 0 0 0 0 0 0 0
618 2 0 0 0 0 0 0 0 0
619 2 1 1 0 0 0 0 0 0
620 2 0 0 0 0 0 0 0 0
627 1 0 0 0 0 0 0 0 0
628 1 0 0 0 0 0 0 0 0
629 1 0 0 0 0 0 0 0 0
661 17 1 1 0 0 0 0 0 0
662 17 0 0 17 1 1 0 0 0
663 17 0 0 17 3 1 0 0 0
664 17 0 0 0 0 0 0 0 0
665 17 0 0 0 0 0 0 0 0
667 17 0 0 0 0 0 0 0 0
668 17 0 0 0 0 0 0 0 0
669 17 1 1 0 0 0 0 0 0
670 17 0 0 0 0 0 0 0 0
671 17 0 0 0 0 0 0 0 0
672 17 0 0 0 0 0 0 0 0
673 17 0 0 0 0 0 0 0 0
674 9 0 0 9 0 0 0 0 0
678 9 0 0 0 0 0 0 0 0
679 9 0 0 0 0 0 0 0 0
680 9 0 0 0 0 0 0 0 0
686 9 0 0 0 0 0 0 0 0
687 9 0 0 0 0 0 0 0 0
688 18 0 0 0 0 0 0 0 0
692 10 1 1 0 0 0 0 0 0
693 10 0 0 0 0 0 0 0 0
696 10 0 0 10 1 1 0 0 0
697 10 0 0 10 2 0 0 0 0
698 10 0 0 0 0 0 0 0 0
700 10 0 0 0 0 0 0 0 0
701 10 0 0 0 0 0 0 0 0
702 10 0 0 0 0 0 0 0 0
706 10 0 0 0 0 0 0 0 0
707 10 0 0 0 0 0 0 0 0
708 10 0 0 0 0 0 0 0 0
709 10 0 0 0 0 0 0 0 0
710 10 0 0 0 0 0 0 0 0
711 10 1 1 0 0 0 0 0 0
718 6 0 0 0 0 0 0 0 0
719 6 0 0 0 0 0 0 0 0
721 6 0 0 0 0 0 0 0 0
722 6 0 0 0 0 0 0 0 0
724 6 0 0 6 1 0 0 0 0
725 6 0 0 6 2 1 0 0 0
726 6 0 0 0 0 0 0 0 0
728 6 0 0 0 0 0 0 0 0
729 6 0 0 0 0 0 0 0 0
730 6 0 0 0 0 0 0 0 0
734 6 0 0 0 0 0 0 0 0
735 6 0 0 0 0 0 0 0 0
736 6 0 0 0 0 0 0 0 0
737 6 0 0 0 0 0 0 0 0
738 6 1 1 0 0 0 0 0 0
739 6 0 0 0 0 0 0 0 0
746 1 0 0 0 0 0 0 0 0
747 1 0 0 0 0 0 0 0 0
748 1 0 0 0 0 0 0 0 0
780 7 1 1 0 0 0 0 0 0
781 7 0 0 7 0 0 0 0 0
782 7 0 0 7 0 0 0 0 0
783 7 0 0 0 0 0 0 0 0
784 7 0 0 0 0 0 0 0 0
786 7 0 0 0 0 0 0 0 0
787 7 0 0 0 0 0 0 0 0
788 7 1 1 0 0 0 0 0 0
789 7 0 0 0 0 0 0 0 0
790 7 0 0 0 0 0 0 0 0
791 7 0 0 0 0 0 0 0 0
792 7 0 0 0 0 0 0 0 0
793 3 0 0 3 0 0 0 0 0
797 3 0 0 0 0 0 0 0 0
798 3 0 0 0 0 0 0 0 0
799 3 0 0 0 0 0 0 0 0
805 3 0 0 0 0 0 0 0 0
806 3 0 0 0 0 0 0 0 0
807 6 0 0 0 0 0 0 0 0
811 3 1 1 0 0 0 0 0 0
812 3 0 0 0 0 0 0 0 0
815 3 0 0 3 0 0 0 0 0
816 3 0 0 3 0 0 0 0 0
817 3 0 0 0 0 0 0 0 0
819 3 0 0 0 0 0 0 0 0
820 3 0 0 0 0 0 0 0 0
821 3 0 0 0 0 0 0 0 0
825 3 0 0 0 0 0 0 0 0
826 3 0 0 0 0 0 0 0 0
827 3 0 0 0 0 0 0 0 0
828 3 0 0 0 0 0 0 0 0
829 3 0 0 0 0 0 0 0 0
830 3 1 1 0 0 0 0 0 0
837 1 0 0 0 0 0 0 0 0
838 1 0 0 0 0 0 0 0 0
840 1 0 0 0 0 0 0 0 0
841 1 0 0 0 0 0 0 0 0
843 1 0 0 1 0 0 0 0 0
844 1 0 0 1 0 0 0 0 0
845 1 0 0 0 0 0 0 0 0
847 1 0 0 0 0 0 0 0 0
848 1 0 0 0 0 0 0 0 0
849 1 0 0 0 0 0 0 0 0
853 1 0 0 0 0 0 0 0 0
854 1 0 0 0 0 0 0 0 0
855 1 0 0 0 0 0 0 0 0
856 1 0 0 0 0 0 0 0 0
857 1 1 1 0 0 0 0 0 0
858 1 0 0 0 0 0 0 0 0
899 6 3 1 0 0 0 0 0 0
900 6 0 0 6 3 1 0 0 0
901 6 0 0 6 3 3 0 0 0
902 6 0 0 0 0 0 0 0 0
903 6 0 0 0 0 0 0 0 0
905 6 0 0 0 0 0 0 0 0
906 6 0 0 0 0 0 0 0 0
907 6 3 1 0 0 0 0 0 0
908 6 0 0 0 0 0 0 0 0
909 6 0 0 0 0 0 0 0 0
910 6 0 0 0 0 0 0 0 0
911 6 0 0 0 0 0 0 0 0
912 5 0 0 5 0 0 0 0 0
916 5 0 0 0 0 0 0 0 0
917 5 0 0 0 0 0 0 0 0
918 5 0 0 0 0 0 0 0 0
924 5 0 0 0 0 0 0 0 0
925 5 0 0 0 0 0 0 0 0
926 10 0 0 0 0 0 0 0 0
930 5 2 1 0 0 0 0 0 0
931 5 0 0 0 0 0 0 0 0
934 5 0 0 5 2 2 0 0 0
935 5 0 0 5 0 0 0 0 0
936 5 0 0 0 0 0 0 0 0
938 5 0 0 0 0 0 0 0 0
939 5 0 0 0 0 0 0 0 0
940 5 0 0 0 0 0 0 0 0
944 5 0 0 0 0 0 0 0 0
945 5 0 0 0 0 0 0 0 0
946 5 0 0 0 0 0 0 0 0
947 5 0 0 0 0 0 0 0 0
948 5 0 0 0 0 0 0 0 0
949 5 2 1 0 0 0 0 0 0
956 1 0 0 0 0 0 0 0 0
957 1 0 0 0 0 0 0 0 0
959 1 0 0 0 0 0 0 0 0
960 1 0 0 0 0 0 0 0 0
962 1 0 0 1 0 0 0 0 0
963 1 0 0 1 0 0 0 0 0
964 1 0 0 0 0 0 0 0 0
966 1 0 0 0 0 0 0 0 0
967 1 0 0 0 0 0 0 0 0
968 1 0 0 0 0 0 0 0 0
972 1 0 0 0 0 0 0 0 0
973 1 0 0 0 0 0 0 0 0
974 1 0 0 0 0 0 0 0 0
975 1 0 0 0 0 0 0 0 0
976 1 1 1 0 0 0 0 0 0
977 1 0 0 0 0 0 0 0 0
1018 14 1 1 0 0 0 0 0 0
1019 14 0 0 14 4 4 0 0 0
1020 14 0 0 14 5 3 0 0 0
1021 14 0 0 0 0 0 0 0 0
1022 14 0 0 0 0 0 0 0 0
1024 14 0 0 0 0 0 0 0 0
1025 14 0 0 0 0 0 0 0 0
1026 14 1 1 0 0 0 0 0 0
1027 14 0 0 0 0 0 0 0 0
1028 14 0 0 0 0 0 0 0 0
1029 14 0 0 0 0 0 0 0 0
1030 14 0 0 0 0 0 0 0 0
1031 12 0 0 12 0 0 0 0 0
1035 12 0 0 0 0 0 0 0 0
1036 12 0 0 0 0 0 0 0 0
1037 12 0 0 0 0 0 0 0 0
1043 12 0 0 0 0 0 0 0 0
1044 12 0 0 0 0 0 0 0 0
1045 24 0 0 0 0 0 0 0 0
1049 14 1 1 0 0 0 0 0 0
1050 14 0 0 0 0 0 0 0 0
1053 14 0 0 14 4 3 0 0 0
1054 14 0 0 14 2 2 0 0 0
1055 14 0 0 0 0 0 0 0 0
1057 14 0 0 0 0 0 0 0 0
1058 14 0 0 0 0 0 0 0 0
1059 14 0 0 0 0 0 0 0 0
1063 14 0 0 0 0 0 0 0 0
1064 14 0 0 0 0 0 0 0 0
1065 14 0 0 0 0 0 0 0 0
1066 14 0 0 0 0 0 0 0 0
1067 14 0 0 0 0 0 0 0 0
1068 14 1 1 0 0 0 0 0 0
1075 5 0 0 0 0 0 0 0 0
1076 5 0 0 0 0 0 0 0 0
1078 5 0 0 0 0 0 0 0 0
1079 5 0 0 0 0 0 0 0 0
1081 5 0 0 5 0 0 0 0 0
1082 5 0 0 5 1 1 0 0 0
1083 5 0 0 0 0 0 0 0 0
1085 5 0 0 0 0 0 0 0 0
1086 5 0 0 0 0 0 0 0 0
1087 5 0 0 0 0 0 0 0 0
1091 5 0 0 0 0 0 0 0 0
1092 5 0 0 0 0 0 0 0 0
1093 5 0 0 0 0 0 0 0 0
1094 5 0 0 0 0 0 0 0 0
1095 5 1 1 0 0 0 0 0 0
1096 5 0 0 0 0 0 0 0 0
1103 2 0 0 0 0 0 0 0 0
1104 2 0 0 0 0 0 0 0 0
1105 2 0 0 0 0 0 0 0 0
1137 13 2 1 0 0 0 0 0 0
1138 13 0 0 13 0 0 0 0 0
1139 13 0 0 13 1 0 0 0 0
1140 13 0 0 0 0 0 0 0 0
1141 13 0 0 0 0 0 0 0 0
1143 13 0 0 0 0 0 0 0 0
1144 13 0 0 0 0 0 0 0 0
1145 13 2 1 0 0 0 0 0 0
1146 13 0 0 0 0 0 0 0 0
1147 13 0 0 0 0 0 0 0 0
1148 13 0 0 0 0 0 0 0 0
1149 13 0 0 0 0 0 0 0 0
1150 6 0 0 6 0 0 0 0 0
1154 6 0 0 0 0 0 0 0 0
1155 6 0 0 0 0 0 0 0 0
1156 6 0 0 0 0 0 0 0 0
1162 6 0 0 0 0 0 0 0 0
1163 6 0 0 0 0 0 0 0 0
1164 12 0 0 0 0 0 0 0 0
1168 7 2 1 0 0 0 0 0 0
1169 7 0 0 0 0 0 0 0 0
1172 7 0 0 7 2 1 0 0 0
1173 7 0 0 7 1 0 0 0 0
1174 7 0 0 0 0 0 0 0 0
1176 7 0 0 0 0 0 0 0 0
1177 7 0 0 0 0 0 0 0 0
1178 7 0 0 0 0 0 0 0 0
1182 7 0 0 0 0 0 0 0 0
1183 7 0 0 0 0 0 0 0 0
1184 7 0 0 0 0 0 0 0 0
1185 7 0 0 0 0 0 0 0 0
1186 7 0 0 0 0 0 0 0 0
1187 7 1 1 0 0 0 0 0 0
1194 1 0 0 0 0 0 0 0 0
1195 1 0 0 0 0 0 0 0 0
1197 1 0 0 0 0 0 0 0 0
1198 1 0 0 0 0 0 0 0 0
1200 1 0 0 1 0 0 0 0 0
1201 1 0 0 1 0 0 0 0 0
1202 1 0 0 0 0 0 0 0 0
1204 1 0 0 0 0 0 0 0 0
1205 1 0 0 0 0 0 0 0 0
1206 1 0 0 0 0 0 0 0 0
1210 1 0 0 0 0 0 0 0 0
1211 1 0 0 0 0 0 0 0 0
1212 1 0 0 0 0 0 0 0 0
1213 1 0 0 0 0 0 0 0 0
1214 1 1 1 0 0 0 0 0 0
1215 1 0 0 0 0 0 0 0 0
1222 1 0 0 0 0 0 0 0 0
1223 1 0 0 0 0 0 0 0 0
1224 1 0 0 0 0 0 0 0 0
1256 22 1 1 0 0 0 0 0 0
1257 22 0 0 22 3 2 0 0 0
1258 22 0 0 22 3 2 0 0 0
1259 22 0 0 0 0 0 0 0 0
1260 22 0 0 0 0 0 0 0 0
1262 22 0 0 0 0 0 0 0 0
1263 22 0 0 0 0 0 0 0 0
1264 22 2 1 0 0 0 0 0 0
1265 22 0 0 0 0 0 0 0 0
1266 22 0 0 0 0 0 0 0 0
1267 22 0 0 0 0 0 0 0 0
1268 22 0 0 0 0 0 0 0 0
1269 11 0 0 11 0 0 0 0 0
1273 11 0 0 0 0 0 0 0 0
1274 11 0 0 0 0 0 0 0 0
1275 11 0 0 0 0 0 0 0 0
1281 11 0 0 0 0 0 0 0 0
1282 11 0 0 0 0 0 0 0 0
1283 22 0 0 0 0 0 0 0 0
1287 13 2 1 0 0 0 0 0 0
1288 13 0 0 0 0 0 0 0 0
1291 13 0 0 13 3 3 0 0 0
1292 13 0 0 13 4 3 0 0 0
1293 13 0 0 0 0 0 0 0 0
1295 13 0 0 0 0 0 0 0 0
1296 13 0 0 0 0 0 0 0 0
1297 13 0 0 0 0 0 0 0 0
1301 13 0 0 0 0 0 0 0 0
1302 13 0 0 0 0 0 0 0 0
1303 13 0 0 0 0 0 0 0 0
1304 13 0 0 0 0 0 0 0 0
1305 13 0 0 0 0 0 0 0 0
1306 13 2 1 0 0 0 0 0 0
1313 3 0 0 0 0 0 0 0 0
1314 3 0 0 0 0 0 0 0 0
1316 3 0 0 0 0 0 0 0 0
1317 3 0 0 0 0 0 0 0 0
1319 3 0 0 3 1 1 0 0 0
1320 3 0 0 3 0 0 0 0 0
1321 3 0 0 0 0 0 0 0 0
1323 3 0 0 0 0 0 0 0 0
1324 3 0 0 0 0 0 0 0 0
1325 3 0 0 0 0 0 0 0 0
1329 3 0 0 0 0 0 0 0 0
1330 3 0 0 0 0 0 0 0 0
1331 3 0 0 0 0 0 0 0 0
1332 3 0 0 0 0 0 0 0 0
1333 3 1 1 0 0 0 0 0 0
1334 3 0 0 0 0 0 0 0 0
1341 2 0 0 0 0 0 0 0 0
1342 2 0 0 0 0 0 0 0 0
1343 2 0 0 0 0 0 0 0 0
1375 24 1 1 0 0 0 0 0 0
1376 24 0 0 24 3 1 0 0 0
1377 24 0 0 24 5 3 0 0 0
1378 24 0 0 0 0 0 0 0 0
1379 24 0 0 0 0 0 0 0 0
1381 24 0 0 0 0 0 0 0 0
1382 24 0 0 0 0 0 0 0 0
1383 24 1 1 0 0 0 0 0 0
1384 24 0 0 0 0 0 0 0 0
1385 24 0 0 0 0 0 0 0 0
1386 24 0 0 0 0 0 0 0 0
1387 24 0 0 0 0 0 0 0 0
1388 13 0 0 13 0 0 0 0 0
1392 13 0 0 0 0 0 0 0 0
1393 13 0 0 0 0 0 0 0 0
1394 13 0 0 0 0 0 0 0 0
1400 13 0 0 0 0 0 0 0 0
1401 13 0 0 0 0 0 0 0 0
1402 26 0 0 0 0 0 0 0 0
1406 13 1 1 0 0 0 0 0 0
1407 13 0 0 0 0 0 0 0 0
1410 13 0 0 13 3 2 0 0 0
1411 13 0 0 13 4 2 0 0 0
1412 13 0 0 0 0 0 0 0 0
1414 13 0 0 0 0 0 0 0 0
1415 13 0 0 0 0 0 0 0 0
1416 13 0 0 0 0 0 0 0 0
1420 13 0 0 0 0 0 0 0 0
1421 13 0 0 0 0 0 0 0 0
1422 13 0 0 0 0 0 0 0 0
1423 13 0 0 0 0 0 0 0 0
1424 13 0 0 0 0 0 0 0 0
1425 13 1 1 0 0 0 0 0 0
1494 36 1 1 0 0 0 0 0 0
1495 36 0 0 36 5 3 0 0 0
1496 36 0 0 36 6 5 0 0 0
1497 36 0 0 0 0 0 0 0 0
1498 36 0 0 0 0 0 0 0 0
1500 36 0 0 0 0 0 0 0 0
1501 36 0 0 0 0 0 0 0 0
1502 36 1 1 0 0 0 0 0 0
1503 36 0 0 0 0 0 0 0 0
1504 36 0 0 0 0 0 0 0 0
1505 36 0 0 0 0 0 0 0 0
1506 36 0 0 0 0 0 0 0 0
1507 14 0 0 14 0 0 0 0 0
1511 14 0 0 0 0 0 0 0 0
1512 14 0 0 0 0 0 0 0 0
1513 14 0 0 0 0 0 0 0 0
1519 14 0 0 0 0 0 0 0 0
1520 14 0 0 0 0 0 0 0 0
1521 28 0 0 0 0 0 0 0 0
1525 17 1 1 0 0 0 0 0 0
1526 17 0 0 0 0 0 0 0 0
1529 17 0 0 17 4 2 0 0 0
1530 17 0 0 17 5 4 0 0 0
1531 17 0 0 0 0 0 0 0 0
1533 17 0 0 0 0 0 0 0 0
1534 17 0 0 0 0 0 0 0 0
1535 17 0 0 0 0 0 0 0 0
1539 17 0 0 0 0 0 0 0 0
1540 17 0 0 0 0 0 0 0 0
1541 17 0 0 0 0 0 0 0 0
1542 17 0 0 0 0 0 0 0 0
1543 17 0 0 0 0 0 0 0 0
1544 17 1 1 0 0 0 0 0 0
1551 7 0 0 0 0 0 0 0 0
1552 7 0 0 0 0 0 0 0 0
1554 7 0 0 0 0 0 0 0 0
1555 7 0 0 0 0 0 0 0 0
1557 7 0 0 7 2 2 0 0 0
1558 7 0 0 7 0 0 0 0 0
1559 7 0 0 0 0 0 0 0 0
1561 7 0 0 0 0 0 0 0 0
1562 7 0 0 0 0 0 0 0 0
1563 7 0 0 0 0 0 0 0 0
1567 7 0 0 0 0 0 0 0 0
1568 7 0 0 0 0 0 0 0 0
1569 7 0 0 0 0 0 0 0 0
1570 7 0 0 0 0 0 0 0 0
1571 7 1 1 0 0 0 0 0 0
1572 7 0 0 0 0 0 0 0 0
1579 3 0 0 0 0 0 0 0 0
1580 3 0 0 0 0 0 0 0 0
1581 3 0 0 0 0 0 0 0 0
1613 70 2 1 0 0 0 0 0 0
1614 70 0 0 70 5 0 0 0 0
1615 70 0 0 70 9 2 0 0 0
1616 70 0 0 0 0 0 0 0 0
1617 70 0 0 0 0 0 0 0 0
1619 70 0 0 0 0 0 0 0 0
1620 70 0 0 0 0 0 0 0 0
1621 70 1 1 0 0 0 0 0 0
1622 70 0 0 0 0 0 0 0 0
1623 70 0 0 0 0 0 0 0 0
1624 70 0 0 0 0 0 0 0 0
1625 70 0 0 0 0 0 0 0 0
1626 17 0 0 17 0 0 0 0 0
1630 17 0 0 0 0 0 0 0 0
1631 17 0 0 0 0 0 0 0 0
1632 17 0 0 0 0 0 0 0 0
1638 17 0 0 0 0 0 0 0 0
1639 17 0 0 0 0 0 0 0 0
1640 34 0 0 0 0 0 0 0 0
1644 20 1 1 0 0 0 0 0 0
1645 20 0 0 0 0 0 0 0 0
1648 20 0 0 20 4 2 0 0 0
1649 20 0 0 20 4 1 0 0 0
1650 20 0 0 0 0 0 0 0 0
1652 20 0 0 0 0 0 0 0 0
1653 20 0 0 0 0 0 0 0 0
1654 20 0 0 0 0 0 0 0 0
1658 20 0 0 0 0 0 0 0 0
1659 20 0 0 0 0 0 0 0 0
1660 20 0 0 0 0 0 0 0 0
1661 20 0 0 0 0 0 0 0 0
1662 20 0 0 0 0 0 0 0 0
1663 20 1 1 0 0 0 0 0 0
1670 4 0 0 0 0 0 0 0 0
1671 4 0 0 0 0 0 0 0 0
1673 4 0 0 0 0 0 0 0 0
1674 4 0 0 0 0 0 0 0 0
1676 4 0 0 4 0 0 0 0 0
1677 4 0 0 4 2 2 0 0 0
1678 4 0 0 0 0 0 0 0 0
1680 4 0 0 0 0 0 0 0 0
1681 4 0 0 0 0 0 0 0 0
1682 4 0 0 0 0 0 0 0 0
1686 4 0 0 0 0 0 0 0 0
1687 4 0 0 0 0 0 0 0 0
1688 4 0 0 0 0 0 0 0 0
1689 4 0 0 0 0 0 0 0 0
1690 4 1 1 0 0 0 0 0 0
1691 4 0 0 0 0 0 0 0 0
1698 3 0 0 0 0 0 0 0 0
1699 3 0 0 0 0 0 0 0 0
1700 3 0 0 0 0 0 0 0 0
1732 34 1 1 0 0 0 0 0 0
1733 34 0 0 34 8 3 0 0 0
1734 34 0 0 34 6 4 0 0 0
1735 34 0 0 0 0 0 0 0 0
1736 34 0 0 0 0 0 0 0 0
1738 34 0 0 0 0 0 0 0 0
1739 34 0 0 0 0 0 0 0 0
1740 34 1 1 0 0 0 0 0 0
1741 34 0 0 0 0 0 0 0 0
1742 34 0 0 0 0 0 0 0 0
1743 34 0 0 0 0 0 0 0 0
1744 34 0 0 0 0 0 0 0 0
1745 22 0 0 22 0 0 0 0 0
1749 22 0 0 0 0 0 0 0 0
1750 22 0 0 0 0 0 0 0 0
1751 22 0 0 0 0 0 0 0 0
1757 22 0 0 0 0 0 0 0 0
1758 22 0 0 0 0 0 0 0 0
1759 44 0 0 0 0 0 0 0 0
1763 22 1 1 0 0 0 0 0 0
1764 22 0 0 0 0 0 0 0 0
1767 22 0 0 22 4 2 0 0 0
1768 22 0 0 22 4 2 0 0 0
1769 22 0 0 0 0 0 0 0 0
1771 22 0 0 0 0 0 0 0 0
1772 22 0 0 0 0 0 0 0 0
1773 22 0 0 0 0 0 0 0 0
1777 22 0 0 0 0 0 0 0 0
1778 22 0 0 0 0 0 0 0 0
1779 22 0 0 0 0 0 0 0 0
1780 22 0 0 0 0 0 0 0 0
1781 22 0 0 0 0 0 0 0 0
1782 22 1 1 0 0 0 0 0 0
1789 4 0 0 0 0 0 0 0 0
1790 4 0 0 0 0 0 0 0 0
1792 4 0 0 0 0 0 0 0 0
1793 4 0 0 0 0 0 0 0 0
1795 4 0 0 4 0 0 0 0 0
1796 4 0 0 4 1 0 0 0 0
1797 4 0 0 0 0 0 0 0 0
1799 4 0 0 0 0 0 0 0 0
1800 4 0 0 0 0 0 0 0 0
1801 4 0 0 0 0 0 0 0 0
1805 4 0 0 0 0 0 0 0 0
1806 4 0 0 0 0 0 0 0 0
1807 4 0 0 0 0 0 0 0 0
1808 4 0 0 0 0 0 0 0 0
1809 4 1 1 0 0 0 0 0 0
1810 4 0 0 0 0 0 0 0 0
1851 32 1 1 0 0 0 0 0 0
1852 32 0 0 32 4 1 0 0 0
1853 32 0 0 32 4 1 0 0 0
1854 32 0 0 0 0 0 0 0 0
1855 32 0 0 0 0 0 0 0 0
1857 32 0 0 0 0 0 0 0 0
1858 32 0 0 0 0 0 0 0 0
1859 32 1 1 0 0 0 0 0 0
1860 32 0 0 0 0 0 0 0 0
1861 32 0 0 0 0 0 0 0 0
1862 32 0 0 0 0 0 0 0 0
1863 32 0 0 0 0 0 0 0 0
1864 20 0 0 20 0 0 0 0 0
1868 20 0 0 0 0 0 0 0 0
1869 20 0 0 0 0 0 0 0 0
1870 20 0 0 0 0 0 0 0 0
1876 20 0 0 0 0 0 0 0 0
1877 20 0 0 0 0 0 0 0 0
1878 40 0 0 0 0 0 0 0 0
1882 23 1 1 0 0 0 0 0 0
1883 23 0 0 0 0 0 0 0 0
1886 23 0 0 23 4 2 0 0 0
1887 23 0 0 23 4 2 0 0 0
1888 23 0 0 0 0 0 0 0 0
1890 23 0 0 0 0 0 0 0 0
1891 23 0 0 0 0 0 0 0 0
1892 23 0 0 0 0 0 0 0 0
1896 23 0 0 0 0 0 0 0 0
1897 23 0 0 0 0 0 0 0 0
1898 23 0 0 0 0 0 0 0 0
1899 23 0 0 0 0 0 0 0 0
1900 23 0 0 0 0 0 0 0 0
1901 23 1 1 0 0 0 0 0 0
1908 6 0 0 0 0 0 0 0 0
1909 6 0 0 0 0 0 0 0 0
1911 6 0 0 0 0 0 0 0 0
1912 6 0 0 0 0 0 0 0 0
1914 6 0 0 6 0 0 0 0 0
1915 6 0 0 6 0 0 0 0 0
1916 6 0 0 0 0 0 0 0 0
1918 6 0 0 0 0 0 0 0 0
1919 6 0 0 0 0 0 0 0 0
1920 6 0 0 0 0 0 0 0 0
1924 6 0 0 0 0 0 0 0 0
1925 6 0 0 0 0 0 0 0 0
1926 6 0 0 0 0 0 0 0 0
1927 6 0 0 0 0 0 0 0 0
1928 6 1 1 0 0 0 0 0 0
1929 6 0 0 0 0 0 0 0 0
1936 3 0 0 0 0 0 0 0 0
1937 3 0 0 0 0 0 0 0 0
1938 3 0 0 0 0 0 0 0 0
1970 48 2 1 0 0 0 0 0 0
1971 48 0 0 48 9 1 0 0 0
1972 48 0 0 48 8 5 0 0 0
1973 48 0 0 0 0 0 0 0 0
1974 48 0 0 0 0 0 0 0 0
1976 48 0 0 0 0 0 0 0 0
1977 48 0 0 0 0 0 0 0 0
1978 48 2 1 0 0 0 0 0 0
1979 48 0 0 0 0 0 0 0 0
1980 48 0 0 0 0 0 0 0 0
1981 48 0 0 0 0 0 0 0 0
1982 48 0 0 0 0 0 0 0 0
1984 15 0 0 15 0 0 0 0 0
1988 15 0 0 0 0 0 0 0 0
1989 15 0 0 0 0 0 0 0 0
1990 15 0 0 0 0 0 0 0 0
1996 15 0 0 0 0 0 0 0 0
1997 15 0 0 0 0 0 0 0 0
1999 30 0 0 0 0 0 0 0 0
2003 18 2 1 0 0 0 0 0 0
2004 18 0 0 0 0 0 0 0 0
2007 18 0 0 18 2 2 0 0 0
2008 18 0 0 18 8 5 0 0 0
2009 18 0 0 0 0 0 0 0 0
2011 18 0 0 0 0 0 0 0 0
2012 18 0 0 0 0 0 0 0 0
2013 18 0 0 0 0 0 0 0 0
2017 18 0 0 0 0 0 0 0 0
2018 18 0 0 0 0 0 0 0 0
2019 18 0 0 0 0 0 0 0 0
2020 18 0 0 0 0 0 0 0 0
2021 18 0 0 0 0 0 0 0 0
2022 18 2 1 0 0 0 0 0 0
2029 5 0 0 0 0 0 0 0 0
2030 5 0 0 0 0 0 0 0 0
2032 5 0 0 0 0 0 0 0 0
2033 5 0 0 0 0 0 0 0 0
2035 5 0 0 5 0 0 0 0 0
2036 5 0 0 5 0 0 0 0 0
2037 5 0 0 0 0 0 0 0 0
2039 5 0 0 0 0 0 0 0 0
2040 5 0 0 0 0 0 0 0 0
2041 5 0 0 0 0 0 0 0 0
2045 5 0 0 0 0 0 0 0 0
2046 5 0 0 0 0 0 0 0 0
2047 5 0 0 0 0 0 0 0 0
2048 5 0 0 0 0 0 0 0 0
2049 5 1 1 0 0 0 0 0 0
2050 5 0 0 0 0 0 0 0 0
2057 3 0 0 0 0 0 0 0 0
2058 3 0 0 0 0 0 0 0 0
2059 3 0 0 0 0 0 0 0 0
2093 238 0 0 0 0 0 0 0 0
2095 427 1 1 0 0 0 0 0 0
2096 427 0 0 0 0 0 0 0 0
2097 427 0 0 0 0 0 0 0 0
2098 427 0 0 0 0 0 0 0 0
2099 340 0 0 0 0 0 0 0 0
2104 2643 1 1 0 0 0 0 0 0
2110 2643 0 0 2643 0 0 0 0 0
2111 2643 0 0 2643 0 0 0 0 0
2119 2643 0 0 0 0 0 0 0 0
2120 2643 0 0 2643 0 0 0 0 0
fn=strncmp
98 1 1 1 0 0 0 0 0 0
125 1 0 0 0 0 0 0 0 0
126 1 0 0 0 0 0 0 0 0
127 1 0 0 0 0 0 0 0 0
128 1 0 0 0 0 0 0 0 0
129 1 0 0 0 0 0 0 0 0
131 1 0 0 0 0 0 0 0 0
132 1 0 0 0 0 0 0 0 0
134 1 1 1 0 0 0 0 0 0
135 1 0 0 0 0 0 0 0 0
156 1 0 0 0 0 0 0 0 0
157 1 0 0 0 0 0 0 0 0
158 1 0 0 0 0 0 0 0 0
159 1 0 0 0 0 0 0 0 0
160 1 0 0 1 0 0 0 0 0
161 1 0 0 1 0 0 0 0 0
162 1 0 0 1 0 0 0 0 0
163 1 0 0 1 0 0 0 0 0
180 1 0 0 0 0 0 0 0 0
181 1 0 0 0 0 0 0 0 0
182 1 0 0 0 0 0 0 0 0
183 1 0 0 0 0 0 0 0 0
184 1 0 0 0 0 0 0 0 0
185 1 0 0 0 0 0 0 0 0
186 1 1 1 0 0 0 0 0 0
2104 1 1 1 0 0 0 0 0 0
2107 1 0 0 0 0 0 0 0 0
2108 1 0 0 0 0 0 0 0 0
2110 1 0 0 1 0 0 0 0 0
2111 1 0 0 1 0 0 0 0 0
2119 1 0 0 0 0 0 0 0 0
2120 1 0 0 1 0 0 0 0 0
fl=./string/../sysdeps/x86_64/multiarch/../multiarch/strlen-sse2.S
fn=strlen
57 35 1 1 0 0 0 0 0 0
101 35 0 0 0 0 0 0 0 0
102 35 0 0 0 0 0 0 0 0
103 35 0 0 0 0 0 0 0 0
104 35 0 0 0 0 0 0 0 0
105 35 0 0 0 0 0 0 0 0
106 35 0 0 0 0 0 0 0 0
107 35 0 0 0 0 0 0 0 0
109 35 0 0 0 0 0 0 0 0
111 35 0 0 0 0 0 0 0 0
142 34 0 0 34 2 2 0 0 0
143 34 0 0 0 0 0 0 0 0
144 34 0 0 0 0 0 0 0 0
145 34 0 0 0 0 0 0 0 0
146 34 0 0 0 0 0 0 0 0
147 17 0 0 0 0 0 0 0 0
149 17 0 0 17 0 0 0 0 0
153 17 1 1 0 0 0 0 0 0
154 17 0 0 17 0 0 0 0 0
155 17 0 0 17 0 0 0 0 0
156 17 0 0 17 2 2 0 0 0
157 17 0 0 0 0 0 0 0 0
158 17 0 0 0 0 0 0 0 0
159 17 0 0 0 0 0 0 0 0
160 17 0 0 0 0 0 0 0 0
161 17 0 0 0 0 0 0 0 0
162 17 0 0 0 0 0 0 0 0
163 17 0 0 0 0 0 0 0 0
164 17 0 0 0 0 0 0 0 0
169 136 1 1 17 0 0 0 0 0
173 1 0 0 0 0 0 0 0 0
174 14 1 1 4 0 0 0 0 0
175 8 0 0 1 0 0 0 0 0
fl=./string/../sysdeps/x86_64/multiarch/ifunc-avx2.h
fn=memrchr
38 4 0 0 0 0 0 0 0 0
40 3 0 0 2 0 0 0 0 0
41 2 0 0 1 0 0 0 0 0
42 3 1 1 1 0 0 0 0 0
45 2 0 0 0 0 0 0 0 0
46 2 0 0 0 0 0 0 0 0
49 3 0 0 0 0 0 0 0 0
52 6 0 0 0 0 0 0 0 0
fn=rindex
38 4 0 0 0 0 0 0 0 0
40 3 0 0 2 0 0 0 0 0
41 2 1 1 1 0 0 0 0 0
42 3 0 0 1 0 0 0 0 0
45 2 0 0 0 0 0 0 0 0
46 2 0 0 0 0 0 0 0 0
49 3 0 0 0 0 0 0 0 0
52 6 1 1 0 0 0 0 0 0
fn=strchrnul
38 4 0 0 0 0 0 0 0 0
40 3 0 0 2 0 0 0 0 0
41 2 1 1 1 0 0 0 0 0
42 3 0 0 1 0 0 0 0 0
45 2 0 0 0 0 0 0 0 0
46 2 0 0 0 0 0 0 0 0
49 3 0 0 0 0 0 0 0 0
52 6 0 0 0 0 0 0 0 0
fn=strlen
38 8 0 0 0 0 0 0 0 0
40 6 0 0 4 2 0 0 0 0
41 4 0 0 2 0 0 0 0 0
42 6 1 1 2 1 0 0 0 0
45 4 0 0 0 0 0 0 0 0
46 4 0 0 0 0 0 0 0 0
49 6 0 0 0 0 0 0 0 0
52 12 0 0 0 0 0 0 0 0
fn=strnlen
38 8 0 0 0 0 0 0 0 0
40 6 0 0 4 1 0 0 0 0
41 4 1 1 2 0 0 0 0 0
42 6 0 0 2 0 0 0 0 0
45 4 0 0 0 0 0 0 0 0
46 4 0 0 0 0 0 0 0 0
49 6 0 0 0 0 0 0 0 0
52 12 1 1 0 0 0 0 0 0
fl=./string/../sysdeps/x86_64/multiarch/ifunc-evex.h
fn=memchr
37 12 0 0 0 0 0 0 0 0
38 9 2 1 6 0 0 0 0 0
39 9 0 0 3 0 0 0 0 0
42 6 0 0 0 0 0 0 0 0
43 6 0 0 0 0 0 0 0 0
45 6 0 0 0 0 0 0 0 0
51 9 0 0 0 0 0 0 0 0
54 12 0 0 0 0 0 0 0 0
fl=./string/../sysdeps/x86_64/multiarch/ifunc-memcmp.h
fn=bcmp
34 10 2 1 4 1 0 0 0 0
35 4 0 0 2 1 0 0 0 0
36 4 0 0 0 0 0 0 0 0
37 6 0 0 2 0 0 0 0 0
40 4 0 0 0 0 0 0 0 0
41 4 0 0 0 0 0 0 0 0
44 6 0 0 0 0 0 0 0 0
47 8 0 0 0 0 0 0 0 0
fl=./string/../sysdeps/x86_64/multiarch/ifunc-memmove.h
fn=memcpy@@GLIBC_2.14
56 6 0 0 0 0 0 0 0 0
57 9 0 0 6 0 0 0 0 0
60 9 2 1 3 0 0 0 0 0
61 6 2 1 0 0 0 0 0 0
74 6 0 0 0 0 0 0 0 0
77 6 0 0 0 0 0 0 0 0
85 6 0 0 0 0 0 0 0 0
93 6 0 0 0 0 0 0 0 0
96 15 2 1 3 0 0 0 0 0
fn=memmove
56 2 0 0 0 0 0 0 0 0
57 3 0 0 2 0 0 0 0 0
60 3 0 0 1 0 0 0 0 0
61 2 1 1 0 0 0 0 0 0
74 2 0 0 0 0 0 0 0 0
77 2 0 0 0 0 0 0 0 0
85 2 0 0 0 0 0 0 0 0
93 2 1 1 0 0 0 0 0 0
96 5 2 2 1 0 0 0 0 0
fn=mempcpy
56 2 0 0 0 0 0 0 0 0
57 3 0 0 2 0 0 0 0 0
60 3 1 1 1 0 0 0 0 0
61 2 1 1 0 0 0 0 0 0
74 2 0 0 0 0 0 0 0 0
77 2 0 0 0 0 0 0 0 0
85 2 0 0 0 0 0 0 0 0
93 2 0 0 0 0 0 0 0 0
96 5 1 1 1 0 0 0 0 0
fl=./string/../sysdeps/x86_64/multiarch/ifunc-memset.h
fn=memset
54 5 0 0 2 0 0 0 0 0
57 3 0 0 1 0 0 0 0 0
58 2 1 1 0 0 0 0 0 0
64 2 1 1 0 0 0 0 0 0
73 2 0 0 0 0 0 0 0 0
75 2 0 0 0 0 0 0 0 0
85 2 0 0 0 0 0 0 0 0
93 2 0 0 0 0 0 0 0 0
96 5 0 0 1 0 0 0 0 0
fl=./string/../sysdeps/x86_64/multiarch/ifunc-sse4_2.h
fn=strcspn
36 5 0 0 2 0 0 0 0 0
fn=strpbrk
36 5 1 1 2 1 0 0 0 0
fn=strspn
36 5 1 1 2 0 0 0 0 0
fl=./string/../sysdeps/x86_64/multiarch/ifunc-strcasecmp.h
fn=strcasecmp
36 4 0 0 0 0 0 0 0 0
37 2 0 0 2 0 0 0 0 0
38 3 1 1 1 0 0 0 0 0
41 2 0 0 0 0 0 0 0 0
42 2 0 0 0 0 0 0 0 0
45 3 0 0 0 0 0 0 0 0
48 5 1 1 0 0 0 0 0 0
fn=strcasecmp_l
36 4 0 0 0 0 0 0 0 0
37 2 1 1 2 0 0 0 0 0
38 3 1 1 1 0 0 0 0 0
41 2 0 0 0 0 0 0 0 0
42 2 0 0 0 0 0 0 0 0
45 3 0 0 0 0 0 0 0 0
48 5 0 0 0 0 0 0 0 0
fn=strncasecmp
36 4 0 0 0 0 0 0 0 0
37 2 0 0 2 0 0 0 0 0
38 3 1 1 1 0 0 0 0 0
41 2 0 0 0 0 0 0 0 0
42 2 0 0 0 0 0 0 0 0
45 3 0 0 0 0 0 0 0 0
48 5 0 0 0 0 0 0 0 0
fn=strncasecmp_l
36 4 0 0 0 0 0 0 0 0
37 2 1 1 2 0 0 0 0 0
38 3 1 1 1 0 0 0 0 0
41 2 0 0 0 0 0 0 0 0
42 2 0 0 0 0 0 0 0 0
45 3 0 0 0 0 0 0 0 0
48 5 0 0 0 0 0 0 0 0
fl=./string/../sysdeps/x86_64/multiarch/ifunc-strcpy.h
fn=stpcpy
38 4 0 0 2 0 0 0 0 0
39 3 0 0 1 0 0 0 0 0
42 2 0 0 0 0 0 0 0 0
43 2 0 0 0 0 0 0 0 0
46 3 0 0 0 0 0 0 0 0
49 3 0 0 0 0 0 0 0 0
fn=strcat
38 4 0 0 2 0 0 0 0 0
39 3 1 1 1 0 0 0 0 0
42 2 0 0 0 0 0 0 0 0
43 2 0 0 0 0 0 0 0 0
46 3 0 0 0 0 0 0 0 0
49 3 0 0 0 0 0 0 0 0
fn=strcpy
38 4 0 0 2 0 0 0 0 0
39 3 1 1 1 0 0 0 0 0
42 2 0 0 0 0 0 0 0 0
43 2 0 0 0 0 0 0 0 0
46 3 0 0 0 0 0 0 0 0
49 3 0 0 0 0 0 0 0 0
fl=./string/../sysdeps/x86_64/multiarch/ifunc-strncpy.h
fn=stpncpy
35 5 1 1 2 0 0 0 0 0
36 3 0 0 1 0 0 0 0 0
39 2 0 0 0 0 0 0 0 0
40 2 0 0 0 0 0 0 0 0
43 3 0 0 0 0 0 0 0 0
46 4 0 0 0 0 0 0 0 0
fn=strncpy
35 5 0 0 2 0 0 0 0 0
36 3 0 0 1 0 0 0 0 0
39 2 0 0 0 0 0 0 0 0
40 2 0 0 0 0 0 0 0 0
43 3 0 0 0 0 0 0 0 0
46 4 0 0 0 0 0 0 0 0
fl=./string/../sysdeps/x86_64/multiarch/memchr-avx2.S
fn=__memchr_avx2
61 5 1 1 0 0 0 0 0 0
68 5 0 0 0 0 0 0 0 0
70 5 0 0 0 0 0 0 0 0
73 5 0 0 0 0 0 0 0 0
74 5 0 0 0 0 0 0 0 0
76 5 0 0 0 0 0 0 0 0
77 5 0 0 0 0 0 0 0 0
78 5 0 0 0 0 0 0 0 0
79 5 0 0 0 0 0 0 0 0
82 5 0 0 5 2 2 0 0 0
83 5 0 0 0 0 0 0 0 0
86 5 0 0 0 0 0 0 0 0
87 5 0 0 0 0 0 0 0 0
89 4 0 0 0 0 0 0 0 0
90 4 0 0 0 0 0 0 0 0
101 1 1 1 0 0 0 0 0 0
106 1 0 0 0 0 0 0 0 0
113 1 0 0 0 0 0 0 0 0
114 1 0 0 0 0 0 0 0 0
115 1 0 0 0 0 0 0 0 0
116 1 0 0 1 0 0 0 0 0
121 1 0 0 0 0 0 0 0 0
122 1 0 0 0 0 0 0 0 0
123 1 0 0 0 0 0 0 0 0
124 2 0 0 1 0 0 0 0 0
133 1 0 0 0 0 0 0 0 0
134 1 0 0 0 0 0 0 0 0
135 1 0 0 0 0 0 0 0 0
136 2 0 0 1 0 0 0 0 0
161 4 1 1 0 0 0 0 0 0
162 4 0 0 0 0 0 0 0 0
163 4 0 0 0 0 0 0 0 0
165 4 0 0 0 0 0 0 0 0
175 4 0 0 4 0 0 0 0 0
176 4 0 0 0 0 0 0 0 0
179 4 0 0 0 0 0 0 0 0
180 4 0 0 0 0 0 0 0 0
182 2 0 0 0 0 0 0 0 0
183 2 0 0 0 0 0 0 0 0
185 1 0 0 1 0 0 0 0 0
186 1 0 0 0 0 0 0 0 0
187 1 0 0 0 0 0 0 0 0
188 1 1 1 0 0 0 0 0 0
257 2 1 1 0 0 0 0 0 0
258 2 0 0 0 0 0 0 0 0
261 1 0 0 0 0 0 0 0 0
262 1 0 0 0 0 0 0 0 0
266 1 0 0 0 0 0 0 0 0
267 1 0 0 0 0 0 0 0 0
270 1 0 0 1 1 1 0 0 0
271 1 0 0 0 0 0 0 0 0
272 1 0 0 0 0 0 0 0 0
273 1 0 0 0 0 0 0 0 0
274 1 0 0 0 0 0 0 0 0
310 1 1 1 0 0 0 0 0 0
312 1 0 0 0 0 0 0 0 0
314 1 0 0 0 0 0 0 0 0
315 1 0 0 0 0 0 0 0 0
316 1 0 0 0 0 0 0 0 0
317 1 0 0 0 0 0 0 0 0
318 2 0 0 1 0 0 0 0 0
321 1 0 0 0 0 0 0 0 0
322 2 0 0 1 0 0 0 0 0
fl=./string/../sysdeps/x86_64/multiarch/memchr.c
fn=memchr
29 6 2 1 3 0 0 0 0 0
fl=./string/../sysdeps/x86_64/multiarch/memcmp-avx2-movbe.S
fn=__memcmp_avx2_movbe
73 50 1 1 0 0 0 0 0 0
80 50 0 0 0 0 0 0 0 0
81 50 0 0 0 0 0 0 0 0
84 1 0 0 1 0 0 0 0 0
85 1 0 0 1 0 0 0 0 0
86 1 0 0 0 0 0 0 0 0
90 1 0 0 0 0 0 0 0 0
91 1 1 1 0 0 0 0 0 0
93 1 0 0 0 0 0 0 0 0
94 1 0 0 0 0 0 0 0 0
97 1 0 0 1 0 0 0 0 0
98 1 0 0 1 0 0 0 0 0
99 1 0 0 0 0 0 0 0 0
102 1 0 0 0 0 0 0 0 0
103 1 0 0 0 0 0 0 0 0
106 1 0 0 0 0 0 0 0 0
107 1 0 0 0 0 0 0 0 0
110 1 0 0 1 0 0 0 0 0
111 1 0 0 1 0 0 0 0 0
112 1 0 0 0 0 0 0 0 0
113 1 0 0 0 0 0 0 0 0
114 1 1 1 0 0 0 0 0 0
115 1 0 0 1 0 0 0 0 0
116 1 0 0 1 0 0 0 0 0
117 1 0 0 0 0 0 0 0 0
118 1 0 0 0 0 0 0 0 0
119 1 0 0 0 0 0 0 0 0
122 1 0 0 0 0 0 0 0 0
123 1 0 0 0 0 0 0 0 0
129 1 0 0 1 0 0 0 0 0
130 1 0 0 1 0 0 0 0 0
131 1 0 0 0 0 0 0 0 0
132 1 0 0 0 0 0 0 0 0
136 1 1 1 1 0 0 0 0 0
137 1 0 0 1 0 0 0 0 0
139 1 0 0 1 0 0 0 0 0
140 1 0 0 1 0 0 0 0 0
141 1 0 0 1 0 0 0 0 0
142 1 0 0 1 0 0 0 0 0
145 1 0 0 0 0 0 0 0 0
146 1 0 0 0 0 0 0 0 0
147 1 0 0 0 0 0 0 0 0
148 1 0 0 0 0 0 0 0 0
149 1 0 0 0 0 0 0 0 0
150 1 0 0 0 0 0 0 0 0
152 2 0 0 1 0 0 0 0 0
156 39 1 1 0 0 0 0 0 0
166 39 0 0 39 0 0 0 0 0
167 39 0 0 39 0 0 0 0 0
168 39 0 0 0 0 0 0 0 0
171 78 0 0 39 0 0 0 0 0
401 49 1 1 0 0 0 0 0 0
402 49 0 0 0 0 0 0 0 0
407 49 0 0 0 0 0 0 0 0
408 49 0 0 0 0 0 0 0 0
409 49 0 0 0 0 0 0 0 0
410 49 0 0 0 0 0 0 0 0
411 49 0 0 0 0 0 0 0 0
414 49 0 0 49 0 0 0 0 0
415 49 0 0 49 0 0 0 0 0
416 49 0 0 0 0 0 0 0 0
417 49 0 0 0 0 0 0 0 0
420 49 0 0 0 0 0 0 0 0
421 49 0 0 0 0 0 0 0 0
422 10 0 0 0 0 0 0 0 0
423 20 0 0 10 0 0 0 0 0
fl=./string/../sysdeps/x86_64/multiarch/memcmp.c
fn=bcmp
29 8 4 2 2 0 0 0 0 0
fl=./string/../sysdeps/x86_64/multiarch/memcmpeq.c
fn=memcpy@@GLIBC_2.14
29 3 2 1 0 0 0 0 0 0
fl=./string/../sysdeps/x86_64/multiarch/memmove-vec-unaligned-erms.S
fn=???
251 68 0 0 0 0 0 0 0 0
fn=__memcpy_avx_unaligned_erms
255 1182556 1 1 0 0 0 0 0 0
256 1182556 0 0 0 0 0 0 0 0
262 1182557 0 0 0 0 0 0 0 0
263 1182557 0 0 0 0 0 0 0 0
265 8 0 0 8 0 0 0 0 0
266 8 0 0 0 0 0 0 0 0
267 8 0 0 0 0 0 0 0 0
270 8 0 0 8 0 0 0 0 0
271 8 0 0 0 0 0 8 0 0
272 8 0 0 0 0 0 8 0 0
275 16 0 0 8 0 0 0 0 0
305 1182549 0 0 0 0 0 0 0 0
306 1182549 0 0 0 0 0 0 0 0
308 1181691 0 0 0 0 0 0 0 0
309 1181691 0 0 0 0 0 0 0 0
311 1181290 0 0 0 0 0 0 0 0
315 1181290 0 0 0 0 0 0 0 0
316 1180498 0 0 0 0 0 0 0 0
317 1180498 0 0 0 0 0 0 0 0
318 1180498 0 0 1180498 0 0 0 0 0
319 1180498 0 0 0 0 0 0 0 0
320 479509 0 0 479509 0 0 0 0 0
321 479509 0 0 0 0 0 479509 34 16
323 1180498 0 0 0 0 0 1180498 54 47
325 1180498 0 0 1180498 0 0 0 0 0
331 792 0 0 792 0 0 0 0 0
332 792 0 0 792 0 0 0 0 0
333 792 0 0 0 0 0 792 0 0
334 792 0 0 0 0 0 792 0 0
335 792 0 0 792 0 0 0 0 0
342 858 1 1 858 1 0 0 0 0
343 858 0 0 858 0 0 0 0 0
344 858 0 0 0 0 0 858 0 0
345 858 0 0 0 0 0 858 0 0
347 858 0 0 858 0 0 0 0 0
364 401 1 1 401 1 1 0 0 0
365 401 0 0 401 0 0 0 0 0
366 401 0 0 0 0 0 401 0 0
367 401 0 0 0 0 0 401 0 0
368 401 0 0 401 0 0 0 0 0
fn=__memcpy_chk_avx_unaligned_erms
249 17 1 1 0 0 0 0 0 0
250 17 0 0 0 0 0 0 0 0
251 17 0 0 0 0 0 0 0 0
fn=__mempcpy_avx_unaligned_erms
242 1 0 0 0 0 0 0 0 0
243 1 0 0 0 0 0 0 0 0
244 1 0 0 0 0 0 0 0 0
245 1 0 0 0 0 0 0 0 0
fn=memcpy
210 50 1 1 0 0 0 0 0 0
211 50 0 0 0 0 0 0 0 0
217 166 0 0 0 0 0 0 0 0
218 166 0 0 0 0 0 0 0 0
220 68 0 0 68 12 2 0 0 0
221 68 0 0 0 0 0 0 0 0
222 68 0 0 0 0 0 0 0 0
224 42 0 0 42 1 0 0 0 0
225 42 0 0 0 0 0 42 27 27
226 42 0 0 0 0 0 42 3 3
228 42 0 0 42 0 0 0 0 0
308 98 2 1 0 0 0 0 0 0
309 98 0 0 0 0 0 0 0 0
311 73 0 0 0 0 0 0 0 0
315 73 0 0 0 0 0 0 0 0
316 73 0 0 0 0 0 0 0 0
317 73 0 0 0 0 0 0 0 0
318 2 0 0 2 2 2 0 0 0
319 2 0 0 0 0 0 0 0 0
323 2 0 0 0 0 0 2 2 2
325 73 0 0 73 0 0 0 0 0
364 25 1 1 25 1 0 0 0 0
365 25 0 0 25 0 0 0 0 0
366 25 0 0 0 0 0 25 7 7
367 25 0 0 0 0 0 25 0 0
368 25 0 0 25 0 0 0 0 0
375 19 0 0 19 0 0 0 0 0
376 19 0 0 19 0 0 0 0 0
377 19 0 0 0 0 0 19 3 3
378 19 0 0 0 0 0 19 3 3
379 19 0 0 0 0 0 19 4 4
380 19 0 0 0 0 0 19 0 0
381 19 0 0 19 0 0 0 0 0
392 26 1 0 0 0 0 0 0 0
393 26 0 0 0 0 0 0 0 0
395 24 0 0 24 2 0 0 0 0
396 24 2 1 0 0 0 0 0 0
397 24 0 0 0 0 0 0 0 0
399 5 0 0 5 1 0 0 0 0
400 5 0 0 5 1 0 0 0 0
401 5 0 0 5 3 0 0 0 0
402 5 0 0 5 0 0 0 0 0
403 5 0 0 5 0 0 0 0 0
404 5 0 0 5 0 0 0 0 0
405 5 0 0 0 0 0 5 2 2
406 5 0 0 0 0 0 5 0 0
407 5 0 0 0 0 0 5 2 2
408 5 0 0 0 0 0 5 1 1
409 5 0 0 0 0 0 5 3 3
410 5 0 0 0 0 0 5 0 0
411 5 0 0 0 0 0 5 0 0
412 5 1 1 0 0 0 5 0 0
413 5 0 0 5 0 0 0 0 0
417 2 0 0 0 0 0 0 0 0
418 2 0 0 0 0 0 0 0 0
422 2 0 0 0 0 0 0 0 0
424 2 0 0 0 0 0 0 0 0
440 2 0 0 0 0 0 0 0 0
443 2 0 0 0 0 0 0 0 0
445 2 0 0 0 0 0 0 0 0
447 2 0 0 0 0 0 0 0 0
451 2 0 0 0 0 0 0 0 0
452 2 0 0 0 0 0 0 0 0
461 2 0 0 2 2 2 0 0 0
462 2 0 0 2 1 1 0 0 0
464 2 0 0 0 0 0 0 0 0
466 2 0 0 0 0 0 0 0 0
467 2 0 0 2 0 0 0 0 0
468 2 1 1 2 1 1 0 0 0
471 2 0 0 0 0 0 0 0 0
473 2 0 0 0 0 0 0 0 0
475 2 0 0 0 0 0 0 0 0
477 2 0 0 0 0 0 0 0 0
483 6 0 0 6 0 0 0 0 0
484 6 0 0 6 2 2 0 0 0
485 6 0 0 6 0 0 0 0 0
486 6 0 0 6 2 2 0 0 0
487 6 0 0 0 0 0 0 0 0
488 6 0 0 0 0 0 6 2 2
489 6 0 0 0 0 0 6 0 0
490 6 0 0 0 0 0 6 0 0
491 6 0 0 0 0 0 6 6 6
492 6 0 0 0 0 0 0 0 0
493 6 0 0 0 0 0 0 0 0
494 6 0 0 0 0 0 0 0 0
496 2 1 1 0 0 0 2 2 2
497 2 0 0 0 0 0 2 0 0
498 2 0 0 0 0 0 2 0 0
499 2 0 0 0 0 0 2 0 0
501 2 0 0 0 0 0 2 0 0
505 2 0 0 2 0 0 0 0 0
fn=mempcpy
197 116 1 0 0 0 0 0 0 0
198 116 0 0 0 0 0 0 0 0
199 116 0 0 0 0 0 0 0 0
200 116 0 0 0 0 0 0 0 0
fl=./string/../sysdeps/x86_64/multiarch/memmove.c
fn=memmove
29 1 1 1 0 0 0 0 0 0
fl=./string/../sysdeps/x86_64/multiarch/mempcpy.c
fn=mempcpy
33 1 0 0 0 0 0 0 0 0
fl=./string/../sysdeps/x86_64/multiarch/memrchr.c
fn=memrchr
29 3 1 1 1 0 0 0 0 0
fl=./string/../sysdeps/x86_64/multiarch/memset-vec-unaligned-erms.S
fn=__memset_avx2_unaligned_erms
158 62 2 1 0 0 0 0 0 0
159 124 0 0 0 0 0 0 0 0
164 62 0 0 0 0 0 0 0 0
165 62 0 0 0 0 0 0 0 0
166 22 0 0 0 0 0 0 0 0
167 22 0 0 0 0 0 0 0 0
168 22 0 0 0 0 0 0 0 0
181 1 0 0 0 0 0 1 0 0
182 1 0 0 0 0 0 1 0 0
184 2 0 0 1 0 0 0 0 0
237 22 2 1 22 2 0 0 0 0
238 22 0 0 0 0 0 0 0 0
244 22 0 0 0 0 0 22 12 12
245 22 0 0 0 0 0 22 10 10
257 22 0 0 0 0 0 0 0 0
260 22 0 0 0 0 0 0 0 0
261 22 0 0 0 0 0 0 0 0
273 21 0 0 0 0 0 21 11 11
274 21 0 0 0 0 0 21 10 10
287 21 0 0 0 0 0 0 0 0
288 21 0 0 0 0 0 0 0 0
290 21 0 0 0 0 0 0 0 0
293 21 0 0 0 0 0 0 0 0
296 21 0 0 0 0 0 0 0 0
299 21 1 1 0 0 0 21 5 5
300 21 0 0 0 0 0 21 11 11
301 21 0 0 0 0 0 21 10 10
302 21 0 0 0 0 0 21 11 11
303 21 0 0 0 0 0 0 0 0
304 21 0 0 0 0 0 0 0 0
305 42 0 0 0 0 0 0 0 0
308 21 0 0 0 0 0 21 0 0
309 21 0 0 0 0 0 21 10 10
310 21 0 0 0 0 0 21 0 0
311 21 0 0 0 0 0 21 0 0
314 42 0 0 21 0 0 0 0 0
337 40 2 1 0 0 0 0 0 0
346 40 0 0 0 0 0 0 0 0
347 40 0 0 0 0 0 0 0 0
352 40 0 0 0 0 0 0 0 0
353 40 0 0 0 0 0 0 0 0
354 40 0 0 0 0 0 0 0 0
355 40 0 0 0 0 0 0 0 0
356 40 0 0 0 0 0 0 0 0
357 40 0 0 0 0 0 0 0 0
358 40 0 0 0 0 0 0 0 0
359 39 0 0 0 0 0 39 0 0
361 40 0 0 40 0 0 0 0 0
fl=./string/../sysdeps/x86_64/multiarch/memset.c
fn=memset
29 1 1 1 0 0 0 0 0 0
fl=./string/../sysdeps/x86_64/multiarch/stpcpy.c
fn=stpcpy
33 3 1 1 1 0 0 0 0 0
fl=./string/../sysdeps/x86_64/multiarch/stpncpy.c
fn=stpncpy
31 3 2 2 1 0 0 0 0 0
fl=./string/../sysdeps/x86_64/multiarch/strcasecmp.c
fn=strcasecmp
31 3 0 0 1 0 0 0 0 0
fl=./string/../sysdeps/x86_64/multiarch/strcasecmp_l.c
fn=strcasecmp_l
31 3 0 0 1 0 0 0 0 0
fl=./string/../sysdeps/x86_64/multiarch/strcat.c
fn=strcat
29 3 1 1 1 0 0 0 0 0
fl=./string/../sysdeps/x86_64/multiarch/strchr-avx2.S
fn=__strchr_avx2
53 2 2 1 0 0 0 0 0 0
55 2 0 0 0 0 0 0 0 0
56 2 0 0 0 0 0 0 0 0
57 2 0 0 0 0 0 0 0 0
58 2 0 0 0 0 0 0 0 0
59 2 0 0 0 0 0 0 0 0
62 2 0 0 0 0 0 0 0 0
63 2 2 1 0 0 0 0 0 0
67 2 0 0 2 1 1 0 0 0
68 2 0 0 0 0 0 0 0 0
69 2 0 0 0 0 0 0 0 0
70 2 0 0 0 0 0 0 0 0
71 2 0 0 0 0 0 0 0 0
72 2 0 0 0 0 0 0 0 0
73 2 0 0 0 0 0 0 0 0
74 2 0 0 0 0 0 0 0 0
77 2 0 0 2 0 0 0 0 0
85 2 0 0 0 0 0 0 0 0
93 2 0 0 0 0 0 0 0 0
94 4 0 0 2 0 0 0 0 0
fn=__strchrnul_avx2
53 788015 1 1 0 0 0 0 0 0
55 788015 0 0 0 0 0 0 0 0
56 788015 0 0 0 0 0 0 0 0
57 788015 0 0 0 0 0 0 0 0
58 788015 0 0 0 0 0 0 0 0
59 788015 0 0 0 0 0 0 0 0
62 788015 0 0 0 0 0 0 0 0
63 788015 1 1 0 0 0 0 0 0
67 788015 0 0 788015 74 4 0 0 0
68 788015 0 0 0 0 0 0 0 0
69 788015 0 0 0 0 0 0 0 0
70 788015 0 0 0 0 0 0 0 0
71 788015 0 0 0 0 0 0 0 0
72 788015 0 0 0 0 0 0 0 0
73 788015 0 0 0 0 0 0 0 0
74 788015 0 0 0 0 0 0 0 0
87 788015 0 0 0 0 0 0 0 0
89 1576030 0 0 788015 0 0 0 0 0
fl=./string/../sysdeps/x86_64/multiarch/strchr.c
fn=index
42 4 0 0 0 0 0 0 0 0
43 2 0 0 2 0 0 0 0 0
44 3 1 1 1 0 0 0 0 0
47 2 0 0 0 0 0 0 0 0
48 2 1 1 0 0 0 0 0 0
51 3 0 0 0 0 0 0 0 0
54 3 0 0 0 0 0 0 0 0
65 3 1 1 1 0 0 0 0 0
fl=./string/../sysdeps/x86_64/multiarch/strchrnul.c
fn=strchrnul
31 3 0 0 1 0 0 0 0 0
fl=./string/../sysdeps/x86_64/multiarch/strcmp-avx2.S
fn=__strncmp_avx2
206 126 1 1 0 0 0 0 0 0
230 126 0 0 0 0 0 0 0 0
235 126 0 0 0 0 0 0 0 0
249 126 0 0 0 0 0 0 0 0
274 126 0 0 0 0 0 0 0 0
275 126 0 0 0 0 0 0 0 0
276 126 0 0 0 0 0 0 0 0
278 126 0 0 0 0 0 0 0 0
279 126 1 1 0 0 0 0 0 0
283 110 0 0 110 33 4 0 0 0
287 110 0 0 110 5 1 0 0 0
289 110 0 0 0 0 0 0 0 0
291 110 0 0 0 0 0 0 0 0
294 110 0 0 0 0 0 0 0 0
296 110 0 0 0 0 0 0 0 0
297 110 0 0 0 0 0 0 0 0
308 110 0 0 0 0 0 0 0 0
318 110 0 0 110 0 0 0 0 0
319 110 0 0 110 0 0 0 0 0
322 110 0 0 0 0 0 0 0 0
326 220 0 0 110 0 0 0 0 0
331 110 0 0 0 0 0 0 0 0
332 110 0 0 0 0 0 0 0 0
333 110 0 0 0 0 0 0 0 0
957 60 1 1 0 0 0 0 0 0
958 60 0 0 0 0 0 0 0 0
959 60 0 0 0 0 0 0 0 0
960 60 0 0 0 0 0 0 0 0
962 60 0 0 0 0 0 0 0 0
965 60 0 0 0 0 0 0 0 0
966 60 0 0 0 0 0 0 0 0
970 37 1 1 0 0 0 0 0 0
971 37 0 0 0 0 0 0 0 0
980 6 0 0 0 0 0 0 0 0
984 6 0 0 0 0 0 0 0 0
985 6 0 0 0 0 0 0 0 0
993 15 0 0 15 1 0 0 0 0
994 15 0 0 15 0 0 0 0 0
995 15 0 0 0 0 0 0 0 0
996 15 0 0 0 0 0 0 0 0
997 15 0 0 0 0 0 0 0 0
998 15 0 0 0 0 0 0 0 0
1000 15 0 0 0 0 0 0 0 0
1047 16 1 1 16 0 0 0 0 0
1048 16 0 0 16 0 0 0 0 0
1051 16 0 0 0 0 0 0 0 0
1052 16 0 0 0 0 0 0 0 0
1053 16 0 0 0 0 0 0 0 0
1056 32 0 0 16 0 0 0 0 0
1063 16 1 1 0 0 0 0 0 0
1064 16 0 0 0 0 0 0 0 0
1065 16 0 0 0 0 0 0 0 0
1066 16 0 0 0 0 0 0 0 0
1076 23 0 0 0 0 0 0 0 0
1077 23 0 0 0 0 0 0 0 0
1080 10 0 0 0 0 0 0 0 0
1081 10 0 0 0 0 0 0 0 0
1082 10 0 0 0 0 0 0 0 0
1083 10 0 0 0 0 0 0 0 0
1089 10 0 0 0 0 0 0 0 0
1091 10 0 0 0 0 0 0 0 0
1094 10 0 0 0 0 0 0 0 0
1095 10 0 0 0 0 0 0 0 0
1100 1 1 1 0 0 0 0 0 0
1101 1 0 0 0 0 0 0 0 0
1154 1 1 1 0 0 0 0 0 0
1155 1 0 0 0 0 0 0 0 0
1230 1 1 1 0 0 0 0 0 0
1231 1 0 0 0 0 0 0 0 0
1233 1 0 0 1 0 0 0 0 0
1234 1 1 1 1 0 0 0 0 0
1235 1 0 0 0 0 0 0 0 0
1236 1 0 0 0 0 0 0 0 0
1237 1 0 0 0 0 0 0 0 0
1238 1 0 0 0 0 0 0 0 0
1239 1 0 0 0 0 0 0 0 0
1240 1 0 0 0 0 0 0 0 0
fl=./string/../sysdeps/x86_64/multiarch/strcmp.c
fn=strcmp
47 8 1 1 0 0 0 0 0 0
48 4 0 0 4 0 0 0 0 0
49 6 0 0 2 0 0 0 0 0
52 4 0 0 0 0 0 0 0 0
53 4 0 0 0 0 0 0 0 0
56 6 0 0 0 0 0 0 0 0
59 6 0 0 0 0 0 0 0 0
79 6 2 2 2 0 0 0 0 0
fl=./string/../sysdeps/x86_64/multiarch/strcpy.c
fn=strcpy
29 3 1 1 1 0 0 0 0 0
fl=./string/../sysdeps/x86_64/multiarch/strcspn.c
fn=strcspn
29 2 1 1 1 0 0 0 0 0
fl=./string/../sysdeps/x86_64/multiarch/strlen-avx2.S
fn=__strlen_avx2
52 497 2 1 0 0 0 0 0 0
65 497 0 0 0 0 0 0 0 0
66 497 0 0 0 0 0 0 0 0
67 497 0 0 0 0 0 0 0 0
70 497 0 0 0 0 0 0 0 0
72 497 0 0 0 0 0 0 0 0
73 497 0 0 0 0 0 0 0 0
76 497 0 0 497 13 12 0 0 0
77 497 0 0 0 0 0 0 0 0
85 497 0 0 0 0 0 0 0 0
86 497 0 0 0 0 0 0 0 0
87 497 0 0 0 0 0 0 0 0
92 994 0 0 497 0 0 0 0 0
fl=./string/../sysdeps/x86_64/multiarch/strlen.c
fn=strlen
29 6 1 1 2 0 0 0 0 0
fl=./string/../sysdeps/x86_64/multiarch/strncase.c
fn=strncasecmp
31 3 1 1 1 0 0 0 0 0
fl=./string/../sysdeps/x86_64/multiarch/strncase_l.c
fn=strncasecmp_l
31 3 1 1 1 0 0 0 0 0
fl=./string/../sysdeps/x86_64/multiarch/strncmp.c
fn=strncmp
43 8 0 0 0 0 0 0 0 0
44 4 1 1 4 1 0 0 0 0
45 6 1 1 2 0 0 0 0 0
48 4 0 0 0 0 0 0 0 0
49 4 0 0 0 0 0 0 0 0
52 6 0 0 0 0 0 0 0 0
55 10 0 0 0 0 0 0 0 0
67 6 1 1 2 0 0 0 0 0
fl=./string/../sysdeps/x86_64/multiarch/strncpy.c
fn=strncpy
29 3 2 2 1 0 0 0 0 0
fl=./string/../sysdeps/x86_64/multiarch/strnlen.c
fn=strnlen
31 6 1 1 2 0 0 0 0 0
fl=./string/../sysdeps/x86_64/multiarch/strpbrk.c
fn=strpbrk
29 2 0 0 1 0 0 0 0 0
fl=./string/../sysdeps/x86_64/multiarch/strrchr-avx2.S
fn=__strrchr_avx2
53 1 1 1 0 0 0 0 0 0
54 1 0 0 0 0 0 0 0 0
55 1 0 0 0 0 0 0 0 0
57 1 0 0 0 0 0 0 0 0
58 1 1 1 0 0 0 0 0 0
62 1 0 0 0 0 0 0 0 0
63 1 0 0 0 0 0 0 0 0
64 1 0 0 0 0 0 0 0 0
67 1 0 0 1 1 0 0 0 0
69 1 0 0 0 0 0 0 0 0
70 1 0 0 0 0 0 0 0 0
71 1 0 0 0 0 0 0 0 0
72 1 0 0 0 0 0 0 0 0
75 1 0 0 0 0 0 0 0 0
76 1 0 0 0 0 0 0 0 0
78 1 0 0 0 0 0 0 0 0
79 1 0 0 0 0 0 0 0 0
80 1 0 0 0 0 0 0 0 0
81 1 0 0 0 0 0 0 0 0
82 1 0 0 0 0 0 0 0 0
91 2 0 0 1 0 0 0 0 0
fl=./string/../sysdeps/x86_64/multiarch/strrchr.c
fn=rindex
28 3 0 0 1 0 0 0 0 0
fl=./string/../sysdeps/x86_64/multiarch/strspn.c
fn=strspn
29 2 1 1 1 0 0 0 0 0
fl=./string/./string/strdup.c
fn=strdup
40 42 1 1 0 0 0 21 0 0
41 14 0 0 0 0 0 7 0 0
44 14 1 1 0 0 0 0 0 0
47 28 0 0 0 0 0 0 0 0
48 21 0 0 21 0 0 0 0 0
fl=./wcsmbs/../sysdeps/x86_64/multiarch/ifunc-avx2.h
fn=wcschr
38 8 1 1 0 0 0 0 0 0
40 6 0 0 4 0 0 0 0 0
41 4 0 0 2 0 0 0 0 0
42 6 0 0 2 0 0 0 0 0
45 4 0 0 0 0 0 0 0 0
46 4 0 0 0 0 0 0 0 0
49 6 0 0 0 0 0 0 0 0
52 12 1 1 0 0 0 0 0 0
fn=wcscmp
38 4 0 0 0 0 0 0 0 0
40 3 0 0 2 0 0 0 0 0
41 2 1 1 1 0 0 0 0 0
42 3 0 0 1 0 0 0 0 0
45 2 0 0 0 0 0 0 0 0
46 2 0 0 0 0 0 0 0 0
49 3 0 0 0 0 0 0 0 0
52 6 1 1 0 0 0 0 0 0
fl=./wcsmbs/../sysdeps/x86_64/multiarch/ifunc-evex.h
fn=wmemchr
37 8 0 0 0 0 0 0 0 0
38 6 1 1 4 0 0 0 0 0
39 6 0 0 2 0 0 0 0 0
42 4 0 0 0 0 0 0 0 0
43 4 1 1 0 0 0 0 0 0
45 4 0 0 0 0 0 0 0 0
51 6 0 0 0 0 0 0 0 0
54 8 0 0 0 0 0 0 0 0
fl=./wcsmbs/../sysdeps/x86_64/multiarch/ifunc-memcmp.h
fn=wmemcmp
34 5 1 1 2 0 0 0 0 0
35 2 0 0 1 0 0 0 0 0
36 2 0 0 0 0 0 0 0 0
37 3 0 0 1 0 0 0 0 0
40 2 0 0 0 0 0 0 0 0
41 2 0 0 0 0 0 0 0 0
44 3 0 0 0 0 0 0 0 0
47 4 0 0 0 0 0 0 0 0
fl=./wcsmbs/../sysdeps/x86_64/multiarch/ifunc-wcs.h
fn=wcpncpy
39 4 1 1 0 0 0 0 0 0
40 3 0 0 2 0 0 0 0 0
41 3 0 0 1 0 0 0 0 0
44 2 0 0 0 0 0 0 0 0
45 3 0 0 0 0 0 0 0 0
48 4 0 0 0 0 0 0 0 0
fn=wcscat
39 4 0 0 0 0 0 0 0 0
40 3 0 0 2 0 0 0 0 0
41 3 0 0 1 0 0 0 0 0
44 2 0 0 0 0 0 0 0 0
45 3 0 0 0 0 0 0 0 0
48 4 0 0 0 0 0 0 0 0
fn=wcsncpy
39 4 0 0 0 0 0 0 0 0
40 3 0 0 2 0 0 0 0 0
41 3 0 0 1 0 0 0 0 0
44 2 0 0 0 0 0 0 0 0
45 3 0 0 0 0 0 0 0 0
48 4 0 0 0 0 0 0 0 0
fl=./wcsmbs/../sysdeps/x86_64/multiarch/ifunc-wcslen.h
fn=wcslen
40 4 0 0 0 0 0 0 0 0
41 2 0 0 2 0 0 0 0 0
42 3 1 1 1 0 0 0 0 0
45 2 0 0 0 0 0 0 0 0
46 2 0 0 0 0 0 0 0 0
49 3 0 0 0 0 0 0 0 0
52 3 0 0 0 0 0 0 0 0
fn=wcsnlen
40 4 0 0 0 0 0 0 0 0
41 2 1 1 2 0 0 0 0 0
42 3 0 0 1 0 0 0 0 0
45 2 1 1 0 0 0 0 0 0
46 2 0 0 0 0 0 0 0 0
49 3 0 0 0 0 0 0 0 0
52 3 0 0 0 0 0 0 0 0
fl=./wcsmbs/../sysdeps/x86_64/multiarch/ifunc-wmemset.h
fn=wmemset
36 10 0 0 4 0 0 0 0 0
37 6 1 1 2 0 0 0 0 0
fl=./wcsmbs/../sysdeps/x86_64/multiarch/wcpcpy.c
fn=wcpncpy
31 1 1 1 0 0 0 0 0 0
fl=./wcsmbs/../sysdeps/x86_64/multiarch/wcpncpy.c
fn=wcpncpy
31 1 0 0 1 0 0 0 0 0
fl=./wcsmbs/../sysdeps/x86_64/multiarch/wcscat.c
fn=wcscat
31 2 1 1 1 0 0 0 0 0
fn=wcschr
31 2 1 1 0 0 0 0 0 0
fl=./wcsmbs/../sysdeps/x86_64/multiarch/wcschr.c
fn=wcschr
31 4 0 0 2 0 0 0 0 0
fl=./wcsmbs/../sysdeps/x86_64/multiarch/wcscmp.c
fn=wcscmp
30 3 1 1 1 0 0 0 0 0
fl=./wcsmbs/../sysdeps/x86_64/multiarch/wcscpy.c
fn=wcscpy
42 4 0 0 0 0 0 0 0 0
43 2 1 1 2 0 0 0 0 0
44 3 0 0 1 0 0 0 0 0
46 2 1 1 0 0 0 0 0 0
47 3 0 0 0 0 0 0 0 0
50 3 0 0 0 0 0 0 0 0
60 2 1 1 1 0 0 0 0 0
fl=./wcsmbs/../sysdeps/x86_64/multiarch/wcslen.c
fn=wcslen
29 3 2 2 1 0 0 0 0 0
fl=./wcsmbs/../sysdeps/x86_64/multiarch/wcsncpy.c
fn=wcsncpy
31 2 1 1 1 0 0 0 0 0
fl=./wcsmbs/../sysdeps/x86_64/multiarch/wcsnlen.c
fn=wcsnlen
30 3 1 1 1 0 0 0 0 0
fl=./wcsmbs/../sysdeps/x86_64/multiarch/wmemchr.c
fn=wmemchr
31 4 1 1 2 0 0 0 0 0
fl=./wcsmbs/../sysdeps/x86_64/multiarch/wmemcmp.c
fn=wmemcmp
29 4 1 1 1 0 0 0 0 0
fl=./wcsmbs/../sysdeps/x86_64/multiarch/wmemset.c
fn=wmemset
31 4 1 1 2 0 0 0 0 0
fl=./wcsmbs/./wcsmbs/btowc.c
fn=btowc
32 2560 1 1 256 0 0 1280 0 0
37 1792 1 1 0 0 0 0 0 0
42 512 0 0 0 0 0 0 0 0
46 384 0 0 384 1 0 0 0 0
47 256 1 1 256 2 0 0 0 0
48 256 0 0 128 1 0 0 0 0
52 512 0 0 128 0 0 0 0 0
55 1152 0 0 384 0 0 128 0 0
94 1792 1 1 1408 0 0 0 0 0
fl=./wcsmbs/./wcsmbs/wctob.c
fn=wctob
30 1280 1 1 128 0 0 640 0 0
39 384 0 0 0 0 0 0 0 0
44 256 0 0 0 0 0 0 0 0
45 128 0 0 0 0 0 0 0 0
79 1152 1 1 896 0 0 0 0 0
fl=./wcsmbs/./wcsmbsload.h
fn=btowc
69 128 0 0 128 1 0 0 0 0
70 384 0 0 128 1 0 0 0 0
fl=./wctype/./wctype/wctype_l.c
fn=wctype_l
26 110 1 1 0 0 0 60 0 0
29 20 1 1 0 0 0 10 0 0
32 30 0 0 20 1 0 10 0 0
33 68 0 0 0 0 0 0 0 0
35 174 0 0 0 0 0 58 0 0
37 410 1 1 0 0 0 49 0 0
40 48 0 0 0 0 0 0 0 0
41 96 0 0 48 0 0 0 0 0
45 20 0 0 20 1 0 0 0 0
46 10 0 0 10 2 0 0 0 0
47 80 0 0 70 0 0 0 0 0
fl=/build/gcc-13-fG75Ri/gcc-13-13.3.0/build/x86_64-linux-gnu/libgcc/../../../src/libgcc/config/i386/crtfastmath.c
fn=set_fast_math
84 3 0 0 0 0 0 1 0 0
94 1 0 0 0 0 0 1 0 0
96 2 0 0 2 0 0 0 0 0
98 2 0 0 2 0 0 0 0 0
fl=???
fn=(below main)
0 12 2 2 2 1 0 3 0 0
fn=???
0 138805462 542 504 25820411 513 12 3946 220 110
fn=Eigen::MatrixBase<Eigen::CwiseBinaryOp<Eigen::internal::scalar_difference_op<double, double>, Eigen::Matrix<double, 3, 1, 0, 3, 1> const, Eigen::Matrix<double, 3, 1, 0, 3, 1> const> >::normalized() const
0 27 3 3 9 0 0 4 0 0
fn=Eigen::MatrixBase<Eigen::Matrix<double, 3, 1, 0, 3, 1> >::normalized() const
0 38 1 1 6 0 0 4 0 0
fn=GOMP_loop_dynamic_next
0 768 1 1 0 0 0 0 0 0
fn=GOMP_loop_dynamic_start
0 681 5 5 161 0 0 182 21 21
fn=GOMP_loop_end_nowait
0 44 1 1 0 0 0 0 0 0
fn=GOMP_parallel
0 39 3 3 8 3 0 9 0 0
fn=Sphere::intersect(Ray const&, Eigen::Matrix<double, 3, 1, 0, 3, 1>&) const
0 233338977 5 5 60045776 3 0 3192842 320 31
fn=Sphere::~Sphere()
0 6 0 0 3 0 0 0 0 0
fn=__cpu_indicator_init
0 367 40 40 48 2 1 14 0 0
fn=__cxa_get_globals
0 80 2 1 20 0 0 20 0 0
fn=__gnu_cxx::stdio_sync_filebuf<char, std::char_traits<char> >::sync()
0 63 2 1 21 4 0 0 0 0
fn=__gnu_cxx::stdio_sync_filebuf<char, std::char_traits<char> >::xsputn(char const*, long)
0 60 1 1 10 2 0 0 0 0
fn=__gnu_cxx::stdio_sync_filebuf<wchar_t, std::char_traits<wchar_t> >::sync()
0 15 1 1 5 2 0 0 0 0
fn=loadOBJ(std::__cxx11::basic_string<char, std::char_traits<char>, std::allocator<char> > const&, intersectable_list&)
0 122 13 13 30 4 0 44 1 0
fn=loadSpheres(std::__cxx11::basic_string<char, std::char_traits<char>, std::allocator<char> > const&, intersectable_list&)
0 1234 51 51 310 6 1 397 8 3
fn=main
0 8061155 25 25 3538995 73737 3 1179719 6 0
fn=main._omp_fn.0
0 291905928 56 55 106325173 74229 73729 44103752 314 126
fn=operator delete(void*)
0 86 0 0 0 0 0 0 0 0
fn=operator delete(void*, unsigned long)
0 24 2 1 0 0 0 0 0 0
fn=operator delete[](void*)
0 2 1 1 0 0 0 0 0 0
fn=operator new(unsigned long)
0 688 2 2 129 0 0 129 0 0
fn=operator new[](unsigned long)
0 2 1 1 0 0 0 0 0 0
fn=radiance(Ray const&, int, unsigned short*, intersectable_list&)
0 284109241 47 47 88314995 0 0 48250610 1676 296
fn=std::_Sp_counted_ptr_inplace<Sphere, std::allocator<void>, (__gnu_cxx::_Lock_policy)2>::_M_destroy()
0 9 1 1 0 0 0 0 0 0
fn=std::_Sp_counted_ptr_inplace<Sphere, std::allocator<void>, (__gnu_cxx::_Lock_policy)2>::_M_dispose()
0 18 2 2 6 2 0 0 0 0
fn=std::__basic_file<char>::__basic_file(pthread_mutex_t*)
0 8 1 1 2 0 0 4 0 0
fn=std::__basic_file<char>::close()
0 46 1 1 11 0 0 11 0 0
fn=std::__basic_file<char>::fd()
0 6 0 0 2 1 0 0 0 0
fn=std::__basic_file<char>::is_open() const
0 44 0 0 22 0 0 0 0 0
fn=std::__basic_file<char>::open(char const*, std::_Ios_Openmode, int)
0 63 3 3 10 0 0 17 0 0
fn=std::__basic_file<char>::xsgetn(char*, long)
0 54 1 1 12 0 0 14 0 0
fn=std::__basic_file<char>::~__basic_file()
0 12 1 1 4 0 0 4 0 0
fn=std::__cxx11::basic_string<char, std::char_traits<char>, std::allocator<char> >::_M_append(char const*, unsigned long)
0 220 3 3 52 0 0 42 0 0
fn=std::__cxx11::basic_string<char, std::char_traits<char>, std::allocator<char> >::_M_create(unsigned long&, unsigned long)
0 12 2 2 1 0 0 0 0 0
fn=std::__cxx11::basic_string<char, std::char_traits<char>, std::allocator<char> >::_M_dispose()
0 15 2 2 4 0 0 0 0 0
fn=std::__cxx11::basic_string<char, std::char_traits<char>, std::allocator<char> >::_M_mutate(unsigned long, unsigned long, char const*, unsigned long)
0 67 6 6 18 0 0 15 0 0
fn=std::__cxx11::basic_string<char, std::char_traits<char>, std::allocator<char> >::basic_string<std::allocator<char> >(char const*, std::allocator<char> const&)
0 66 3 3 12 0 0 21 0 0
fn=std::__cxx11::basic_stringbuf<char, std::char_traits<char>, std::allocator<char> >::_M_sync(char*, unsigned long, unsigned long)
0 128 3 3 32 0 0 24 0 0
fn=std::__cxx11::basic_stringbuf<char, std::char_traits<char>, std::allocator<char> >::underflow()
0 36 2 2 15 0 0 0 0 0
fn=std::__cxx11::messages<char>::messages(unsigned long)
0 21 2 2 5 1 0 9 0 0
fn=std::__cxx11::messages<wchar_t>::messages(unsigned long)
0 21 1 1 5 1 0 9 1 1
fn=std::__cxx11::moneypunct<char, false>::_M_initialize_moneypunct(__locale_struct*, char const*)
0 114 6 6 38 2 1 31 0 0
fn=std::__cxx11::moneypunct<char, true>::_M_initialize_moneypunct(__locale_struct*, char const*)
0 115 5 5 38 0 0 31 0 0
fn=std::__cxx11::moneypunct<wchar_t, false>::_M_initialize_moneypunct(__locale_struct*, char const*)
0 109 5 5 30 0 0 31 0 0
fn=std::__cxx11::moneypunct<wchar_t, true>::_M_initialize_moneypunct(__locale_struct*, char const*)
0 109 6 6 30 0 0 31 0 0
fn=std::__cxx11::numpunct<char>::_M_initialize_numpunct(__locale_struct*)
0 417 5 5 138 5 3 76 0 0
fn=std::__cxx11::numpunct<wchar_t>::_M_initialize_numpunct(__locale_struct*)
0 353 5 5 75 1 1 75 3 3
fn=std::__timepunct<char>::_M_initialize_timepunct(__locale_struct*)
0 132 13 13 27 3 0 30 0 0
fn=std::__timepunct<char>::__timepunct(std::__timepunct_cache<char>*, unsigned long)
0 24 2 2 5 0 0 10 0 0
fn=std::__timepunct<wchar_t>::_M_initialize_timepunct(__locale_struct*)
0 129 13 13 26 2 0 29 0 0
fn=std::__timepunct<wchar_t>::__timepunct(std::__timepunct_cache<wchar_t>*, unsigned long)
0 24 2 2 5 1 0 10 1 1
fn=std::basic_filebuf<char, std::char_traits<char> >::_M_allocate_internal_buffer()
0 18 2 2 6 0 0 5 0 0
fn=std::basic_filebuf<char, std::char_traits<char> >::_M_destroy_internal_buffer()
0 24 2 2 6 0 0 8 0 0
fn=std::basic_filebuf<char, std::char_traits<char> >::_M_terminate_output()
0 30 3 3 13 0 0 7 0 0
fn=std::basic_filebuf<char, std::char_traits<char> >::basic_filebuf()
0 100 5 5 18 0 0 58 0 0
fn=std::basic_filebuf<char, std::char_traits<char> >::close()
0 79 5 5 18 0 0 25 0 0
fn=std::basic_filebuf<char, std::char_traits<char> >::open(char const*, std::_Ios_Openmode)
0 80 5 5 14 0 0 25 0 0
fn=std::basic_filebuf<char, std::char_traits<char> >::underflow()
0 133 8 8 44 4 1 28 0 0
fn=std::basic_ios<char, std::char_traits<char> >::_M_cache_locale(std::locale const&)
0 512 3 3 256 4 0 144 0 0
fn=std::basic_ios<char, std::char_traits<char> >::clear(std::_Ios_Iostate)
0 56 2 2 24 0 0 8 0 0
fn=std::basic_ios<char, std::char_traits<char> >::init(std::basic_streambuf<char, std::char_traits<char> >*)
0 384 2 2 64 0 0 160 0 0
fn=std::basic_ios<wchar_t, std::char_traits<wchar_t> >::_M_cache_locale(std::locale const&)
0 128 2 2 64 0 0 36 0 0
fn=std::basic_ios<wchar_t, std::char_traits<wchar_t> >::init(std::basic_streambuf<wchar_t, std::char_traits<wchar_t> >*)
0 96 2 2 16 0 0 44 0 0
fn=std::basic_istream<char, std::char_traits<char> >& std::getline<char, std::char_traits<char>, std::allocator<char> >(std::basic_istream<char, std::char_traits<char> >&, std::__cxx11::basic_string<char, std::char_traits<char>, std::allocator<char> >&, char)
0 528 11 11 174 1 0 115 0 0
fn=std::basic_istream<char, std::char_traits<char> >& std::operator>><char, std::char_traits<char>, std::allocator<char> >(std::basic_istream<char, std::char_traits<char> >&, std::__cxx11::basic_string<char, std::char_traits<char>, std::allocator<char> >&)
0 426 10 10 138 2 0 60 0 0
fn=std::basic_ostream<char, std::char_traits<char> >& std::__ostream_insert<char, std::char_traits<char> >(std::basic_ostream<char, std::char_traits<char> >&, char const*, long)
0 526 7 6 213 3 0 118 0 0
fn=std::basic_ostream<wchar_t, std::char_traits<wchar_t> >::flush()
0 174 4 4 83 10 0 26 0 0
fn=std::basic_ostream<wchar_t, std::char_traits<wchar_t> >::sentry::sentry(std::basic_ostream<wchar_t, std::char_traits<wchar_t> >&)
0 97 2 2 35 1 0 25 0 0
fn=std::codecvt<char, char, __mbstate_t>::codecvt(unsigned long)
0 19 2 2 5 1 0 7 1 1
fn=std::codecvt<char, char, __mbstate_t>::do_always_noconv() const
0 6 1 1 2 0 0 0 0 0
fn=std::codecvt<wchar_t, char, __mbstate_t>::codecvt(unsigned long)
0 19 2 2 5 0 0 7 2 2
fn=std::ctype<char>::_M_widen_init() const
0 754 11 11 60 4 0 41 4 0
fn=std::ctype<char>::ctype(unsigned short const*, bool, unsigned long)
0 121 5 5 9 2 0 80 9 9
fn=std::ctype<wchar_t>::_M_convert_to_wmask(unsigned short) const
0 146 6 6 12 0 0 0 0 0
fn=std::ctype<wchar_t>::_M_initialize_ctype()
0 2736 5 5 6 0 0 811 20 20
fn=std::ctype<wchar_t>::ctype(unsigned long)
0 21 2 2 4 0 0 8 1 1
fn=std::error_category::error_category()
0 10 1 1 4 0 0 2 0 0
fn=std::error_category::~error_category()
0 4 0 0 2 0 0 0 0 0
fn=std::future_category()
0 3 1 1 1 0 0 0 0 0
fn=std::ios_base::Init::Init()
0 272 29 29 51 14 1 146 16 2
fn=std::ios_base::Init::~Init()
0 25 3 3 12 9 0 7 0 0
fn=std::ios_base::_M_call_callbacks(std::ios_base::event)
0 96 2 2 36 0 0 24 0 0
fn=std::ios_base::_M_dispose_callbacks()
0 108 1 1 36 0 0 30 0 0
fn=std::ios_base::_M_init()
0 560 3 3 160 1 1 180 1 0
fn=std::ios_base::ios_base()
0 840 3 3 14 0 0 336 35 17
fn=std::ios_base::~ios_base()
0 126 3 3 24 0 0 30 0 0
fn=std::istream& std::istream::_M_extract<double>(double&)
0 1560 4 4 510 2 0 270 0 0
fn=std::istream::ignore(long)
0 216 7 7 60 0 0 33 0 0
fn=std::istream::sentry::sentry(std::istream&, bool)
0 2295 5 5 931 3 1 323 0 0
fn=std::locale::_Impl::_Impl(unsigned long)
0 673 56 56 89 40 1 385 50 49
fn=std::locale::_Impl::_M_install_facet(std::locale::id const*, std::locale::facet const*)
0 12192 6 6 3584 1 0 288 0 0
fn=std::locale::facet::_S_create_c_locale(__locale_struct*&, char const*, __locale_struct*)
0 14 1 1 3 0 0 4 0 0
fn=std::locale::facet::_S_get_c_locale()
0 660 1 1 176 0 0 132 0 0
fn=std::locale::facet::_S_get_c_name()
0 21 1 1 7 0 0 0 0 0
fn=std::locale::id::_M_id() const
0 1386 2 2 462 9 7 96 0 0
fn=std::locale::locale()
0 1012 3 3 322 0 0 322 3 1
fn=std::locale::locale(std::locale const&)
0 21 1 1 9 0 0 3 0 0
fn=std::locale::locale(std::locale::_Impl*)
0 3 1 1 1 0 0 1 1 0
fn=std::locale::operator=(std::locale const&)
0 460 2 2 160 0 0 80 0 0
fn=std::locale::~locale()
0 420 2 2 175 0 0 70 0 0
fn=std::messages<char>::messages(unsigned long)
0 21 2 2 5 0 0 9 1 1
fn=std::messages<wchar_t>::messages(unsigned long)
0 21 2 2 5 0 0 9 0 0
fn=std::moneypunct<char, false>::_M_initialize_moneypunct(__locale_struct*, char const*)
0 114 4 4 38 0 0 31 1 0
fn=std::moneypunct<char, true>::_M_initialize_moneypunct(__locale_struct*, char const*)
0 115 6 6 38 0 0 31 1 0
fn=std::moneypunct<wchar_t, false>::_M_initialize_moneypunct(__locale_struct*, char const*)
0 109 5 5 30 0 0 31 0 0
fn=std::moneypunct<wchar_t, true>::_M_initialize_moneypunct(__locale_struct*, char const*)
0 109 6 6 30 0 0 31 0 0
fn=std::num_get<char, std::istreambuf_iterator<char, std::char_traits<char> > >::_M_extract_float(std::istreambuf_iterator<char, std::char_traits<char> >, std::istreambuf_iterator<char, std::char_traits<char> >, std::ios_base&, std::_Ios_Iostate&, std::string&) const
0 7656 28 28 2201 3 0 1460 0 0
fn=std::num_get<char, std::istreambuf_iterator<char, std::char_traits<char> > >::do_get(std::istreambuf_iterator<char, std::char_traits<char> >, std::istreambuf_iterator<char, std::char_traits<char> >, std::ios_base&, std::_Ios_Iostate&, double&) const
0 3210 8 8 1020 1 0 780 0 0
fn=std::num_put<char, std::ostreambuf_iterator<char, std::char_traits<char> > >::do_put(std::ostreambuf_iterator<char, std::char_traits<char> >, std::ios_base&, char, long) const
0 6 1 1 0 0 0 0 0 0
fn=std::numpunct<char>::_M_initialize_numpunct(__locale_struct*)
0 417 5 5 138 0 0 76 0 0
fn=std::numpunct<wchar_t>::_M_initialize_numpunct(__locale_struct*)
0 353 5 5 75 0 0 75 0 0
fn=std::ostream& std::ostream::_M_insert<long>(long)
0 154 7 7 59 3 0 26 0 0
fn=std::ostream::flush()
0 502 4 3 243 18 0 74 0 0
fn=std::ostream::operator<<(int)
0 22 1 1 6 0 0 0 0 0
fn=std::ostream::sentry::sentry(std::ostream&)
0 565 6 3 203 3 0 141 0 0
fn=std::ostreambuf_iterator<char, std::char_traits<char> > std::num_put<char, std::ostreambuf_iterator<char, std::char_traits<char> > >::_M_insert_int<long>(std::ostreambuf_iterator<char, std::char_traits<char> >, std::ios_base&, char, long) const
0 184 7 7 38 0 0 36 0 0
fn=std::string::_Rep::_M_clone(std::allocator<char> const&, unsigned long)
0 780 2 2 240 0 0 210 0 0
fn=std::string::_Rep::_M_destroy(std::allocator<char> const&)
0 60 1 1 0 0 0 0 0 0
fn=std::string::_Rep::_S_create(unsigned long, unsigned long, std::allocator<char> const&)
0 780 3 3 90 0 0 150 0 0
fn=std::string::push_back(char)
0 1440 4 4 560 0 0 360 0 0
fn=std::string::reserve(unsigned long)
0 960 3 3 360 1 1 180 0 0
fn=std::uncaught_exception()
0 90 2 1 30 3 0 20 0 0
fn=std::vector<std::shared_ptr<intersectable>, std::allocator<std::shared_ptr<intersectable> > >::~vector()
0 79 5 4 27 5 0 14 0 0
fn=stringToRefl(std::__cxx11::basic_string<char, std::char_traits<char>, std::allocator<char> > const&)
0 57 2 2 22 0 0 6 0 0
fn=void std::__convert_to_v<double>(char const*, double&, std::_Ios_Iostate&, __locale_struct* const&)
0 1080 3 3 390 1 0 210 0 0
summary: 1705054469 3530 3287 469393405 166865 81997 190479233 7331 3488
